event_id,target_date,window_id,rolling_step,radius_km,candidate_count,eligible_candidate_count,selected_alert_count,previous_active_alert_count,new_alert_count,continued_alert_count,removed_alert_count,active_alert_count,removed_burned_count,removed_no_longer_candidate_count,removed_below_threshold_count
fire_23654679,2020-01-08,fire_23654679_2020-01-08_2020-01-10,0,2.0,452,108,0,0,0,0,0,0,0,0,0
fire_23654679,2020-01-09,fire_23654679_2020-01-08_2020-01-10,1,3.0,830,520,0,0,0,0,0,0,0,0,0
fire_23654679,2020-01-10,fire_23654679_2020-01-08_2020-01-10,2,4.0,473,407,0,0,0,0,0,0,0,0,0
fire_23654679,2020-01-09,fire_23654679_2020-01-09_2020-01-14,0,2.0,830,280,0,0,0,0,0,0,0,0,0
fire_23654679,2020-01-10,fire_23654679_2020-01-09_2020-01-14,1,3.0,473,275,0,0,0,0,0,0,0,0,0
fire_23654679,2020-01-14,fire_23654679_2020-01-09_2020-01-14,2,4.0,535,469,0,0,0,0,0,0,0,0,0
fire_23756984,2020-02-04,fire_23756984_2020-02-04_2020-02-07,0,2.0,462,108,0,0,0,0,0,0,0,0,0
fire_23756984,2020-02-05,fire_23756984_2020-02-04_2020-02-07,1,3.0,926,508,0,0,0,0,0,0,0,0,0
fire_23756984,2020-02-07,fire_23756984_2020-02-04_2020-02-07,2,4.0,3050,3047,0,0,0,0,0,0,0,0,0
fire_23756984,2020-02-05,fire_23756984_2020-02-05_2020-02-08,0,2.0,926,249,0,0,0,0,0,0,0,0,0
fire_23756984,2020-02-07,fire_23756984_2020-02-05_2020-02-08,1,3.0,3050,1839,0,0,0,0,0,0,0,0,0
fire_23756984,2020-02-08,fire_23756984_2020-02-05_2020-02-08,2,4.0,2043,1980,0,0,0,0,0,0,0,0,0
fire_23756984,2020-02-07,fire_23756984_2020-02-07_2020-02-09,0,2.0,3050,919,0,0,0,0,0,0,0,0,0
fire_23756984,2020-02-08,fire_23756984_2020-02-07_2020-02-09,1,3.0,2043,1206,0,0,0,0,0,0,0,0,0
fire_23756984,2020-02-09,fire_23756984_2020-02-07_2020-02-09,2,4.0,858,792,0,0,0,0,0,0,0,0,0
fire_23756984,2020-02-08,fire_23756984_2020-02-08_2020-02-11,0,2.0,2043,608,0,0,0,0,0,0,0,0,0
fire_23756984,2020-02-09,fire_23756984_2020-02-08_2020-02-11,1,3.0,858,456,0,0,0,0,0,0,0,0,0
fire_23756984,2020-02-11,fire_23756984_2020-02-08_2020-02-11,2,4.0,933,867,0,0,0,0,0,0,0,0,0
fire_23756984,2020-02-09,fire_23756984_2020-02-09_2020-02-12,0,2.0,858,216,0,0,0,0,0,0,0,0,0
fire_23756984,2020-02-11,fire_23756984_2020-02-09_2020-02-12,1,3.0,933,515,0,0,0,0,0,0,0,0,0
fire_23756984,2020-02-12,fire_23756984_2020-02-09_2020-02-12,2,4.0,1254,1188,0,0,0,0,0,0,0,0,0
fire_23756984,2020-02-11,fire_23756984_2020-02-11_2020-02-13,0,2.0,933,253,0,0,0,0,0,0,0,0,0
fire_23756984,2020-02-12,fire_23756984_2020-02-11_2020-02-13,1,3.0,1254,684,0,0,0,0,0,0,0,0,0
fire_23756984,2020-02-13,fire_23756984_2020-02-11_2020-02-13,2,4.0,3731,3668,0,0,0,0,0,0,0,0,0
fire_23757491,2020-02-26,fire_23757491_2020-02-26_2020-02-28,0,2.0,520,155,0,0,0,0,0,0,0,0,0
fire_23757491,2020-02-27,fire_23757491_2020-02-26_2020-02-28,1,3.0,522,276,0,0,0,0,0,0,0,0,0
fire_23757491,2020-02-28,fire_23757491_2020-02-26_2020-02-28,2,4.0,482,416,0,0,0,0,0,0,0,0,0
fire_23757491,2020-02-27,fire_23757491_2020-02-27_2020-03-04,0,2.0,522,138,0,0,0,0,0,0,0,0,0
fire_23757491,2020-02-28,fire_23757491_2020-02-27_2020-03-04,1,3.0,482,244,0,0,0,0,0,0,0,0,0
fire_23757491,2020-03-04,fire_23757491_2020-02-27_2020-03-04,2,4.0,523,475,0,0,0,0,0,0,0,0,0
fire_23757522,2020-02-25,fire_23757522_2020-02-25_2020-03-07,0,2.0,823,292,0,0,0,0,0,0,0,0,0
fire_23757522,2020-02-27,fire_23757522_2020-02-25_2020-03-07,1,3.0,462,228,0,0,0,0,0,0,0,0,0
fire_23757522,2020-03-07,fire_23757522_2020-02-25_2020-03-07,2,4.0,469,403,0,0,0,0,0,0,0,0,0
fire_23757522,2020-02-27,fire_23757522_2020-02-27_2020-03-08,0,2.0,462,108,0,0,0,0,0,0,0,0,0
fire_23757522,2020-03-07,fire_23757522_2020-02-27_2020-03-08,1,3.0,469,239,0,0,0,0,0,0,0,0,0
fire_23757522,2020-03-08,fire_23757522_2020-02-27_2020-03-08,2,4.0,462,396,0,0,0,0,0,0,0,0,0
fire_23757522,2020-03-07,fire_23757522_2020-03-07_2020-03-09,0,2.0,469,115,0,0,0,0,0,0,0,0,0
fire_23757522,2020-03-08,fire_23757522_2020-03-07_2020-03-09,1,3.0,462,228,0,0,0,0,0,0,0,0,0
fire_23757522,2020-03-09,fire_23757522_2020-03-07_2020-03-09,2,4.0,868,802,0,0,0,0,0,0,0,0,0
fire_23947000,2020-05-03,fire_23947000_2020-05-03_2020-05-05,0,2.0,1343,489,27,0,27,0,0,27,0,0,0
fire_23947000,2020-05-04,fire_23947000_2020-05-03_2020-05-05,1,3.0,445,250,3,27,3,0,27,3,0,19,8
fire_23947000,2020-05-05,fire_23947000_2020-05-03_2020-05-05,2,4.0,482,416,5,3,5,0,3,5,0,3,0
fire_24025599,2020-05-12,fire_24025599_2020-05-12_2020-05-15,0,2.0,1433,624,0,0,0,0,0,0,0,0,0
fire_24025599,2020-05-13,fire_24025599_2020-05-12_2020-05-15,1,3.0,1101,653,0,0,0,0,0,0,0,0,0
fire_24025599,2020-05-15,fire_24025599_2020-05-12_2020-05-15,2,4.0,328,262,1,0,1,0,0,1,0,0,0
fire_24025601,2020-05-29,fire_24025601_2020-05-29_2020-06-02,0,2.0,462,108,0,0,0,0,0,0,0,0,0
fire_24025601,2020-05-30,fire_24025601_2020-05-29_2020-06-02,1,3.0,462,228,0,0,0,0,0,0,0,0,0
fire_24025601,2020-06-02,fire_24025601_2020-05-29_2020-06-02,2,4.0,502,436,0,0,0,0,0,0,0,0,0
fire_24025601,2020-05-30,fire_24025601_2020-05-30_2020-06-03,0,2.0,462,108,0,0,0,0,0,0,0,0,0
fire_24025601,2020-06-02,fire_24025601_2020-05-30_2020-06-03,1,3.0,502,260,0,0,0,0,0,0,0,0,0
fire_24025601,2020-06-03,fire_24025601_2020-05-30_2020-06-03,2,4.0,530,464,0,0,0,0,0,0,0,0,0
fire_24025601,2020-06-02,fire_24025601_2020-06-02_2020-06-04,0,2.0,502,128,0,0,0,0,0,0,0,0,0
fire_24025601,2020-06-03,fire_24025601_2020-06-02_2020-06-04,1,3.0,530,279,0,0,0,0,0,0,0,0,0
fire_24025601,2020-06-04,fire_24025601_2020-06-02_2020-06-04,2,4.0,502,436,0,0,0,0,0,0,0,0,0
fire_24025601,2020-06-03,fire_24025601_2020-06-03_2020-06-06,0,2.0,530,141,0,0,0,0,0,0,0,0,0
fire_24025601,2020-06-04,fire_24025601_2020-06-03_2020-06-06,1,3.0,502,260,0,0,0,0,0,0,0,0,0
fire_24025601,2020-06-06,fire_24025601_2020-06-03_2020-06-06,2,4.0,405,339,0,0,0,0,0,0,0,0,0
fire_24025601,2020-06-04,fire_24025601_2020-06-04_2020-06-08,0,2.0,502,128,0,0,0,0,0,0,0,0,0
fire_24025601,2020-06-06,fire_24025601_2020-06-04_2020-06-08,1,3.0,405,219,0,0,0,0,0,0,0,0,0
fire_24025601,2020-06-08,fire_24025601_2020-06-04_2020-06-08,2,4.0,363,297,0,0,0,0,0,0,0,0,0
fire_24025601,2020-06-06,fire_24025601_2020-06-06_2020-06-10,0,2.0,405,118,0,0,0,0,0,0,0,0,0
fire_24025601,2020-06-08,fire_24025601_2020-06-06_2020-06-10,1,3.0,363,189,0,0,0,0,0,0,0,0,0
fire_24025601,2020-06-10,fire_24025601_2020-06-06_2020-06-10,2,4.0,407,341,0,0,0,0,0,0,0,0,0
fire_24025601,2020-06-08,fire_24025601_2020-06-08_2020-06-11,0,2.0,363,104,0,0,0,0,0,0,0,0,0
fire_24025601,2020-06-10,fire_24025601_2020-06-08_2020-06-11,1,3.0,407,220,0,0,0,0,0,0,0,0,0
fire_24025601,2020-06-11,fire_24025601_2020-06-08_2020-06-11,2,4.0,397,331,0,0,0,0,0,0,0,0,0
fire_24025605,2020-06-01,fire_24025605_2020-06-01_2020-06-07,0,2.0,724,270,17,0,17,0,0,17,0,0,0
fire_24025605,2020-06-02,fire_24025605_2020-06-01_2020-06-07,1,3.0,721,475,12,17,11,1,16,12,0,7,9
fire_24025605,2020-06-07,fire_24025605_2020-06-01_2020-06-07,2,4.0,66,0,0,12,0,0,12,0,0,12,0
fire_24025610,2020-05-30,fire_24025610_2020-05-30_2020-06-01,0,2.0,462,108,0,0,0,0,0,0,0,0,0
fire_24025610,2020-05-31,fire_24025610_2020-05-30_2020-06-01,1,3.0,462,228,0,0,0,0,0,0,0,0,0
fire_24025610,2020-06-01,fire_24025610_2020-05-30_2020-06-01,2,4.0,744,744,9,0,9,0,0,9,0,0,0
fire_24025610,2020-05-31,fire_24025610_2020-05-31_2020-06-02,0,2.0,462,108,0,0,0,0,0,0,0,0,0
fire_24025610,2020-06-01,fire_24025610_2020-05-31_2020-06-02,1,3.0,744,491,9,0,9,0,0,9,0,0,0
fire_24025610,2020-06-02,fire_24025610_2020-05-31_2020-06-02,2,4.0,1170,1170,0,9,0,0,9,0,0,3,6
fire_24025610,2020-06-01,fire_24025610_2020-06-01_2020-06-03,0,2.0,744,283,9,0,9,0,0,9,0,0,0
fire_24025610,2020-06-02,fire_24025610_2020-06-01_2020-06-03,1,3.0,1170,742,0,9,0,0,9,0,0,3,6
fire_24025610,2020-06-03,fire_24025610_2020-06-01_2020-06-03,2,4.0,1228,1228,5,0,5,0,0,5,0,0,0
fire_24025610,2020-06-02,fire_24025610_2020-06-02_2020-06-04,0,2.0,1170,407,0,0,0,0,0,0,0,0,0
fire_24025610,2020-06-03,fire_24025610_2020-06-02_2020-06-04,1,3.0,1228,785,5,0,5,0,0,5,0,0,0
fire_24025610,2020-06-04,fire_24025610_2020-06-02_2020-06-04,2,4.0,409,396,1,5,1,0,5,1,0,2,3
fire_24025610,2020-06-03,fire_24025610_2020-06-03_2020-06-05,0,2.0,1228,434,5,0,5,0,0,5,0,0,0
fire_24025610,2020-06-04,fire_24025610_2020-06-03_2020-06-05,1,3.0,409,228,1,5,1,0,5,1,0,2,3
fire_24025610,2020-06-05,fire_24025610_2020-06-03_2020-06-05,2,4.0,482,416,0,1,0,0,1,0,0,1,0
fire_24025610,2020-06-04,fire_24025610_2020-06-04_2020-06-06,0,2.0,409,108,1,0,1,0,0,1,0,0,0
fire_24025610,2020-06-05,fire_24025610_2020-06-04_2020-06-06,1,3.0,482,244,0,1,0,0,1,0,0,1,0
fire_24025610,2020-06-06,fire_24025610_2020-06-04_2020-06-06,2,4.0,492,426,0,0,0,0,0,0,0,0,0
fire_24025610,2020-06-05,fire_24025610_2020-06-05_2020-06-07,0,2.0,482,118,0,0,0,0,0,0,0,0,0
fire_24025610,2020-06-06,fire_24025610_2020-06-05_2020-06-07,1,3.0,492,250,0,0,0,0,0,0,0,0,0
fire_24025610,2020-06-07,fire_24025610_2020-06-05_2020-06-07,2,4.0,462,396,2,0,2,0,0,2,0,0,0
fire_24025610,2020-06-06,fire_24025610_2020-06-06_2020-06-08,0,2.0,492,122,0,0,0,0,0,0,0,0,0
fire_24025610,2020-06-07,fire_24025610_2020-06-06_2020-06-08,1,3.0,462,228,2,0,2,0,0,2,0,0,0
fire_24025610,2020-06-08,fire_24025610_2020-06-06_2020-06-08,2,4.0,515,449,4,2,3,1,1,4,0,1,0
fire_24025610,2020-06-07,fire_24025610_2020-06-07_2020-06-09,0,2.0,462,108,2,0,2,0,0,2,0,0,0
fire_24025610,2020-06-08,fire_24025610_2020-06-07_2020-06-09,1,3.0,515,269,4,2,3,1,1,4,0,1,0
fire_24025610,2020-06-09,fire_24025610_2020-06-07_2020-06-09,2,4.0,507,441,3,4,1,2,2,3,0,0,2
fire_24025610,2020-06-08,fire_24025610_2020-06-08_2020-06-10,0,2.0,515,134,4,0,4,0,0,4,0,0,0
fire_24025610,2020-06-09,fire_24025610_2020-06-08_2020-06-10,1,3.0,507,261,3,4,1,2,2,3,0,0,2
fire_24025610,2020-06-10,fire_24025610_2020-06-08_2020-06-10,2,4.0,462,396,0,3,0,0,3,0,0,0,3
fire_24025610,2020-06-09,fire_24025610_2020-06-09_2020-06-11,0,2.0,507,129,3,0,3,0,0,3,0,0,0
fire_24025610,2020-06-10,fire_24025610_2020-06-09_2020-06-11,1,3.0,462,228,0,3,0,0,3,0,0,0,3
fire_24025610,2020-06-11,fire_24025610_2020-06-09_2020-06-11,2,4.0,477,411,0,0,0,0,0,0,0,0,0
fire_24027563,2020-05-23,fire_24027563_2020-05-23_2020-05-26,0,2.0,870,226,0,0,0,0,0,0,0,0,0
fire_24027563,2020-05-24,fire_24027563_2020-05-23_2020-05-26,1,3.0,858,456,0,0,0,0,0,0,0,0,0
fire_24027563,2020-05-26,fire_24027563_2020-05-23_2020-05-26,2,4.0,462,396,0,0,0,0,0,0,0,0,0
fire_24027563,2020-05-24,fire_24027563_2020-05-24_2020-05-27,0,2.0,858,216,0,0,0,0,0,0,0,0,0
fire_24027563,2020-05-26,fire_24027563_2020-05-24_2020-05-27,1,3.0,462,228,0,0,0,0,0,0,0,0,0
fire_24027563,2020-05-27,fire_24027563_2020-05-24_2020-05-27,2,4.0,462,396,0,0,0,0,0,0,0,0,0
fire_24027563,2020-05-26,fire_24027563_2020-05-26_2020-05-28,0,2.0,462,108,0,0,0,0,0,0,0,0,0
fire_24027563,2020-05-27,fire_24027563_2020-05-26_2020-05-28,1,3.0,462,228,0,0,0,0,0,0,0,0,0
fire_24027563,2020-05-28,fire_24027563_2020-05-26_2020-05-28,2,4.0,457,391,0,0,0,0,0,0,0,0,0
fire_24027563,2020-05-27,fire_24027563_2020-05-27_2020-05-29,0,2.0,462,108,0,0,0,0,0,0,0,0,0
fire_24027563,2020-05-28,fire_24027563_2020-05-27_2020-05-29,1,3.0,457,223,0,0,0,0,0,0,0,0,0
fire_24027563,2020-05-29,fire_24027563_2020-05-27_2020-05-29,2,4.0,462,396,0,0,0,0,0,0,0,0,0
fire_24027563,2020-05-28,fire_24027563_2020-05-28_2020-05-31,0,2.0,457,105,0,0,0,0,0,0,0,0,0
fire_24027563,2020-05-29,fire_24027563_2020-05-28_2020-05-31,1,3.0,462,228,0,0,0,0,0,0,0,0,0
fire_24027563,2020-05-31,fire_24027563_2020-05-28_2020-05-31,2,4.0,515,449,0,0,0,0,0,0,0,0,0
fire_24027563,2020-05-29,fire_24027563_2020-05-29_2020-06-01,0,2.0,462,108,0,0,0,0,0,0,0,0,0
fire_24027563,2020-05-31,fire_24027563_2020-05-29_2020-06-01,1,3.0,515,268,0,0,0,0,0,0,0,0,0
fire_24027563,2020-06-01,fire_24027563_2020-05-29_2020-06-01,2,4.0,785,785,0,0,0,0,0,0,0,0,0
fire_24027563,2020-05-31,fire_24027563_2020-05-31_2020-06-02,0,2.0,515,134,0,0,0,0,0,0,0,0,0
fire_24027563,2020-06-01,fire_24027563_2020-05-31_2020-06-02,1,3.0,785,526,0,0,0,0,0,0,0,0,0
fire_24027563,2020-06-02,fire_24027563_2020-05-31_2020-06-02,2,4.0,858,792,0,0,0,0,0,0,0,0,0
fire_24027563,2020-06-01,fire_24027563_2020-06-01_2020-06-04,0,2.0,785,304,0,0,0,0,0,0,0,0,0
fire_24027563,2020-06-02,fire_24027563_2020-06-01_2020-06-04,1,3.0,858,456,0,0,0,0,0,0,0,0,0
fire_24027563,2020-06-04,fire_24027563_2020-06-01_2020-06-04,2,4.0,1265,1199,0,0,0,0,0,0,0,0,0
fire_24027570,2020-05-29,fire_24027570_2020-05-29_2020-05-31,0,2.0,462,108,0,0,0,0,0,0,0,0,0
fire_24027570,2020-05-30,fire_24027570_2020-05-29_2020-05-31,1,3.0,462,228,0,0,0,0,0,0,0,0,0
fire_24027570,2020-05-31,fire_24027570_2020-05-29_2020-05-31,2,4.0,462,396,0,0,0,0,0,0,0,0,0
fire_24027570,2020-05-30,fire_24027570_2020-05-30_2020-06-01,0,2.0,462,108,0,0,0,0,0,0,0,0,0
fire_24027570,2020-05-31,fire_24027570_2020-05-30_2020-06-01,1,3.0,462,228,0,0,0,0,0,0,0,0,0
fire_24027570,2020-06-01,fire_24027570_2020-05-30_2020-06-01,2,4.0,505,439,1,0,1,0,0,1,0,0,0
fire_24027570,2020-05-31,fire_24027570_2020-05-31_2020-06-02,0,2.0,462,108,0,0,0,0,0,0,0,0,0
fire_24027570,2020-06-01,fire_24027570_2020-05-31_2020-06-02,1,3.0,505,259,1,0,1,0,0,1,0,0,0
fire_24027570,2020-06-02,fire_24027570_2020-05-31_2020-06-02,2,4.0,1259,1256,0,1,0,0,1,0,0,0,1
fire_24027570,2020-06-01,fire_24027570_2020-06-01_2020-06-03,0,2.0,505,128,1,0,1,0,0,1,0,0,0
fire_24027570,2020-06-02,fire_24027570_2020-06-01_2020-06-03,1,3.0,1259,812,0,1,0,0,1,0,0,0,1
fire_24027570,2020-06-03,fire_24027570_2020-06-01_2020-06-03,2,4.0,999,962,5,0,5,0,0,5,0,0,0
fire_24027570,2020-06-02,fire_24027570_2020-06-02_2020-06-04,0,2.0,1259,454,0,0,0,0,0,0,0,0,0
fire_24027570,2020-06-03,fire_24027570_2020-06-02_2020-06-04,1,3.0,999,584,5,0,5,0,0,5,0,0,0
fire_24027570,2020-06-04,fire_24027570_2020-06-02_2020-06-04,2,4.0,492,426,0,5,0,0,5,0,0,5,0
fire_24027580,2020-05-21,fire_24027580_2020-05-21_2020-05-23,0,2.0,434,108,0,0,0,0,0,0,0,0,0
fire_24027580,2020-05-22,fire_24027580_2020-05-21_2020-05-23,1,3.0,889,605,20,0,20,0,0,20,0,0,0
fire_24027580,2020-05-23,fire_24027580_2020-05-21_2020-05-23,2,4.0,1495,1495,47,20,42,5,15,47,0,5,10
fire_24027580,2020-05-22,fire_24027580_2020-05-22_2020-05-24,0,2.0,889,362,20,0,20,0,0,20,0,0,0
fire_24027580,2020-05-23,fire_24027580_2020-05-22_2020-05-24,1,3.0,1495,991,47,20,42,5,15,47,0,5,10
fire_24027580,2020-05-24,fire_24027580_2020-05-22_2020-05-24,2,4.0,1122,1118,22,47,18,4,43,22,0,19,24
fire_24027580,2020-05-23,fire_24027580_2020-05-23_2020-05-25,0,2.0,1495,576,47,0,47,0,0,47,0,0,0
fire_24027580,2020-05-24,fire_24027580_2020-05-23_2020-05-25,1,3.0,1122,788,22,47,18,4,43,22,0,19,24
fire_24027580,2020-05-25,fire_24027580_2020-05-23_2020-05-25,2,4.0,1464,1454,0,22,0,0,22,0,0,4,18
fire_24027580,2020-05-24,fire_24027580_2020-05-24_2020-06-01,0,2.0,1122,497,22,0,22,0,0,22,0,0,0
fire_24027580,2020-05-25,fire_24027580_2020-05-24_2020-06-01,1,3.0,1464,1064,0,22,0,0,22,0,0,6,16
fire_24027580,2020-06-01,fire_24027580_2020-05-24_2020-06-01,2,4.0,370,304,0,0,0,0,0,0,0,0,0
fire_24103557,2020-06-10,fire_24103557_2020-06-10_2020-06-12,0,2.0,552,178,0,0,0,0,0,0,0,0,0
fire_24103557,2020-06-11,fire_24103557_2020-06-10_2020-06-12,1,3.0,583,370,0,0,0,0,0,0,0,0,0
fire_24103557,2020-06-12,fire_24103557_2020-06-10_2020-06-12,2,4.0,620,620,22,0,22,0,0,22,0,0,0
fire_24103557,2020-06-11,fire_24103557_2020-06-11_2020-06-13,0,2.0,583,200,0,0,0,0,0,0,0,0,0
fire_24103557,2020-06-12,fire_24103557_2020-06-11_2020-06-13,1,3.0,620,396,22,0,22,0,0,22,0,0,0
fire_24103557,2020-06-13,fire_24103557_2020-06-11_2020-06-13,2,4.0,853,853,26,22,26,0,22,26,0,13,9
fire_24103557,2020-06-12,fire_24103557_2020-06-12_2020-06-14,0,2.0,620,218,22,0,22,0,0,22,0,0,0
fire_24103557,2020-06-13,fire_24103557_2020-06-12_2020-06-14,1,3.0,853,571,26,22,26,0,22,26,0,13,9
fire_24103557,2020-06-14,fire_24103557_2020-06-12_2020-06-14,2,4.0,1515,1515,8,26,8,0,26,8,0,18,8
fire_24103557,2020-06-13,fire_24103557_2020-06-13_2020-06-15,0,2.0,853,333,26,0,26,0,0,26,0,0,0
fire_24103557,2020-06-14,fire_24103557_2020-06-13_2020-06-15,1,3.0,1515,1079,8,26,8,0,26,8,0,18,8
fire_24103557,2020-06-15,fire_24103557_2020-06-13_2020-06-15,2,4.0,2186,2186,20,8,20,0,8,20,0,1,7
fire_24103557,2020-06-14,fire_24103557_2020-06-14_2020-06-16,0,2.0,1515,677,8,0,8,0,0,8,0,0,0
fire_24103557,2020-06-15,fire_24103557_2020-06-14_2020-06-16,1,3.0,2186,1678,20,8,20,0,8,20,0,1,7
fire_24103557,2020-06-16,fire_24103557_2020-06-14_2020-06-16,2,4.0,2451,2451,14,20,14,0,20,14,0,9,11
fire_24103557,2020-06-15,fire_24103557_2020-06-15_2020-06-17,0,2.0,2186,1204,20,0,20,0,0,20,0,0,0
fire_24103557,2020-06-16,fire_24103557_2020-06-15_2020-06-17,1,3.0,2451,1935,14,20,14,0,20,14,0,9,11
fire_24103557,2020-06-17,fire_24103557_2020-06-15_2020-06-17,2,4.0,2880,2880,43,14,43,0,14,43,0,7,7
fire_24103557,2020-06-16,fire_24103557_2020-06-16_2020-06-18,0,2.0,2451,1379,14,0,14,0,0,14,0,0,0
fire_24103557,2020-06-17,fire_24103557_2020-06-16_2020-06-18,1,3.0,2880,2232,43,14,43,0,14,43,0,7,7
fire_24103557,2020-06-18,fire_24103557_2020-06-16_2020-06-18,2,4.0,3445,3445,44,43,44,0,43,44,0,25,18
fire_24103557,2020-06-17,fire_24103557_2020-06-17_2020-06-19,0,2.0,2880,1540,43,0,43,0,0,43,0,0,0
fire_24103557,2020-06-18,fire_24103557_2020-06-17_2020-06-19,1,3.0,3445,2738,44,43,44,0,43,44,0,25,18
fire_24103557,2020-06-19,fire_24103557_2020-06-17_2020-06-19,2,4.0,3509,3509,26,44,21,5,39,26,0,4,35
fire_24103557,2020-06-18,fire_24103557_2020-06-18_2020-06-20,0,2.0,3445,1877,44,0,44,0,0,44,0,0,0
fire_24103557,2020-06-19,fire_24103557_2020-06-18_2020-06-20,1,3.0,3509,2609,26,44,21,5,39,26,0,7,32
fire_24103557,2020-06-20,fire_24103557_2020-06-18_2020-06-20,2,4.0,3341,3341,17,26,17,0,26,17,0,14,12
fire_24103557,2020-06-19,fire_24103557_2020-06-19_2020-06-21,0,2.0,3509,1599,26,0,26,0,0,26,0,0,0
fire_24103557,2020-06-20,fire_24103557_2020-06-19_2020-06-21,1,3.0,3341,2511,17,26,17,0,26,17,0,16,10
fire_24103557,2020-06-21,fire_24103557_2020-06-19_2020-06-21,2,4.0,3396,3396,23,17,20,3,14,23,0,3,11
fire_24103557,2020-06-20,fire_24103557_2020-06-20_2020-06-22,0,2.0,3341,1592,17,0,17,0,0,17,0,0,0
fire_24103557,2020-06-21,fire_24103557_2020-06-20_2020-06-22,1,3.0,3396,2443,23,17,20,3,14,23,0,3,11
fire_24103557,2020-06-22,fire_24103557_2020-06-20_2020-06-22,2,4.0,2233,2233,0,23,0,0,23,0,0,12,11
fire_24103557,2020-06-21,fire_24103557_2020-06-21_2020-06-23,0,2.0,3396,1490,23,0,23,0,0,23,0,0,0
fire_24103557,2020-06-22,fire_24103557_2020-06-21_2020-06-23,1,3.0,2233,1509,0,23,0,0,23,0,0,12,11
fire_24103557,2020-06-23,fire_24103557_2020-06-21_2020-06-23,2,4.0,1195,1129,0,0,0,0,0,0,0,0,0
fire_24103557,2020-06-22,fire_24103557_2020-06-22_2020-06-24,0,2.0,2233,888,0,0,0,0,0,0,0,0,0
fire_24103557,2020-06-23,fire_24103557_2020-06-22_2020-06-24,1,3.0,1195,796,0,0,0,0,0,0,0,0,0
fire_24103557,2020-06-24,fire_24103557_2020-06-22_2020-06-24,2,4.0,1230,1164,0,0,0,0,0,0,0,0,0
fire_24103557,2020-06-23,fire_24103557_2020-06-23_2020-06-25,0,2.0,1195,503,0,0,0,0,0,0,0,0,0
fire_24103557,2020-06-24,fire_24103557_2020-06-23_2020-06-25,1,3.0,1230,815,0,0,0,0,0,0,0,0,0
fire_24103557,2020-06-25,fire_24103557_2020-06-23_2020-06-25,2,4.0,855,789,25,0,25,0,0,25,0,0,0
fire_24103557,2020-06-24,fire_24103557_2020-06-24_2020-06-26,0,2.0,1230,495,0,0,0,0,0,0,0,0,0
fire_24103557,2020-06-25,fire_24103557_2020-06-24_2020-06-26,1,3.0,855,520,25,0,25,0,0,25,0,0,0
fire_24103557,2020-06-26,fire_24103557_2020-06-24_2020-06-26,2,4.0,914,848,0,25,0,0,25,0,0,12,13
fire_24103557,2020-06-25,fire_24103557_2020-06-25_2020-06-27,0,2.0,855,292,25,0,25,0,0,25,0,0,0
fire_24103557,2020-06-26,fire_24103557_2020-06-25_2020-06-27,1,3.0,914,574,0,25,0,0,25,0,0,16,9
fire_24103557,2020-06-27,fire_24103557_2020-06-25_2020-06-27,2,4.0,572,506,0,0,0,0,0,0,0,0,0
fire_24103557,2020-06-26,fire_24103557_2020-06-26_2020-06-28,0,2.0,914,331,0,0,0,0,0,0,0,0,0
fire_24103557,2020-06-27,fire_24103557_2020-06-26_2020-06-28,1,3.0,572,310,0,0,0,0,0,0,0,0,0
fire_24103557,2020-06-28,fire_24103557_2020-06-26_2020-06-28,2,4.0,747,681,0,0,0,0,0,0,0,0,0
fire_24103557,2020-06-27,fire_24103557_2020-06-27_2020-06-29,0,2.0,572,162,0,0,0,0,0,0,0,0,0
fire_24103557,2020-06-28,fire_24103557_2020-06-27_2020-06-29,1,3.0,747,446,0,0,0,0,0,0,0,0,0
fire_24103557,2020-06-29,fire_24103557_2020-06-27_2020-06-29,2,4.0,579,513,0,0,0,0,0,0,0,0,0
fire_24103560,2020-06-30,fire_24103560_2020-06-30_2020-07-09,0,2.0,1303,436,40,0,40,0,0,40,0,0,0
fire_24103560,2020-07-01,fire_24103560_2020-06-30_2020-07-09,1,3.0,814,451,11,40,8,3,37,11,0,18,19
fire_24103560,2020-07-09,fire_24103560_2020-06-30_2020-07-09,2,4.0,66,0,0,11,0,0,11,0,0,11,0
fire_24103561,2020-06-06,fire_24103561_2020-06-06_2020-06-10,0,2.0,482,118,0,0,0,0,0,0,0,0,0
fire_24103561,2020-06-08,fire_24103561_2020-06-06_2020-06-10,1,3.0,1541,952,1,0,1,0,0,1,0,0,0
fire_24103561,2020-06-10,fire_24103561_2020-06-06_2020-06-10,2,4.0,596,596,0,1,0,0,1,0,0,0,1
fire_24103561,2020-06-08,fire_24103561_2020-06-08_2020-06-11,0,2.0,1541,501,1,0,1,0,0,1,0,0,0
fire_24103561,2020-06-10,fire_24103561_2020-06-08_2020-06-11,1,3.0,596,379,0,1,0,0,1,0,0,0,1
fire_24103561,2020-06-11,fire_24103561_2020-06-08_2020-06-11,2,4.0,557,557,0,0,0,0,0,0,0,0,0
fire_24103561,2020-06-10,fire_24103561_2020-06-10_2020-06-12,0,2.0,596,208,0,0,0,0,0,0,0,0,0
fire_24103561,2020-06-11,fire_24103561_2020-06-10_2020-06-12,1,3.0,557,348,0,0,0,0,0,0,0,0,0
fire_24103561,2020-06-12,fire_24103561_2020-06-10_2020-06-12,2,4.0,603,538,0,0,0,0,0,0,0,0,0
fire_24103571,2020-06-13,fire_24103571_2020-06-13_2020-06-16,0,2.0,370,104,5,0,5,0,0,5,0,0,0
fire_24103571,2020-06-15,fire_24103571_2020-06-13_2020-06-16,1,3.0,1860,1410,57,5,57,0,5,57,0,5,0
fire_24103571,2020-06-16,fire_24103571_2020-06-13_2020-06-16,2,4.0,2430,2430,165,57,155,10,47,165,0,25,22
fire_24103571,2020-06-15,fire_24103571_2020-06-15_2020-06-17,0,2.0,1860,990,57,0,57,0,0,57,0,0,0
fire_24103571,2020-06-16,fire_24103571_2020-06-15_2020-06-17,1,3.0,2430,1836,165,57,155,10,47,165,0,28,19
fire_24103571,2020-06-17,fire_24103571_2020-06-15_2020-06-17,2,4.0,3017,3017,184,165,171,13,152,184,0,26,126
fire_24103571,2020-06-16,fire_24103571_2020-06-16_2020-06-18,0,2.0,2430,1256,165,0,165,0,0,165,0,0,0
fire_24103571,2020-06-17,fire_24103571_2020-06-16_2020-06-18,1,3.0,3017,2283,184,165,171,13,152,184,0,34,118
fire_24103571,2020-06-18,fire_24103571_2020-06-16_2020-06-18,2,4.0,4256,4256,132,184,123,9,175,132,0,41,134
fire_24103571,2020-06-17,fire_24103571_2020-06-17_2020-06-19,0,2.0,3017,1555,184,0,184,0,0,184,0,0,0
fire_24103571,2020-06-18,fire_24103571_2020-06-17_2020-06-19,1,3.0,4256,3200,132,184,123,9,175,132,0,57,118
fire_24103571,2020-06-19,fire_24103571_2020-06-17_2020-06-19,2,4.0,4879,4879,215,132,207,8,124,215,0,76,48
fire_24103571,2020-06-18,fire_24103571_2020-06-18_2020-06-20,0,2.0,4256,2138,132,0,132,0,0,132,0,0,0
fire_24103571,2020-06-19,fire_24103571_2020-06-18_2020-06-20,1,3.0,4879,3653,215,132,207,8,124,215,0,93,31
fire_24103571,2020-06-20,fire_24103571_2020-06-18_2020-06-20,2,4.0,5275,5275,160,215,145,15,200,160,0,39,161
fire_24103571,2020-06-19,fire_24103571_2020-06-19_2020-06-21,0,2.0,4879,2415,215,0,215,0,0,215,0,0,0
fire_24103571,2020-06-20,fire_24103571_2020-06-19_2020-06-21,1,3.0,5275,4005,160,215,145,15,200,160,0,47,153
fire_24103571,2020-06-21,fire_24103571_2020-06-19_2020-06-21,2,4.0,4587,4587,16,160,15,1,159,16,0,31,128
fire_24103571,2020-06-20,fire_24103571_2020-06-20_2020-06-22,0,2.0,5275,2620,160,0,160,0,0,160,0,0,0
fire_24103571,2020-06-21,fire_24103571_2020-06-20_2020-06-22,1,3.0,4587,3297,16,160,15,1,159,16,0,39,120
fire_24103571,2020-06-22,fire_24103571_2020-06-20_2020-06-22,2,4.0,2271,2271,2,16,2,0,16,2,0,3,13
fire_24103571,2020-06-21,fire_24103571_2020-06-21_2020-06-23,0,2.0,4587,2017,16,0,16,0,0,16,0,0,0
fire_24103571,2020-06-22,fire_24103571_2020-06-21_2020-06-23,1,3.0,2271,1527,2,16,2,0,16,2,0,3,13
fire_24103571,2020-06-23,fire_24103571_2020-06-21_2020-06-23,2,4.0,2438,2435,22,2,21,1,1,22,0,0,1
fire_24103571,2020-06-22,fire_24103571_2020-06-22_2020-06-24,0,2.0,2271,916,2,0,2,0,0,2,0,0,0
fire_24103571,2020-06-23,fire_24103571_2020-06-22_2020-06-24,1,3.0,2438,1586,22,2,21,1,1,22,0,0,1
fire_24103571,2020-06-24,fire_24103571_2020-06-22_2020-06-24,2,4.0,1950,1911,39,22,32,7,15,39,0,6,9
fire_24103571,2020-06-23,fire_24103571_2020-06-23_2020-06-25,0,2.0,2438,897,22,0,22,0,0,22,0,0,0
fire_24103571,2020-06-24,fire_24103571_2020-06-23_2020-06-25,1,3.0,1950,1246,39,22,32,7,15,39,0,6,9
fire_24103571,2020-06-25,fire_24103571_2020-06-23_2020-06-25,2,4.0,1718,1717,52,39,45,7,32,52,0,3,29
fire_24103571,2020-06-24,fire_24103571_2020-06-24_2020-06-26,0,2.0,1950,698,39,0,39,0,0,39,0,0,0
fire_24103571,2020-06-25,fire_24103571_2020-06-24_2020-06-26,1,3.0,1718,1077,52,39,45,7,32,52,0,3,29
fire_24103571,2020-06-26,fire_24103571_2020-06-24_2020-06-26,2,4.0,528,462,11,52,7,4,48,11,0,39,9
fire_24103571,2020-06-25,fire_24103571_2020-06-25_2020-06-27,0,2.0,1718,571,52,0,52,0,0,52,0,0,0
fire_24103571,2020-06-26,fire_24103571_2020-06-25_2020-06-27,1,3.0,528,277,11,52,7,4,48,11,0,39,9
fire_24103571,2020-06-27,fire_24103571_2020-06-25_2020-06-27,2,4.0,741,675,27,11,27,0,11,27,0,11,0
fire_24103571,2020-06-26,fire_24103571_2020-06-26_2020-06-28,0,2.0,528,140,11,0,11,0,0,11,0,0,0
fire_24103571,2020-06-27,fire_24103571_2020-06-26_2020-06-28,1,3.0,741,443,27,11,27,0,11,27,0,11,0
fire_24103571,2020-06-28,fire_24103571_2020-06-26_2020-06-28,2,4.0,906,840,0,27,0,0,27,0,0,9,18
fire_24103571,2020-06-27,fire_24103571_2020-06-27_2020-06-29,0,2.0,741,249,27,0,27,0,0,27,0,0,0
fire_24103571,2020-06-28,fire_24103571_2020-06-27_2020-06-29,1,3.0,906,492,0,27,0,0,27,0,0,12,15
fire_24103571,2020-06-29,fire_24103571_2020-06-27_2020-06-29,2,4.0,462,396,5,0,5,0,0,5,0,0,0
fire_24103571,2020-06-28,fire_24103571_2020-06-28_2020-07-04,0,2.0,906,239,0,0,0,0,0,0,0,0,0
fire_24103571,2020-06-29,fire_24103571_2020-06-28_2020-07-04,1,3.0,462,228,5,0,5,0,0,5,0,0,0
fire_24103571,2020-07-04,fire_24103571_2020-06-28_2020-07-04,2,4.0,462,396,0,5,0,0,5,0,0,5,0
fire_24103581,2020-06-07,fire_24103581_2020-06-07_2020-06-09,0,2.0,1192,408,22,0,22,0,0,22,0,0,0
fire_24103581,2020-06-08,fire_24103581_2020-06-07_2020-06-09,1,3.0,1501,1071,91,22,90,1,21,91,0,4,17
fire_24103581,2020-06-09,fire_24103581_2020-06-07_2020-06-09,2,4.0,1631,1631,132,91,126,6,85,132,0,30,55
fire_24103581,2020-06-08,fire_24103581_2020-06-08_2020-06-10,0,2.0,1501,676,91,0,91,0,0,91,0,0,0
fire_24103581,2020-06-09,fire_24103581_2020-06-08_2020-06-10,1,3.0,1631,1196,132,91,126,6,85,132,0,50,35
fire_24103581,2020-06-10,fire_24103581_2020-06-08_2020-06-10,2,4.0,2163,2163,11,132,11,0,132,11,0,29,103
fire_24103581,2020-06-09,fire_24103581_2020-06-09_2020-06-11,0,2.0,1631,807,132,0,132,0,0,132,0,0,0
fire_24103581,2020-06-10,fire_24103581_2020-06-09_2020-06-11,1,3.0,2163,1564,11,132,11,0,132,11,0,36,96
fire_24103581,2020-06-11,fire_24103581_2020-06-09_2020-06-11,2,4.0,974,908,9,11,9,0,11,9,0,2,9
fire_24103581,2020-06-10,fire_24103581_2020-06-10_2020-06-12,0,2.0,2163,995,11,0,11,0,0,11,0,0,0
fire_24103581,2020-06-11,fire_24103581_2020-06-10_2020-06-12,1,3.0,974,577,9,11,9,0,11,9,0,2,9
fire_24103581,2020-06-12,fire_24103581_2020-06-10_2020-06-12,2,4.0,462,396,2,9,2,0,9,2,0,2,7
fire_24103582,2020-06-07,fire_24103582_2020-06-07_2020-06-09,0,2.0,450,108,7,0,7,0,0,7,0,0,0
fire_24103582,2020-06-08,fire_24103582_2020-06-07_2020-06-09,1,3.0,588,371,24,7,22,2,5,24,0,5,0
fire_24103582,2020-06-09,fire_24103582_2020-06-07_2020-06-09,2,4.0,690,624,25,24,20,5,19,25,0,6,13
fire_24103582,2020-06-08,fire_24103582_2020-06-08_2020-06-10,0,2.0,588,200,24,0,24,0,0,24,0,0,0
fire_24103582,2020-06-09,fire_24103582_2020-06-08_2020-06-10,1,3.0,690,398,25,24,20,5,19,25,0,6,13
fire_24103582,2020-06-10,fire_24103582_2020-06-08_2020-06-10,2,4.0,742,737,38,25,36,2,23,38,0,17,6
fire_24103582,2020-06-09,fire_24103582_2020-06-09_2020-06-11,0,2.0,690,220,25,0,25,0,0,25,0,0,0
fire_24103582,2020-06-10,fire_24103582_2020-06-09_2020-06-11,1,3.0,742,486,38,25,36,2,23,38,0,17,6
fire_24103582,2020-06-11,fire_24103582_2020-06-09_2020-06-11,2,4.0,891,891,62,38,50,12,26,62,0,18,8
fire_24103582,2020-06-10,fire_24103582_2020-06-10_2020-06-12,0,2.0,742,280,38,0,38,0,0,38,0,0,0
fire_24103582,2020-06-11,fire_24103582_2020-06-10_2020-06-12,1,3.0,891,608,62,38,50,12,26,62,0,18,8
fire_24103582,2020-06-12,fire_24103582_2020-06-10_2020-06-12,2,4.0,1304,1304,174,62,151,23,39,174,0,27,12
fire_24103582,2020-06-11,fire_24103582_2020-06-11_2020-06-13,0,2.0,891,371,62,0,62,0,0,62,0,0,0
fire_24103582,2020-06-12,fire_24103582_2020-06-11_2020-06-13,1,3.0,1304,936,174,62,151,23,39,174,0,27,12
fire_24103582,2020-06-13,fire_24103582_2020-06-11_2020-06-13,2,4.0,1473,1473,165,174,134,31,143,165,0,51,92
fire_24103582,2020-06-12,fire_24103582_2020-06-12_2020-06-14,0,2.0,1304,609,174,0,174,0,0,174,0,0,0
fire_24103582,2020-06-13,fire_24103582_2020-06-12_2020-06-14,1,3.0,1473,1071,165,174,134,31,143,165,0,53,90
fire_24103582,2020-06-14,fire_24103582_2020-06-12_2020-06-14,2,4.0,1335,1335,67,165,55,12,153,67,0,26,127
fire_24103582,2020-06-13,fire_24103582_2020-06-13_2020-06-15,0,2.0,1473,704,165,0,165,0,0,165,0,0,0
fire_24103582,2020-06-14,fire_24103582_2020-06-13_2020-06-15,1,3.0,1335,943,67,165,55,12,153,67,0,37,116
fire_24103582,2020-06-15,fire_24103582_2020-06-13_2020-06-15,2,4.0,1076,1076,61,67,41,20,47,61,0,13,34
fire_24103582,2020-06-14,fire_24103582_2020-06-14_2020-06-16,0,2.0,1335,557,67,0,67,0,0,67,0,0,0
fire_24103582,2020-06-15,fire_24103582_2020-06-14_2020-06-16,1,3.0,1076,709,61,67,41,20,47,61,0,18,29
fire_24103582,2020-06-16,fire_24103582_2020-06-14_2020-06-16,2,4.0,1365,1365,46,61,34,12,49,46,0,19,30
fire_24103582,2020-06-15,fire_24103582_2020-06-15_2020-06-17,0,2.0,1076,387,61,0,61,0,0,61,0,0,0
fire_24103582,2020-06-16,fire_24103582_2020-06-15_2020-06-17,1,3.0,1365,944,46,61,34,12,49,46,0,19,30
fire_24103582,2020-06-17,fire_24103582_2020-06-15_2020-06-17,2,4.0,1075,1048,62,46,48,14,32,62,0,19,13
fire_24103582,2020-06-16,fire_24103582_2020-06-16_2020-06-18,0,2.0,1365,543,46,0,46,0,0,46,0,0,0
fire_24103582,2020-06-17,fire_24103582_2020-06-16_2020-06-18,1,3.0,1075,736,62,46,48,14,32,62,0,19,13
fire_24103582,2020-06-18,fire_24103582_2020-06-16_2020-06-18,2,4.0,1178,1178,84,62,65,19,43,84,0,29,14
fire_24103582,2020-06-17,fire_24103582_2020-06-17_2020-06-19,0,2.0,1075,465,62,0,62,0,0,62,0,0,0
fire_24103582,2020-06-18,fire_24103582_2020-06-17_2020-06-19,1,3.0,1178,840,84,62,65,19,43,84,0,29,14
fire_24103582,2020-06-19,fire_24103582_2020-06-17_2020-06-19,2,4.0,1038,1030,93,84,70,23,61,93,0,20,41
fire_24103582,2020-06-18,fire_24103582_2020-06-18_2020-06-20,0,2.0,1178,535,84,0,84,0,0,84,0,0,0
fire_24103582,2020-06-19,fire_24103582_2020-06-18_2020-06-20,1,3.0,1038,719,93,84,70,23,61,93,0,25,36
fire_24103582,2020-06-20,fire_24103582_2020-06-18_2020-06-20,2,4.0,1096,1096,75,93,49,26,67,75,0,16,51
fire_24103582,2020-06-19,fire_24103582_2020-06-19_2020-06-21,0,2.0,1038,442,93,0,93,0,0,93,0,0,0
fire_24103582,2020-06-20,fire_24103582_2020-06-19_2020-06-21,1,3.0,1096,776,75,93,49,26,67,75,0,16,51
fire_24103582,2020-06-21,fire_24103582_2020-06-19_2020-06-21,2,4.0,1128,1128,67,75,46,21,54,67,0,23,31
fire_24103582,2020-06-20,fire_24103582_2020-06-20_2020-06-22,0,2.0,1096,493,75,0,75,0,0,75,0,0,0
fire_24103582,2020-06-21,fire_24103582_2020-06-20_2020-06-22,1,3.0,1128,802,67,75,46,21,54,67,0,23,31
fire_24103582,2020-06-22,fire_24103582_2020-06-20_2020-06-22,2,4.0,1091,1091,65,67,55,10,57,65,0,29,28
fire_24103582,2020-06-21,fire_24103582_2020-06-21_2020-06-23,0,2.0,1128,507,67,0,67,0,0,67,0,0,0
fire_24103582,2020-06-22,fire_24103582_2020-06-21_2020-06-23,1,3.0,1091,765,65,67,55,10,57,65,0,32,25
fire_24103582,2020-06-23,fire_24103582_2020-06-21_2020-06-23,2,4.0,1080,1014,58,65,50,8,57,58,0,19,38
fire_24103582,2020-06-22,fire_24103582_2020-06-22_2020-06-24,0,2.0,1091,469,65,0,65,0,0,65,0,0,0
fire_24103582,2020-06-23,fire_24103582_2020-06-22_2020-06-24,1,3.0,1080,703,58,65,50,8,57,58,0,19,38
fire_24103582,2020-06-24,fire_24103582_2020-06-22_2020-06-24,2,4.0,1161,1095,55,58,40,15,43,55,0,13,30
fire_24103582,2020-06-23,fire_24103582_2020-06-23_2020-06-25,0,2.0,1080,437,58,0,58,0,0,58,0,0,0
fire_24103582,2020-06-24,fire_24103582_2020-06-23_2020-06-25,1,3.0,1161,760,55,58,40,15,43,55,0,13,30
fire_24103582,2020-06-25,fire_24103582_2020-06-23_2020-06-25,2,4.0,510,444,9,55,8,1,54,9,0,23,31
fire_24103582,2020-06-24,fire_24103582_2020-06-24_2020-06-26,0,2.0,1161,461,55,0,55,0,0,55,0,0,0
fire_24103582,2020-06-25,fire_24103582_2020-06-24_2020-06-26,1,3.0,510,264,9,55,8,1,54,9,0,33,21
fire_24103582,2020-06-26,fire_24103582_2020-06-24_2020-06-26,2,4.0,900,834,26,9,23,3,6,26,0,4,2
fire_24103582,2020-06-25,fire_24103582_2020-06-25_2020-06-27,0,2.0,510,131,9,0,9,0,0,9,0,0,0
fire_24103582,2020-06-26,fire_24103582_2020-06-25_2020-06-27,1,3.0,900,541,26,9,23,3,6,26,0,4,2
fire_24103582,2020-06-27,fire_24103582_2020-06-25_2020-06-27,2,4.0,530,464,14,26,12,2,24,14,0,13,11
fire_24103582,2020-06-26,fire_24103582_2020-06-26_2020-06-28,0,2.0,900,277,26,0,26,0,0,26,0,0,0
fire_24103582,2020-06-27,fire_24103582_2020-06-26_2020-06-28,1,3.0,530,280,14,26,12,2,24,14,0,13,11
fire_24103582,2020-06-28,fire_24103582_2020-06-26_2020-06-28,2,4.0,538,472,11,14,10,1,13,11,0,4,9
fire_24103584,2020-06-05,fire_24103584_2020-06-05_2020-06-09,0,2.0,858,216,0,0,0,0,0,0,0,0,0
fire_24103584,2020-06-08,fire_24103584_2020-06-05_2020-06-09,1,3.0,858,456,0,0,0,0,0,0,0,0,0
fire_24103584,2020-06-09,fire_24103584_2020-06-05_2020-06-09,2,4.0,2046,1980,0,0,0,0,0,0,0,0,0
fire_24103584,2020-06-08,fire_24103584_2020-06-08_2020-06-10,0,2.0,858,216,0,0,0,0,0,0,0,0,0
fire_24103584,2020-06-09,fire_24103584_2020-06-08_2020-06-10,1,3.0,2046,1140,0,0,0,0,0,0,0,0,0
fire_24103584,2020-06-10,fire_24103584_2020-06-08_2020-06-10,2,4.0,2059,2004,0,0,0,0,0,0,0,0,0
fire_24103584,2020-06-09,fire_24103584_2020-06-09_2020-06-11,0,2.0,2046,540,0,0,0,0,0,0,0,0,0
fire_24103584,2020-06-10,fire_24103584_2020-06-09_2020-06-11,1,3.0,2059,1233,0,0,0,0,0,0,0,0,0
fire_24103584,2020-06-11,fire_24103584_2020-06-09_2020-06-11,2,4.0,1668,1668,0,0,0,0,0,0,0,0,0
fire_24103584,2020-06-10,fire_24103584_2020-06-10_2020-06-12,0,2.0,2059,648,0,0,0,0,0,0,0,0,0
fire_24103584,2020-06-11,fire_24103584_2020-06-10_2020-06-12,1,3.0,1668,1150,0,0,0,0,0,0,0,0,0
fire_24103584,2020-06-12,fire_24103584_2020-06-10_2020-06-12,2,4.0,958,958,0,0,0,0,0,0,0,0,0
fire_24103584,2020-06-11,fire_24103584_2020-06-11_2020-06-13,0,2.0,1668,724,0,0,0,0,0,0,0,0,0
fire_24103584,2020-06-12,fire_24103584_2020-06-11_2020-06-13,1,3.0,958,580,0,0,0,0,0,0,0,0,0
fire_24103584,2020-06-13,fire_24103584_2020-06-11_2020-06-13,2,4.0,462,396,0,0,0,0,0,0,0,0,0
fire_24103584,2020-06-12,fire_24103584_2020-06-12_2020-06-14,0,2.0,958,299,0,0,0,0,0,0,0,0,0
fire_24103584,2020-06-13,fire_24103584_2020-06-12_2020-06-14,1,3.0,462,228,0,0,0,0,0,0,0,0,0
fire_24103584,2020-06-14,fire_24103584_2020-06-12_2020-06-14,2,4.0,858,792,0,0,0,0,0,0,0,0,0
fire_24103584,2020-06-13,fire_24103584_2020-06-13_2020-06-15,0,2.0,462,108,0,0,0,0,0,0,0,0,0
fire_24103584,2020-06-14,fire_24103584_2020-06-13_2020-06-15,1,3.0,858,456,0,0,0,0,0,0,0,0,0
fire_24103584,2020-06-15,fire_24103584_2020-06-13_2020-06-15,2,4.0,858,792,0,0,0,0,0,0,0,0,0
fire_24103584,2020-06-14,fire_24103584_2020-06-14_2020-06-16,0,2.0,858,216,0,0,0,0,0,0,0,0,0
fire_24103584,2020-06-15,fire_24103584_2020-06-14_2020-06-16,1,3.0,858,456,0,0,0,0,0,0,0,0,0
fire_24103584,2020-06-16,fire_24103584_2020-06-14_2020-06-16,2,4.0,893,827,0,0,0,0,0,0,0,0,0
fire_24103590,2020-06-05,fire_24103590_2020-06-05_2020-06-09,0,2.0,786,216,0,0,0,0,0,0,0,0,0
fire_24103590,2020-06-08,fire_24103590_2020-06-05_2020-06-09,1,3.0,786,434,0,0,0,0,0,0,0,0,0
fire_24103590,2020-06-09,fire_24103590_2020-06-05_2020-06-09,2,4.0,1974,1908,0,0,0,0,0,0,0,0,0
fire_24103590,2020-06-08,fire_24103590_2020-06-08_2020-06-10,0,2.0,786,216,0,0,0,0,0,0,0,0,0
fire_24103590,2020-06-09,fire_24103590_2020-06-08_2020-06-10,1,3.0,1974,1118,0,0,0,0,0,0,0,0,0
fire_24103590,2020-06-10,fire_24103590_2020-06-08_2020-06-10,2,4.0,1947,1912,0,0,0,0,0,0,0,0,0
fire_24103590,2020-06-09,fire_24103590_2020-06-09_2020-06-11,0,2.0,1974,540,0,0,0,0,0,0,0,0,0
fire_24103590,2020-06-10,fire_24103590_2020-06-09_2020-06-11,1,3.0,1947,1197,0,0,0,0,0,0,0,0,0
fire_24103590,2020-06-11,fire_24103590_2020-06-09_2020-06-11,2,4.0,1732,1668,0,0,0,0,0,0,0,0,0
fire_24103590,2020-06-10,fire_24103590_2020-06-10_2020-06-12,0,2.0,1947,644,0,0,0,0,0,0,0,0,0
fire_24103590,2020-06-11,fire_24103590_2020-06-10_2020-06-12,1,3.0,1732,1150,0,0,0,0,0,0,0,0,0
fire_24103590,2020-06-12,fire_24103590_2020-06-10_2020-06-12,2,4.0,961,958,0,0,0,0,0,0,0,0,0
fire_24103590,2020-06-11,fire_24103590_2020-06-11_2020-06-13,0,2.0,1732,724,0,0,0,0,0,0,0,0,0
fire_24103590,2020-06-12,fire_24103590_2020-06-11_2020-06-13,1,3.0,961,580,0,0,0,0,0,0,0,0,0
fire_24103590,2020-06-13,fire_24103590_2020-06-11_2020-06-13,2,4.0,370,304,0,0,0,0,0,0,0,0,0
fire_24103590,2020-06-12,fire_24103590_2020-06-12_2020-06-14,0,2.0,961,299,0,0,0,0,0,0,0,0,0
fire_24103590,2020-06-13,fire_24103590_2020-06-12_2020-06-14,1,3.0,370,192,0,0,0,0,0,0,0,0,0
fire_24103590,2020-06-14,fire_24103590_2020-06-12_2020-06-14,2,4.0,766,700,0,0,0,0,0,0,0,0,0
fire_24103590,2020-06-13,fire_24103590_2020-06-13_2020-06-15,0,2.0,370,104,0,0,0,0,0,0,0,0,0
fire_24103590,2020-06-14,fire_24103590_2020-06-13_2020-06-15,1,3.0,766,420,0,0,0,0,0,0,0,0,0
fire_24103590,2020-06-15,fire_24103590_2020-06-13_2020-06-15,2,4.0,858,792,0,0,0,0,0,0,0,0,0
fire_24103590,2020-06-14,fire_24103590_2020-06-14_2020-06-16,0,2.0,766,212,0,0,0,0,0,0,0,0,0
fire_24103590,2020-06-15,fire_24103590_2020-06-14_2020-06-16,1,3.0,858,456,0,0,0,0,0,0,0,0,0
fire_24103590,2020-06-16,fire_24103590_2020-06-14_2020-06-16,2,4.0,893,827,0,0,0,0,0,0,0,0,0
fire_24103590,2020-06-15,fire_24103590_2020-06-15_2020-06-17,0,2.0,858,216,0,0,0,0,0,0,0,0,0
fire_24103590,2020-06-16,fire_24103590_2020-06-15_2020-06-17,1,3.0,893,483,0,0,0,0,0,0,0,0,0
fire_24103590,2020-06-17,fire_24103590_2020-06-15_2020-06-17,2,4.0,390,324,0,0,0,0,0,0,0,0,0
fire_24104628,2020-06-30,fire_24104628_2020-06-30_2020-07-02,0,2.0,492,122,6,0,6,0,0,6,0,0,0
fire_24104628,2020-07-01,fire_24104628_2020-06-30_2020-07-02,1,3.0,1335,847,38,6,38,0,6,38,0,0,6
fire_24104628,2020-07-02,fire_24104628_2020-06-30_2020-07-02,2,4.0,553,518,18,38,16,2,36,18,0,23,13
fire_24104628,2020-07-01,fire_24104628_2020-07-01_2020-07-03,0,2.0,1335,464,38,0,38,0,0,38,0,0,0
fire_24104628,2020-07-02,fire_24104628_2020-07-01_2020-07-03,1,3.0,553,320,18,38,16,2,36,18,0,28,8
fire_24104628,2020-07-03,fire_24104628_2020-07-01_2020-07-03,2,4.0,1185,1177,62,18,59,3,15,62,0,7,8
fire_24104628,2020-07-02,fire_24104628_2020-07-02_2020-07-04,0,2.0,553,168,18,0,18,0,0,18,0,0,0
fire_24104628,2020-07-03,fire_24104628_2020-07-02_2020-07-04,1,3.0,1185,825,62,18,59,3,15,62,0,7,8
fire_24104628,2020-07-04,fire_24104628_2020-07-02_2020-07-04,2,4.0,1272,1206,0,62,0,0,62,0,0,10,52
fire_24104628,2020-07-03,fire_24104628_2020-07-03_2020-07-05,0,2.0,1185,487,62,0,62,0,0,62,0,0,0
fire_24104628,2020-07-04,fire_24104628_2020-07-03_2020-07-05,1,3.0,1272,838,0,62,0,0,62,0,0,10,52
fire_24104628,2020-07-05,fire_24104628_2020-07-03_2020-07-05,2,4.0,462,396,0,0,0,0,0,0,0,0,0
fire_24104631,2020-06-28,fire_24104631_2020-06-28_2020-06-30,0,2.0,462,108,0,0,0,0,0,0,0,0,0
fire_24104631,2020-06-29,fire_24104631_2020-06-28_2020-06-30,1,3.0,661,380,0,0,0,0,0,0,0,0,0
fire_24104631,2020-06-30,fire_24104631_2020-06-28_2020-06-30,2,4.0,492,426,6,0,6,0,0,6,0,0,0
fire_24104631,2020-06-29,fire_24104631_2020-06-29_2020-07-01,0,2.0,661,208,0,0,0,0,0,0,0,0,0
fire_24104631,2020-06-30,fire_24104631_2020-06-29_2020-07-01,1,3.0,492,250,6,0,6,0,0,6,0,0,0
fire_24104631,2020-07-01,fire_24104631_2020-06-29_2020-07-01,2,4.0,1320,1318,41,6,41,0,6,41,0,0,6
fire_24104631,2020-06-30,fire_24104631_2020-06-30_2020-07-02,0,2.0,492,122,6,0,6,0,0,6,0,0,0
fire_24104631,2020-07-01,fire_24104631_2020-06-30_2020-07-02,1,3.0,1320,847,41,6,41,0,6,41,0,0,6
fire_24104631,2020-07-02,fire_24104631_2020-06-30_2020-07-02,2,4.0,584,518,19,41,17,2,39,19,0,23,16
fire_24104631,2020-07-01,fire_24104631_2020-07-01_2020-07-03,0,2.0,1320,464,41,0,41,0,0,41,0,0,0
fire_24104631,2020-07-02,fire_24104631_2020-07-01_2020-07-03,1,3.0,584,320,19,41,17,2,39,19,0,28,11
fire_24104631,2020-07-03,fire_24104631_2020-07-01_2020-07-03,2,4.0,1178,1177,65,19,62,3,16,65,0,8,8
fire_24104631,2020-07-02,fire_24104631_2020-07-02_2020-07-04,0,2.0,584,168,19,0,19,0,0,19,0,0,0
fire_24104631,2020-07-03,fire_24104631_2020-07-02_2020-07-04,1,3.0,1178,825,65,19,62,3,16,65,0,8,8
fire_24104631,2020-07-04,fire_24104631_2020-07-02_2020-07-04,2,4.0,1268,1206,0,65,0,0,65,0,0,10,55
fire_24104631,2020-07-03,fire_24104631_2020-07-03_2020-07-05,0,2.0,1178,487,65,0,65,0,0,65,0,0,0
fire_24104631,2020-07-04,fire_24104631_2020-07-03_2020-07-05,1,3.0,1268,838,0,65,0,0,65,0,0,10,55
fire_24104631,2020-07-05,fire_24104631_2020-07-03_2020-07-05,2,4.0,462,396,0,0,0,0,0,0,0,0,0
fire_24104631,2020-07-04,fire_24104631_2020-07-04_2020-07-10,0,2.0,1268,496,0,0,0,0,0,0,0,0,0
fire_24104631,2020-07-05,fire_24104631_2020-07-04_2020-07-10,1,3.0,462,228,0,0,0,0,0,0,0,0,0
fire_24104631,2020-07-10,fire_24104631_2020-07-04_2020-07-10,2,4.0,477,411,0,0,0,0,0,0,0,0,0
fire_24104636,2020-06-27,fire_24104636_2020-06-27_2020-07-01,0,2.0,2042,889,0,0,0,0,0,0,0,0,0
fire_24104636,2020-06-28,fire_24104636_2020-06-27_2020-07-01,1,3.0,1546,1033,48,0,48,0,0,48,0,0,0
fire_24104636,2020-07-01,fire_24104636_2020-06-27_2020-07-01,2,4.0,462,396,0,48,0,0,48,0,0,48,0
fire_24104636,2020-06-28,fire_24104636_2020-06-28_2020-07-02,0,2.0,1546,609,48,0,48,0,0,48,0,0,0
fire_24104636,2020-07-01,fire_24104636_2020-06-28_2020-07-02,1,3.0,462,228,0,48,0,0,48,0,0,48,0
fire_24104636,2020-07-02,fire_24104636_2020-06-28_2020-07-02,2,4.0,462,396,0,0,0,0,0,0,0,0,0
fire_24104636,2020-07-01,fire_24104636_2020-07-01_2020-07-03,0,2.0,462,108,0,0,0,0,0,0,0,0,0
fire_24104636,2020-07-02,fire_24104636_2020-07-01_2020-07-03,1,3.0,462,228,0,0,0,0,0,0,0,0,0
fire_24104636,2020-07-03,fire_24104636_2020-07-01_2020-07-03,2,4.0,492,426,0,0,0,0,0,0,0,0,0
fire_24104636,2020-07-02,fire_24104636_2020-07-02_2020-07-04,0,2.0,462,108,0,0,0,0,0,0,0,0,0
fire_24104636,2020-07-03,fire_24104636_2020-07-02_2020-07-04,1,3.0,492,250,0,0,0,0,0,0,0,0,0
fire_24104636,2020-07-04,fire_24104636_2020-07-02_2020-07-04,2,4.0,462,396,0,0,0,0,0,0,0,0,0
fire_24104636,2020-07-03,fire_24104636_2020-07-03_2020-07-05,0,2.0,492,122,0,0,0,0,0,0,0,0,0
fire_24104636,2020-07-04,fire_24104636_2020-07-03_2020-07-05,1,3.0,462,228,0,0,0,0,0,0,0,0,0
fire_24104636,2020-07-05,fire_24104636_2020-07-03_2020-07-05,2,4.0,462,396,0,0,0,0,0,0,0,0,0
fire_24104636,2020-07-04,fire_24104636_2020-07-04_2020-07-06,0,2.0,462,108,0,0,0,0,0,0,0,0,0
fire_24104636,2020-07-05,fire_24104636_2020-07-04_2020-07-06,1,3.0,462,228,0,0,0,0,0,0,0,0,0
fire_24104636,2020-07-06,fire_24104636_2020-07-04_2020-07-06,2,4.0,477,411,0,0,0,0,0,0,0,0,0
fire_24104640,2020-06-15,fire_24104640_2020-06-15_2020-06-17,0,2.0,923,279,27,0,27,0,0,27,0,0,0
fire_24104640,2020-06-16,fire_24104640_2020-06-15_2020-06-17,1,3.0,1274,820,113,27,108,5,22,113,0,15,7
fire_24104640,2020-06-17,fire_24104640_2020-06-15_2020-06-17,2,4.0,1262,1253,60,113,34,26,87,60,0,10,77
fire_24104640,2020-06-16,fire_24104640_2020-06-16_2020-06-18,0,2.0,1274,454,113,0,113,0,0,113,0,0,0
fire_24104640,2020-06-17,fire_24104640_2020-06-16_2020-06-18,1,3.0,1262,808,60,113,34,26,87,60,0,10,77
fire_24104640,2020-06-18,fire_24104640_2020-06-16_2020-06-18,2,4.0,1012,1012,37,60,27,10,50,37,0,24,26
fire_24104640,2020-06-17,fire_24104640_2020-06-17_2020-06-19,0,2.0,1262,450,60,0,60,0,0,60,0,0,0
fire_24104640,2020-06-18,fire_24104640_2020-06-17_2020-06-19,1,3.0,1012,620,37,60,27,10,50,37,0,31,19
fire_24104640,2020-06-19,fire_24104640_2020-06-17_2020-06-19,2,4.0,891,891,32,37,20,12,25,32,0,17,8
fire_24104644,2020-06-09,fire_24104644_2020-06-09_2020-06-12,0,2.0,875,354,14,0,14,0,0,14,0,0,0
fire_24104644,2020-06-10,fire_24104644_2020-06-09_2020-06-12,1,3.0,545,337,0,14,0,0,14,0,0,3,11
fire_24104644,2020-06-12,fire_24104644_2020-06-09_2020-06-12,2,4.0,459,411,0,0,0,0,0,0,0,0,0
fire_24104654,2020-06-29,fire_24104654_2020-06-29_2020-07-01,0,2.0,711,250,0,0,0,0,0,0,0,0,0
fire_24104654,2020-06-30,fire_24104654_2020-06-29_2020-07-01,1,3.0,1064,730,40,0,40,0,0,40,0,0,0
fire_24104654,2020-07-01,fire_24104654_2020-06-29_2020-07-01,2,4.0,1218,1218,116,40,105,11,29,116,0,21,8
fire_24104654,2020-06-30,fire_24104654_2020-06-30_2020-07-02,0,2.0,1064,442,40,0,40,0,0,40,0,0,0
fire_24104654,2020-07-01,fire_24104654_2020-06-30_2020-07-02,1,3.0,1218,862,116,40,105,11,29,116,0,21,8
fire_24104654,2020-07-02,fire_24104654_2020-06-30_2020-07-02,2,4.0,1263,1263,52,116,39,13,103,52,0,54,49
fire_24104654,2020-07-01,fire_24104654_2020-07-01_2020-07-03,0,2.0,1218,552,116,0,116,0,0,116,0,0,0
fire_24104654,2020-07-02,fire_24104654_2020-07-01_2020-07-03,1,3.0,1263,892,52,116,39,13,103,52,0,54,49
fire_24104654,2020-07-03,fire_24104654_2020-07-01_2020-07-03,2,4.0,1464,1464,88,52,86,2,50,88,0,13,37
fire_24104654,2020-07-02,fire_24104654_2020-07-02_2020-07-05,0,2.0,1263,565,52,0,52,0,0,52,0,0,0
fire_24104654,2020-07-03,fire_24104654_2020-07-02_2020-07-05,1,3.0,1464,1056,88,52,86,2,50,88,0,13,37
fire_24104654,2020-07-05,fire_24104654_2020-07-02_2020-07-05,2,4.0,605,539,7,88,6,1,87,7,0,21,66
fire_24104654,2020-07-03,fire_24104654_2020-07-03_2020-07-06,0,2.0,1464,645,88,0,88,0,0,88,0,0,0
fire_24104654,2020-07-05,fire_24104654_2020-07-03_2020-07-06,1,3.0,605,335,7,88,6,1,87,7,0,32,55
fire_24104654,2020-07-06,fire_24104654_2020-07-03_2020-07-06,2,4.0,553,514,3,7,3,0,7,3,0,5,2
fire_24104654,2020-07-05,fire_24104654_2020-07-05_2020-07-07,0,2.0,605,178,7,0,7,0,0,7,0,0,0
fire_24104654,2020-07-06,fire_24104654_2020-07-05_2020-07-07,1,3.0,553,318,3,7,3,0,7,3,0,5,2
fire_24104654,2020-07-07,fire_24104654_2020-07-05_2020-07-07,2,4.0,503,458,6,3,5,1,2,6,0,1,1
fire_24104658,2020-06-08,fire_24104658_2020-06-08_2020-06-10,0,2.0,476,146,0,0,0,0,0,0,0,0,0
fire_24104658,2020-06-09,fire_24104658_2020-06-08_2020-06-10,1,3.0,1042,730,31,0,31,0,0,31,0,0,0
fire_24104658,2020-06-10,fire_24104658_2020-06-08_2020-06-10,2,4.0,1126,1126,2,31,2,0,31,2,0,13,18
fire_24104658,2020-06-09,fire_24104658_2020-06-09_2020-06-11,0,2.0,1042,461,31,0,31,0,0,31,0,0,0
fire_24104658,2020-06-10,fire_24104658_2020-06-09_2020-06-11,1,3.0,1126,782,2,31,2,0,31,2,0,13,18
fire_24104658,2020-06-11,fire_24104658_2020-06-09_2020-06-11,2,4.0,1136,1136,20,2,20,0,2,20,0,1,1
fire_24104658,2020-06-10,fire_24104658_2020-06-10_2020-06-12,0,2.0,1126,480,2,0,2,0,0,2,0,0,0
fire_24104658,2020-06-11,fire_24104658_2020-06-10_2020-06-12,1,3.0,1136,788,20,2,20,0,2,20,0,1,1
fire_24104658,2020-06-12,fire_24104658_2020-06-10_2020-06-12,2,4.0,1213,1213,2,20,2,0,20,2,0,4,16
fire_24104658,2020-06-11,fire_24104658_2020-06-11_2020-06-13,0,2.0,1136,487,20,0,20,0,0,20,0,0,0
fire_24104658,2020-06-12,fire_24104658_2020-06-11_2020-06-13,1,3.0,1213,858,2,20,2,0,20,2,0,4,16
fire_24104658,2020-06-13,fire_24104658_2020-06-11_2020-06-13,2,4.0,854,852,0,2,0,0,2,0,0,0,2
fire_24104658,2020-06-12,fire_24104658_2020-06-12_2020-06-14,0,2.0,1213,536,2,0,2,0,0,2,0,0,0
fire_24104658,2020-06-13,fire_24104658_2020-06-12_2020-06-14,1,3.0,854,511,0,2,0,0,2,0,0,2,0
fire_24104658,2020-06-14,fire_24104658_2020-06-12_2020-06-14,2,4.0,474,464,0,0,0,0,0,0,0,0,0
fire_24104674,2020-06-17,fire_24104674_2020-06-17_2020-06-19,0,2.0,439,108,0,0,0,0,0,0,0,0,0
fire_24104674,2020-06-18,fire_24104674_2020-06-17_2020-06-19,1,3.0,467,282,14,0,14,0,0,14,0,0,0
fire_24104674,2020-06-19,fire_24104674_2020-06-17_2020-06-19,2,4.0,1197,1197,61,14,56,5,9,61,0,9,0
fire_24104674,2020-06-18,fire_24104674_2020-06-18_2020-06-20,0,2.0,467,142,14,0,14,0,0,14,0,0,0
fire_24104674,2020-06-19,fire_24104674_2020-06-18_2020-06-20,1,3.0,1197,760,61,14,56,5,9,61,0,9,0
fire_24104674,2020-06-20,fire_24104674_2020-06-18_2020-06-20,2,4.0,795,795,68,61,54,14,47,68,0,36,11
fire_24104674,2020-06-19,fire_24104674_2020-06-19_2020-06-21,0,2.0,1197,415,61,0,61,0,0,61,0,0,0
fire_24104674,2020-06-20,fire_24104674_2020-06-19_2020-06-21,1,3.0,795,530,68,61,54,14,47,68,0,36,11
fire_24104674,2020-06-21,fire_24104674_2020-06-19_2020-06-21,2,4.0,914,914,82,68,64,18,50,82,0,41,9
fire_24104674,2020-06-20,fire_24104674_2020-06-20_2020-06-22,0,2.0,795,305,68,0,68,0,0,68,0,0,0
fire_24104674,2020-06-21,fire_24104674_2020-06-20_2020-06-22,1,3.0,914,617,82,68,64,18,50,82,0,41,9
fire_24104674,2020-06-22,fire_24104674_2020-06-20_2020-06-22,2,4.0,1070,1070,114,82,82,32,50,114,0,10,40
fire_24104674,2020-06-21,fire_24104674_2020-06-21_2020-06-23,0,2.0,914,370,82,0,82,0,0,82,0,0,0
fire_24104674,2020-06-22,fire_24104674_2020-06-21_2020-06-23,1,3.0,1070,750,114,82,82,32,50,114,0,10,40
fire_24104674,2020-06-23,fire_24104674_2020-06-21_2020-06-23,2,4.0,1208,1208,93,114,67,26,88,93,0,58,30
fire_24104674,2020-06-22,fire_24104674_2020-06-22_2020-06-24,0,2.0,1070,468,114,0,114,0,0,114,0,0,0
fire_24104674,2020-06-23,fire_24104674_2020-06-22_2020-06-24,1,3.0,1208,862,93,114,67,26,88,93,0,58,30
fire_24104674,2020-06-24,fire_24104674_2020-06-22_2020-06-24,2,4.0,1475,1475,107,93,88,19,74,107,0,40,34
fire_24104674,2020-06-23,fire_24104674_2020-06-23_2020-06-25,0,2.0,1208,556,93,0,93,0,0,93,0,0,0
fire_24104674,2020-06-24,fire_24104674_2020-06-23_2020-06-25,1,3.0,1475,1077,107,93,88,19,74,107,0,40,34
fire_24104674,2020-06-25,fire_24104674_2020-06-23_2020-06-25,2,4.0,1027,984,0,107,0,0,107,0,0,8,99
fire_24104674,2020-06-24,fire_24104674_2020-06-24_2020-06-26,0,2.0,1475,710,107,0,107,0,0,107,0,0,0
fire_24104674,2020-06-25,fire_24104674_2020-06-24_2020-06-26,1,3.0,1027,668,0,107,0,0,107,0,0,22,85
fire_24104674,2020-06-26,fire_24104674_2020-06-24_2020-06-26,2,4.0,811,800,52,0,52,0,0,52,0,0,0
fire_24104674,2020-06-25,fire_24104674_2020-06-25_2020-06-27,0,2.0,1027,367,0,0,0,0,0,0,0,0,0
fire_24104674,2020-06-26,fire_24104674_2020-06-25_2020-06-27,1,3.0,811,536,52,0,52,0,0,52,0,0,0
fire_24104674,2020-06-27,fire_24104674_2020-06-25_2020-06-27,2,4.0,1118,1118,9,52,6,3,49,9,0,25,24
fire_24104674,2020-06-26,fire_24104674_2020-06-26_2020-06-28,0,2.0,811,316,52,0,52,0,0,52,0,0,0
fire_24104674,2020-06-27,fire_24104674_2020-06-26_2020-06-28,1,3.0,1118,795,9,52,6,3,49,9,0,25,24
fire_24104674,2020-06-28,fire_24104674_2020-06-26_2020-06-28,2,4.0,827,817,0,9,0,0,9,0,0,1,8
fire_24104674,2020-06-27,fire_24104674_2020-06-27_2020-06-30,0,2.0,1118,505,9,0,9,0,0,9,0,0,0
fire_24104674,2020-06-28,fire_24104674_2020-06-27_2020-06-30,1,3.0,827,550,0,9,0,0,9,0,0,1,8
fire_24104674,2020-06-30,fire_24104674_2020-06-27_2020-06-30,2,4.0,1084,1084,95,0,95,0,0,95,0,0,0
fire_24104674,2020-06-28,fire_24104674_2020-06-28_2020-07-01,0,2.0,827,330,0,0,0,0,0,0,0,0,0
fire_24104674,2020-06-30,fire_24104674_2020-06-28_2020-07-01,1,3.0,1084,752,95,0,95,0,0,95,0,0,0
fire_24104674,2020-07-01,fire_24104674_2020-06-28_2020-07-01,2,4.0,1199,1199,100,95,67,33,62,100,0,26,36
fire_24104674,2020-06-30,fire_24104674_2020-06-30_2020-07-02,0,2.0,1084,466,95,0,95,0,0,95,0,0,0
fire_24104674,2020-07-01,fire_24104674_2020-06-30_2020-07-02,1,3.0,1199,839,100,95,67,33,62,100,0,26,36
fire_24104674,2020-07-02,fire_24104674_2020-06-30_2020-07-02,2,4.0,1234,1234,131,100,83,48,52,131,0,25,27
fire_24104674,2020-07-01,fire_24104674_2020-07-01_2020-07-03,0,2.0,1199,520,100,0,100,0,0,100,0,0,0
fire_24104674,2020-07-02,fire_24104674_2020-07-01_2020-07-03,1,3.0,1234,871,131,100,83,48,52,131,0,25,27
fire_24104674,2020-07-03,fire_24104674_2020-07-01_2020-07-03,2,4.0,1097,1097,89,131,64,25,106,89,0,7,99
fire_24104674,2020-07-02,fire_24104674_2020-07-02_2020-07-04,0,2.0,1234,553,131,0,131,0,0,131,0,0,0
fire_24104674,2020-07-03,fire_24104674_2020-07-02_2020-07-04,1,3.0,1097,779,89,131,64,25,106,89,0,8,98
fire_24104674,2020-07-04,fire_24104674_2020-07-02_2020-07-04,2,4.0,416,416,0,89,0,0,89,0,0,33,56
fire_24191347,2020-07-23,fire_24191347_2020-07-23_2020-07-25,0,2.0,1301,364,0,0,0,0,0,0,0,0,0
fire_24191347,2020-07-24,fire_24191347_2020-07-23_2020-07-25,1,3.0,1785,1082,16,0,16,0,0,16,0,0,0
fire_24191347,2020-07-25,fire_24191347_2020-07-23_2020-07-25,2,4.0,3135,3135,89,16,86,3,13,89,0,1,12
fire_24191347,2020-07-24,fire_24191347_2020-07-24_2020-07-26,0,2.0,1785,586,16,0,16,0,0,16,0,0,0
fire_24191347,2020-07-25,fire_24191347_2020-07-24_2020-07-26,1,3.0,3135,2118,89,16,86,3,13,89,0,1,12
fire_24191347,2020-07-26,fire_24191347_2020-07-24_2020-07-26,2,4.0,1515,1515,70,89,60,10,79,70,0,45,34
fire_24191347,2020-07-25,fire_24191347_2020-07-25_2020-07-27,0,2.0,3135,1268,89,0,89,0,0,89,0,0,0
fire_24191347,2020-07-26,fire_24191347_2020-07-25_2020-07-27,1,3.0,1515,1118,70,89,60,10,79,70,0,46,33
fire_24191347,2020-07-27,fire_24191347_2020-07-25_2020-07-27,2,4.0,2951,2951,0,70,0,0,70,0,0,13,57
fire_24191347,2020-07-26,fire_24191347_2020-07-26_2020-07-28,0,2.0,1515,744,70,0,70,0,0,70,0,0,0
fire_24191347,2020-07-27,fire_24191347_2020-07-26_2020-07-28,1,3.0,2951,1915,0,70,0,0,70,0,0,25,45
fire_24191347,2020-07-28,fire_24191347_2020-07-26_2020-07-28,2,4.0,3543,3543,19,0,19,0,0,19,0,0,0
fire_24191347,2020-07-27,fire_24191347_2020-07-27_2020-07-29,0,2.0,2951,1088,0,0,0,0,0,0,0,0,0
fire_24191347,2020-07-28,fire_24191347_2020-07-27_2020-07-29,1,3.0,3543,2762,19,0,19,0,0,19,0,0,0
fire_24191347,2020-07-29,fire_24191347_2020-07-27_2020-07-29,2,4.0,2815,2749,17,19,17,0,19,17,0,8,11
fire_24191347,2020-07-28,fire_24191347_2020-07-28_2020-07-30,0,2.0,3543,1875,19,0,19,0,0,19,0,0,0
fire_24191347,2020-07-29,fire_24191347_2020-07-28_2020-07-30,1,3.0,2815,2031,17,19,17,0,19,17,0,8,11
fire_24191347,2020-07-30,fire_24191347_2020-07-28_2020-07-30,2,4.0,2176,2110,27,17,23,4,13,27,0,8,5
fire_24191347,2020-07-29,fire_24191347_2020-07-29_2020-07-31,0,2.0,2815,1263,17,0,17,0,0,17,0,0,0
fire_24191347,2020-07-30,fire_24191347_2020-07-29_2020-07-31,1,3.0,2176,1548,27,17,23,4,13,27,0,8,5
fire_24191347,2020-07-31,fire_24191347_2020-07-29_2020-07-31,2,4.0,1589,1589,36,27,29,7,20,36,0,10,10
fire_24191347,2020-07-30,fire_24191347_2020-07-30_2020-08-01,0,2.0,2176,982,27,0,27,0,0,27,0,0,0
fire_24191347,2020-07-31,fire_24191347_2020-07-30_2020-08-01,1,3.0,1589,1162,36,27,29,7,20,36,0,10,10
fire_24191347,2020-08-01,fire_24191347_2020-07-30_2020-08-01,2,4.0,1437,1371,7,36,3,4,32,7,0,5,27
fire_24191357,2020-07-21,fire_24191357_2020-07-21_2020-07-23,0,2.0,649,206,18,0,18,0,0,18,0,0,0
fire_24191357,2020-07-22,fire_24191357_2020-07-21_2020-07-23,1,3.0,2060,1495,0,18,0,0,18,0,0,7,11
fire_24191357,2020-07-23,fire_24191357_2020-07-21_2020-07-23,2,4.0,1892,1850,18,0,18,0,0,18,0,0,0
fire_24191357,2020-07-22,fire_24191357_2020-07-22_2020-07-24,0,2.0,2060,953,0,0,0,0,0,0,0,0,0
fire_24191357,2020-07-23,fire_24191357_2020-07-22_2020-07-24,1,3.0,1892,1187,18,0,18,0,0,18,0,0,0
fire_24191357,2020-07-24,fire_24191357_2020-07-22_2020-07-24,2,4.0,2473,2442,120,18,114,6,12,120,0,4,8
fire_24191357,2020-07-23,fire_24191357_2020-07-23_2020-07-25,0,2.0,1892,661,18,0,18,0,0,18,0,0,0
fire_24191357,2020-07-24,fire_24191357_2020-07-23_2020-07-25,1,3.0,2473,1753,120,18,114,6,12,120,0,4,8
fire_24191357,2020-07-25,fire_24191357_2020-07-23_2020-07-25,2,4.0,2402,2402,154,120,105,49,71,154,0,34,37
fire_24191357,2020-07-24,fire_24191357_2020-07-24_2020-07-26,0,2.0,2473,1079,120,0,120,0,0,120,0,0,0
fire_24191357,2020-07-25,fire_24191357_2020-07-24_2020-07-26,1,3.0,2402,1729,154,120,105,49,71,154,0,37,34
fire_24191357,2020-07-26,fire_24191357_2020-07-24_2020-07-26,2,4.0,1688,1688,116,154,90,26,128,116,0,48,80
fire_24191357,2020-07-25,fire_24191357_2020-07-25_2020-07-27,0,2.0,2402,1128,154,0,154,0,0,154,0,0,0
fire_24191357,2020-07-26,fire_24191357_2020-07-25_2020-07-27,1,3.0,1688,1206,116,154,90,26,128,116,0,52,76
fire_24191357,2020-07-27,fire_24191357_2020-07-25_2020-07-27,2,4.0,1316,1314,0,116,0,0,116,0,0,41,75
fire_24191360,2020-07-20,fire_24191360_2020-07-20_2020-07-22,0,2.0,692,253,47,0,47,0,0,47,0,0,0
fire_24191360,2020-07-21,fire_24191360_2020-07-20_2020-07-22,1,3.0,965,653,0,47,0,0,47,0,0,33,14
fire_24191360,2020-07-22,fire_24191360_2020-07-20_2020-07-22,2,4.0,1221,1221,8,0,8,0,0,8,0,0,0
fire_24191360,2020-07-21,fire_24191360_2020-07-21_2020-07-23,0,2.0,965,386,0,0,0,0,0,0,0,0,0
fire_24191360,2020-07-22,fire_24191360_2020-07-21_2020-07-23,1,3.0,1221,884,8,0,8,0,0,8,0,0,0
fire_24191360,2020-07-23,fire_24191360_2020-07-21_2020-07-23,2,4.0,1120,1120,0,8,0,0,8,0,0,3,5
fire_24191360,2020-07-22,fire_24191360_2020-07-22_2020-07-24,0,2.0,1221,588,8,0,8,0,0,8,0,0,0
fire_24191360,2020-07-23,fire_24191360_2020-07-22_2020-07-24,1,3.0,1120,770,0,8,0,0,8,0,0,3,5
fire_24191360,2020-07-24,fire_24191360_2020-07-22_2020-07-24,2,4.0,658,653,43,0,43,0,0,43,0,0,0
fire_24191360,2020-07-23,fire_24191360_2020-07-23_2020-07-25,0,2.0,1120,438,0,0,0,0,0,0,0,0,0
fire_24191360,2020-07-24,fire_24191360_2020-07-23_2020-07-25,1,3.0,658,423,43,0,43,0,0,43,0,0,0
fire_24191360,2020-07-25,fire_24191360_2020-07-23_2020-07-25,2,4.0,785,785,38,43,24,14,29,38,0,4,25
fire_24191360,2020-07-24,fire_24191360_2020-07-24_2020-07-26,0,2.0,658,239,43,0,43,0,0,43,0,0,0
fire_24191360,2020-07-25,fire_24191360_2020-07-24_2020-07-26,1,3.0,785,520,38,43,24,14,29,38,0,4,25
fire_24191360,2020-07-26,fire_24191360_2020-07-24_2020-07-26,2,4.0,397,396,13,38,11,2,36,13,0,1,35
fire_24191360,2020-07-25,fire_24191360_2020-07-25_2020-07-27,0,2.0,785,304,38,0,38,0,0,38,0,0,0
fire_24191360,2020-07-26,fire_24191360_2020-07-25_2020-07-27,1,3.0,397,228,13,38,11,2,36,13,0,6,30
fire_24191360,2020-07-27,fire_24191360_2020-07-25_2020-07-27,2,4.0,466,426,0,13,0,0,13,0,0,3,10
fire_24191363,2020-07-28,fire_24191363_2020-07-28_2020-08-01,0,2.0,639,194,18,0,18,0,0,18,0,0,0
fire_24191363,2020-07-30,fire_24191363_2020-07-28_2020-08-01,1,3.0,858,456,0,18,0,0,18,0,0,18,0
fire_24191363,2020-08-01,fire_24191363_2020-07-28_2020-08-01,2,4.0,462,396,0,0,0,0,0,0,0,0,0
fire_24191363,2020-07-30,fire_24191363_2020-07-30_2020-08-03,0,2.0,858,216,0,0,0,0,0,0,0,0,0
fire_24191363,2020-08-01,fire_24191363_2020-07-30_2020-08-03,1,3.0,462,228,0,0,0,0,0,0,0,0,0
fire_24191363,2020-08-03,fire_24191363_2020-07-30_2020-08-03,2,4.0,508,456,0,0,0,0,0,0,0,0,0
fire_24191363,2020-08-01,fire_24191363_2020-08-01_2020-08-04,0,2.0,462,108,0,0,0,0,0,0,0,0,0
fire_24191363,2020-08-03,fire_24191363_2020-08-01_2020-08-04,1,3.0,508,276,0,0,0,0,0,0,0,0,0
fire_24191363,2020-08-04,fire_24191363_2020-08-01_2020-08-04,2,4.0,1100,1099,31,0,31,0,0,31,0,0,0
fire_24191364,2020-07-08,fire_24191364_2020-07-08_2020-07-10,0,2.0,1460,659,123,0,123,0,0,123,0,0,0
fire_24191364,2020-07-09,fire_24191364_2020-07-08_2020-07-10,1,3.0,1056,723,80,123,73,7,116,80,0,77,39
fire_24191364,2020-07-10,fire_24191364_2020-07-08_2020-07-10,2,4.0,435,396,9,80,7,2,78,9,0,36,42
fire_24191364,2020-07-09,fire_24191364_2020-07-09_2020-07-14,0,2.0,1056,446,80,0,80,0,0,80,0,0,0
fire_24191364,2020-07-10,fire_24191364_2020-07-09_2020-07-14,1,3.0,435,228,9,80,7,2,78,9,0,47,31
fire_24191364,2020-07-14,fire_24191364_2020-07-09_2020-07-14,2,4.0,488,459,12,9,11,1,8,12,0,2,6
fire_24191372,2020-07-30,fire_24191372_2020-07-30_2020-08-01,0,2.0,809,321,12,0,12,0,0,12,0,0,0
fire_24191372,2020-07-31,fire_24191372_2020-07-30_2020-08-01,1,3.0,1349,989,15,12,15,0,12,15,0,2,10
fire_24191372,2020-08-01,fire_24191372_2020-07-30_2020-08-01,2,4.0,971,971,0,15,0,0,15,0,0,1,14
fire_24191372,2020-07-31,fire_24191372_2020-07-31_2020-08-03,0,2.0,1349,673,15,0,15,0,0,15,0,0,0
fire_24191372,2020-08-01,fire_24191372_2020-07-31_2020-08-03,1,3.0,971,624,0,15,0,0,15,0,0,2,13
fire_24191372,2020-08-03,fire_24191372_2020-07-31_2020-08-03,2,4.0,723,699,0,0,0,0,0,0,0,0,0
fire_24191376,2020-07-06,fire_24191376_2020-07-06_2020-07-09,0,2.0,746,220,16,0,16,0,0,16,0,0,0
fire_24191376,2020-07-07,fire_24191376_2020-07-06_2020-07-09,1,3.0,462,228,4,16,2,2,14,4,0,9,5
fire_24191376,2020-07-09,fire_24191376_2020-07-06_2020-07-09,2,4.0,2746,2680,0,4,0,0,4,0,0,4,0
fire_24191376,2020-07-07,fire_24191376_2020-07-07_2020-07-10,0,2.0,462,108,4,0,4,0,0,4,0,0,0
fire_24191376,2020-07-09,fire_24191376_2020-07-07_2020-07-10,1,3.0,2746,2101,0,4,0,0,4,0,0,4,0
fire_24191376,2020-07-10,fire_24191376_2020-07-07_2020-07-10,2,4.0,2200,2172,0,0,0,0,0,0,0,0,0
fire_24191376,2020-07-09,fire_24191376_2020-07-09_2020-07-11,0,2.0,2746,1520,0,0,0,0,0,0,0,0,0
fire_24191376,2020-07-10,fire_24191376_2020-07-09_2020-07-11,1,3.0,2200,1355,0,0,0,0,0,0,0,0,0
fire_24191376,2020-07-11,fire_24191376_2020-07-09_2020-07-11,2,4.0,892,826,0,0,0,0,0,0,0,0,0
fire_24191377,2020-07-14,fire_24191377_2020-07-14_2020-07-16,0,2.0,462,108,0,0,0,0,0,0,0,0,0
fire_24191377,2020-07-15,fire_24191377_2020-07-14_2020-07-16,1,3.0,2282,1605,0,0,0,0,0,0,0,0,0
fire_24191377,2020-07-16,fire_24191377_2020-07-14_2020-07-16,2,4.0,972,916,0,0,0,0,0,0,0,0,0
fire_24191377,2020-07-15,fire_24191377_2020-07-15_2020-07-19,0,2.0,2282,1015,0,0,0,0,0,0,0,0,0
fire_24191377,2020-07-16,fire_24191377_2020-07-15_2020-07-19,1,3.0,972,627,0,0,0,0,0,0,0,0,0
fire_24191377,2020-07-19,fire_24191377_2020-07-15_2020-07-19,2,4.0,502,436,0,0,0,0,0,0,0,0,0
fire_24191377,2020-07-16,fire_24191377_2020-07-16_2020-07-20,0,2.0,972,374,0,0,0,0,0,0,0,0,0
fire_24191377,2020-07-19,fire_24191377_2020-07-16_2020-07-20,1,3.0,502,260,0,0,0,0,0,0,0,0,0
fire_24191377,2020-07-20,fire_24191377_2020-07-16_2020-07-20,2,4.0,515,449,0,0,0,0,0,0,0,0,0
fire_24191384,2020-07-06,fire_24191384_2020-07-06_2020-07-08,0,2.0,786,241,0,0,0,0,0,0,0,0,0
fire_24191384,2020-07-07,fire_24191384_2020-07-06_2020-07-08,1,3.0,1113,752,0,0,0,0,0,0,0,0,0
fire_24191384,2020-07-08,fire_24191384_2020-07-06_2020-07-08,2,4.0,226,162,0,0,0,0,0,0,0,0,0
fire_24191384,2020-07-07,fire_24191384_2020-07-07_2020-07-09,0,2.0,1113,444,0,0,0,0,0,0,0,0,0
fire_24191384,2020-07-08,fire_24191384_2020-07-07_2020-07-09,1,3.0,226,103,0,0,0,0,0,0,0,0,0
fire_24191384,2020-07-09,fire_24191384_2020-07-07_2020-07-09,2,4.0,1018,954,0,0,0,0,0,0,0,0,0
fire_24191384,2020-07-08,fire_24191384_2020-07-08_2020-07-10,0,2.0,226,54,0,0,0,0,0,0,0,0,0
fire_24191384,2020-07-09,fire_24191384_2020-07-08_2020-07-10,1,3.0,1018,559,0,0,0,0,0,0,0,0,0
fire_24191384,2020-07-10,fire_24191384_2020-07-08_2020-07-10,2,4.0,1044,979,0,0,0,0,0,0,0,0,0
fire_24191384,2020-07-09,fire_24191384_2020-07-09_2020-07-11,0,2.0,1018,270,0,0,0,0,0,0,0,0,0
fire_24191384,2020-07-10,fire_24191384_2020-07-09_2020-07-11,1,3.0,1044,576,0,0,0,0,0,0,0,0,0
fire_24191384,2020-07-11,fire_24191384_2020-07-09_2020-07-11,2,4.0,654,588,0,0,0,0,0,0,0,0,0
fire_24191384,2020-07-10,fire_24191384_2020-07-10_2020-07-13,0,2.0,1044,281,0,0,0,0,0,0,0,0,0
fire_24191384,2020-07-11,fire_24191384_2020-07-10_2020-07-13,1,3.0,654,353,0,0,0,0,0,0,0,0,0
fire_24191384,2020-07-13,fire_24191384_2020-07-10_2020-07-13,2,4.0,457,391,0,0,0,0,0,0,0,0,0
fire_24191384,2020-07-11,fire_24191384_2020-07-11_2020-07-14,0,2.0,654,176,0,0,0,0,0,0,0,0,0
fire_24191384,2020-07-13,fire_24191384_2020-07-11_2020-07-14,1,3.0,457,223,0,0,0,0,0,0,0,0,0
fire_24191384,2020-07-14,fire_24191384_2020-07-11_2020-07-14,2,4.0,462,396,0,0,0,0,0,0,0,0,0
fire_24191389,2020-07-18,fire_24191389_2020-07-18_2020-07-20,0,2.0,729,263,0,0,0,0,0,0,0,0,0
fire_24191389,2020-07-19,fire_24191389_2020-07-18_2020-07-20,1,3.0,672,432,1,0,1,0,0,1,0,0,0
fire_24191389,2020-07-20,fire_24191389_2020-07-18_2020-07-20,2,4.0,997,931,8,1,8,0,1,8,0,0,1
fire_24191389,2020-07-19,fire_24191389_2020-07-19_2020-07-21,0,2.0,672,241,1,0,1,0,0,1,0,0,0
fire_24191389,2020-07-20,fire_24191389_2020-07-19_2020-07-21,1,3.0,997,644,8,1,8,0,1,8,0,0,1
fire_24191389,2020-07-21,fire_24191389_2020-07-19_2020-07-21,2,4.0,739,673,0,8,0,0,8,0,0,3,5
fire_24191393,2020-07-15,fire_24191393_2020-07-15_2020-07-17,0,2.0,1189,528,31,0,31,0,0,31,0,0,0
fire_24191393,2020-07-16,fire_24191393_2020-07-15_2020-07-17,1,3.0,1858,1342,2,31,2,0,31,2,0,12,19
fire_24191393,2020-07-17,fire_24191393_2020-07-15_2020-07-17,2,4.0,1704,1704,3,2,3,0,2,3,0,2,0
fire_24191393,2020-07-16,fire_24191393_2020-07-16_2020-07-18,0,2.0,1858,826,2,0,2,0,0,2,0,0,0
fire_24191393,2020-07-17,fire_24191393_2020-07-16_2020-07-18,1,3.0,1704,1158,3,2,3,0,2,3,0,2,0
fire_24191393,2020-07-18,fire_24191393_2020-07-16_2020-07-18,2,4.0,1433,1433,13,3,12,1,2,13,0,2,0
fire_24191393,2020-07-17,fire_24191393_2020-07-17_2020-07-19,0,2.0,1704,696,3,0,3,0,0,3,0,0,0
fire_24191393,2020-07-18,fire_24191393_2020-07-17_2020-07-19,1,3.0,1433,1041,13,3,12,1,2,13,0,2,0
fire_24191393,2020-07-19,fire_24191393_2020-07-17_2020-07-19,2,4.0,1582,1582,24,13,21,3,10,24,0,0,10
fire_24191393,2020-07-18,fire_24191393_2020-07-18_2020-07-20,0,2.0,1433,665,13,0,13,0,0,13,0,0,0
fire_24191393,2020-07-19,fire_24191393_2020-07-18_2020-07-20,1,3.0,1582,1058,24,13,21,3,10,24,0,2,8
fire_24191393,2020-07-20,fire_24191393_2020-07-18_2020-07-20,2,4.0,929,929,74,24,74,0,24,74,0,18,6
fire_24191393,2020-07-19,fire_24191393_2020-07-19_2020-07-21,0,2.0,1582,610,24,0,24,0,0,24,0,0,0
fire_24191393,2020-07-20,fire_24191393_2020-07-19_2020-07-21,1,3.0,929,630,74,24,74,0,24,74,0,18,6
fire_24191393,2020-07-21,fire_24191393_2020-07-19_2020-07-21,2,4.0,918,912,18,74,15,3,71,18,0,18,53
fire_24191393,2020-07-20,fire_24191393_2020-07-20_2020-07-24,0,2.0,929,382,74,0,74,0,0,74,0,0,0
fire_24191393,2020-07-21,fire_24191393_2020-07-20_2020-07-24,1,3.0,918,624,18,74,15,3,71,18,0,18,53
fire_24191393,2020-07-24,fire_24191393_2020-07-20_2020-07-24,2,4.0,462,396,0,18,0,0,18,0,0,18,0
fire_24191395,2020-07-30,fire_24191395_2020-07-30_2020-08-01,0,2.0,530,158,0,0,0,0,0,0,0,0,0
fire_24191395,2020-07-31,fire_24191395_2020-07-30_2020-08-01,1,3.0,1279,908,31,0,31,0,0,31,0,0,0
fire_24191395,2020-08-01,fire_24191395_2020-07-30_2020-08-01,2,4.0,1087,1082,22,31,22,0,31,22,0,2,29
fire_24191395,2020-07-31,fire_24191395_2020-07-31_2020-08-02,0,2.0,1279,571,31,0,31,0,0,31,0,0,0
fire_24191395,2020-08-01,fire_24191395_2020-07-31_2020-08-02,1,3.0,1087,679,22,31,22,0,31,22,0,8,23
fire_24191395,2020-08-02,fire_24191395_2020-07-31_2020-08-02,2,4.0,519,453,2,22,2,0,22,2,0,21,1
fire_24191395,2020-08-01,fire_24191395_2020-08-01_2020-08-03,0,2.0,1087,359,22,0,22,0,0,22,0,0,0
fire_24191395,2020-08-02,fire_24191395_2020-08-01_2020-08-03,1,3.0,519,271,2,22,2,0,22,2,0,21,1
fire_24191395,2020-08-03,fire_24191395_2020-08-01_2020-08-03,2,4.0,492,426,0,2,0,0,2,0,0,0,2
fire_24191402,2020-07-02,fire_24191402_2020-07-02_2020-07-04,0,2.0,492,122,6,0,6,0,0,6,0,0,0
fire_24191402,2020-07-03,fire_24191402_2020-07-02_2020-07-04,1,3.0,631,354,2,6,2,0,6,2,0,6,0
fire_24191402,2020-07-04,fire_24191402_2020-07-02_2020-07-04,2,4.0,66,0,0,2,0,0,2,0,0,2,0
fire_24191402,2020-07-03,fire_24191402_2020-07-03_2020-07-05,0,2.0,631,192,2,0,2,0,0,2,0,0,0
fire_24191402,2020-07-04,fire_24191402_2020-07-03_2020-07-05,1,3.0,66,0,0,2,0,0,2,0,0,2,0
fire_24191402,2020-07-05,fire_24191402_2020-07-03_2020-07-05,2,4.0,462,396,0,0,0,0,0,0,0,0,0
fire_24191411,2020-07-17,fire_24191411_2020-07-17_2020-07-19,0,2.0,1745,567,0,0,0,0,0,0,0,0,0
fire_24191411,2020-07-18,fire_24191411_2020-07-17_2020-07-19,1,3.0,461,228,0,0,0,0,0,0,0,0,0
fire_24191411,2020-07-19,fire_24191411_2020-07-17_2020-07-19,2,4.0,662,596,0,0,0,0,0,0,0,0,0
fire_24191411,2020-07-18,fire_24191411_2020-07-18_2020-07-20,0,2.0,461,108,0,0,0,0,0,0,0,0,0
fire_24191411,2020-07-19,fire_24191411_2020-07-18_2020-07-20,1,3.0,662,379,0,0,0,0,0,0,0,0,0
fire_24191411,2020-07-20,fire_24191411_2020-07-18_2020-07-20,2,4.0,774,708,0,0,0,0,0,0,0,0,0
fire_24191411,2020-07-19,fire_24191411_2020-07-19_2020-07-22,0,2.0,662,211,0,0,0,0,0,0,0,0,0
fire_24191411,2020-07-20,fire_24191411_2020-07-19_2020-07-22,1,3.0,774,467,0,0,0,0,0,0,0,0,0
fire_24191411,2020-07-22,fire_24191411_2020-07-19_2020-07-22,2,4.0,706,640,1,0,1,0,0,1,0,0,0
fire_24191411,2020-07-20,fire_24191411_2020-07-20_2020-07-23,0,2.0,774,273,0,0,0,0,0,0,0,0,0
fire_24191411,2020-07-22,fire_24191411_2020-07-20_2020-07-23,1,3.0,706,416,1,0,1,0,0,1,0,0,0
fire_24191411,2020-07-23,fire_24191411_2020-07-20_2020-07-23,2,4.0,1356,1306,0,1,0,0,1,0,0,0,1
fire_24191411,2020-07-22,fire_24191411_2020-07-22_2020-07-25,0,2.0,706,239,1,0,1,0,0,1,0,0,0
fire_24191411,2020-07-23,fire_24191411_2020-07-22_2020-07-25,1,3.0,1356,772,0,1,0,0,1,0,0,0,1
fire_24191411,2020-07-25,fire_24191411_2020-07-22_2020-07-25,2,4.0,477,411,0,0,0,0,0,0,0,0,0
fire_24191411,2020-07-23,fire_24191411_2020-07-23_2020-07-26,0,2.0,1356,382,0,0,0,0,0,0,0,0,0
fire_24191411,2020-07-25,fire_24191411_2020-07-23_2020-07-26,1,3.0,477,239,0,0,0,0,0,0,0,0,0
fire_24191411,2020-07-26,fire_24191411_2020-07-23_2020-07-26,2,4.0,462,396,0,0,0,0,0,0,0,0,0
fire_24191418,2020-08-01,fire_24191418_2020-08-01_2020-08-03,0,2.0,858,216,0,0,0,0,0,0,0,0,0
fire_24191418,2020-08-02,fire_24191418_2020-08-01_2020-08-03,1,3.0,919,623,52,0,52,0,0,52,0,0,0
fire_24191418,2020-08-03,fire_24191418_2020-08-01_2020-08-03,2,4.0,1912,1912,79,52,69,10,42,79,0,10,32
fire_24191418,2020-08-02,fire_24191418_2020-08-02_2020-08-04,0,2.0,919,375,52,0,52,0,0,52,0,0,0
fire_24191418,2020-08-03,fire_24191418_2020-08-02_2020-08-04,1,3.0,1912,1414,79,52,69,10,42,79,0,13,29
fire_24191418,2020-08-04,fire_24191418_2020-08-02_2020-08-04,2,4.0,2076,2076,43,79,40,3,76,43,0,34,42
fire_24191418,2020-08-03,fire_24191418_2020-08-03_2020-08-05,0,2.0,1912,965,79,0,79,0,0,79,0,0,0
fire_24191418,2020-08-04,fire_24191418_2020-08-03_2020-08-05,1,3.0,2076,1460,43,79,40,3,76,43,0,39,37
fire_24191418,2020-08-05,fire_24191418_2020-08-03_2020-08-05,2,4.0,2192,2185,32,43,23,9,34,32,0,3,31
fire_24191418,2020-08-04,fire_24191418_2020-08-04_2020-08-06,0,2.0,2076,925,43,0,43,0,0,43,0,0,0
fire_24191418,2020-08-05,fire_24191418_2020-08-04_2020-08-06,1,3.0,2192,1511,32,43,23,9,34,32,0,3,31
fire_24191418,2020-08-06,fire_24191418_2020-08-04_2020-08-06,2,4.0,2568,2568,41,32,34,7,25,41,0,6,19
fire_24191418,2020-08-05,fire_24191418_2020-08-05_2020-08-07,0,2.0,2192,893,32,0,32,0,0,32,0,0,0
fire_24191418,2020-08-06,fire_24191418_2020-08-05_2020-08-07,1,3.0,2568,1713,41,32,34,7,25,41,0,6,19
fire_24191418,2020-08-07,fire_24191418_2020-08-05_2020-08-07,2,4.0,2234,2234,50,41,37,13,28,50,0,11,17
fire_24191418,2020-08-06,fire_24191418_2020-08-06_2020-08-08,0,2.0,2568,943,41,0,41,0,0,41,0,0,0
fire_24191418,2020-08-07,fire_24191418_2020-08-06_2020-08-08,1,3.0,2234,1526,50,41,37,13,28,50,0,11,17
fire_24191418,2020-08-08,fire_24191418_2020-08-06_2020-08-08,2,4.0,2007,2007,78,50,70,8,42,78,0,10,32
fire_24191418,2020-08-07,fire_24191418_2020-08-07_2020-08-09,0,2.0,2234,856,50,0,50,0,0,50,0,0,0
fire_24191418,2020-08-08,fire_24191418_2020-08-07_2020-08-09,1,3.0,2007,1364,78,50,70,8,42,78,0,10,32
fire_24191418,2020-08-09,fire_24191418_2020-08-07_2020-08-09,2,4.0,1160,1160,0,78,0,0,78,0,0,17,61
fire_24191418,2020-08-08,fire_24191418_2020-08-08_2020-08-10,0,2.0,2007,744,78,0,78,0,0,78,0,0,0
fire_24191418,2020-08-09,fire_24191418_2020-08-08_2020-08-10,1,3.0,1160,766,0,78,0,0,78,0,0,20,58
fire_24191418,2020-08-10,fire_24191418_2020-08-08_2020-08-10,2,4.0,954,888,1,0,1,0,0,1,0,0,0
fire_24191418,2020-08-09,fire_24191418_2020-08-09_2020-08-11,0,2.0,1160,427,0,0,0,0,0,0,0,0,0
fire_24191418,2020-08-10,fire_24191418_2020-08-09_2020-08-11,1,3.0,954,527,1,0,1,0,0,1,0,0,0
fire_24191418,2020-08-11,fire_24191418_2020-08-09_2020-08-11,2,4.0,1254,1188,0,1,0,0,1,0,0,1,0
fire_24191418,2020-08-10,fire_24191418_2020-08-10_2020-08-12,0,2.0,954,262,1,0,1,0,0,1,0,0,0
fire_24191418,2020-08-11,fire_24191418_2020-08-10_2020-08-12,1,3.0,1254,684,0,1,0,0,1,0,0,1,0
fire_24191418,2020-08-12,fire_24191418_2020-08-10_2020-08-12,2,4.0,1172,1161,0,0,0,0,0,0,0,0,0
fire_24191418,2020-08-11,fire_24191418_2020-08-11_2020-08-13,0,2.0,1254,324,0,0,0,0,0,0,0,0,0
fire_24191418,2020-08-12,fire_24191418_2020-08-11_2020-08-13,1,3.0,1172,684,0,0,0,0,0,0,0,0,0
fire_24191418,2020-08-13,fire_24191418_2020-08-11_2020-08-13,2,4.0,858,792,0,0,0,0,0,0,0,0,0
fire_24191418,2020-08-12,fire_24191418_2020-08-12_2020-08-14,0,2.0,1172,324,0,0,0,0,0,0,0,0,0
fire_24191418,2020-08-13,fire_24191418_2020-08-12_2020-08-14,1,3.0,858,456,0,0,0,0,0,0,0,0,0
fire_24191418,2020-08-14,fire_24191418_2020-08-12_2020-08-14,2,4.0,462,396,0,0,0,0,0,0,0,0,0
fire_24191423,2020-07-31,fire_24191423_2020-07-31_2020-08-02,0,2.0,477,115,0,0,0,0,0,0,0,0,0
fire_24191423,2020-08-01,fire_24191423_2020-07-31_2020-08-02,1,3.0,510,264,0,0,0,0,0,0,0,0,0
fire_24191423,2020-08-02,fire_24191423_2020-07-31_2020-08-02,2,4.0,462,396,0,0,0,0,0,0,0,0,0
fire_24191423,2020-08-01,fire_24191423_2020-08-01_2020-08-03,0,2.0,510,131,0,0,0,0,0,0,0,0,0
fire_24191423,2020-08-02,fire_24191423_2020-08-01_2020-08-03,1,3.0,462,228,0,0,0,0,0,0,0,0,0
fire_24191423,2020-08-03,fire_24191423_2020-08-01_2020-08-03,2,4.0,702,702,0,0,0,0,0,0,0,0,0
fire_24191423,2020-08-02,fire_24191423_2020-08-02_2020-08-04,0,2.0,462,108,0,0,0,0,0,0,0,0,0
fire_24191423,2020-08-03,fire_24191423_2020-08-02_2020-08-04,1,3.0,702,450,0,0,0,0,0,0,0,0,0
fire_24191423,2020-08-04,fire_24191423_2020-08-02_2020-08-04,2,4.0,1897,1897,0,0,0,0,0,0,0,0,0
fire_24191423,2020-08-03,fire_24191423_2020-08-03_2020-08-05,0,2.0,702,233,0,0,0,0,0,0,0,0,0
fire_24191423,2020-08-04,fire_24191423_2020-08-03_2020-08-05,1,3.0,1897,1322,0,0,0,0,0,0,0,0,0
fire_24191423,2020-08-05,fire_24191423_2020-08-03_2020-08-05,2,4.0,1848,1848,0,0,0,0,0,0,0,0,0
fire_24191423,2020-08-04,fire_24191423_2020-08-04_2020-08-06,0,2.0,1897,831,0,0,0,0,0,0,0,0,0
fire_24191423,2020-08-05,fire_24191423_2020-08-04_2020-08-06,1,3.0,1848,1253,0,0,0,0,0,0,0,0,0
fire_24191423,2020-08-06,fire_24191423_2020-08-04_2020-08-06,2,4.0,1702,1702,0,0,0,0,0,0,0,0,0
fire_24191423,2020-08-05,fire_24191423_2020-08-05_2020-08-07,0,2.0,1848,717,0,0,0,0,0,0,0,0,0
fire_24191423,2020-08-06,fire_24191423_2020-08-05_2020-08-07,1,3.0,1702,1153,0,0,0,0,0,0,0,0,0
fire_24191423,2020-08-07,fire_24191423_2020-08-05_2020-08-07,2,4.0,1430,1430,0,0,0,0,0,0,0,0,0
fire_24191423,2020-08-06,fire_24191423_2020-08-06_2020-08-08,0,2.0,1702,678,0,0,0,0,0,0,0,0,0
fire_24191423,2020-08-07,fire_24191423_2020-08-06_2020-08-08,1,3.0,1430,957,0,0,0,0,0,0,0,0,0
fire_24191423,2020-08-08,fire_24191423_2020-08-06_2020-08-08,2,4.0,1288,1286,0,0,0,0,0,0,0,0,0
fire_24191423,2020-08-07,fire_24191423_2020-08-07_2020-08-09,0,2.0,1430,576,0,0,0,0,0,0,0,0,0
fire_24191423,2020-08-08,fire_24191423_2020-08-07_2020-08-09,1,3.0,1288,831,0,0,0,0,0,0,0,0,0
fire_24191423,2020-08-09,fire_24191423_2020-08-07_2020-08-09,2,4.0,1144,1078,0,0,0,0,0,0,0,0,0
fire_24191423,2020-08-08,fire_24191423_2020-08-08_2020-08-10,0,2.0,1288,462,0,0,0,0,0,0,0,0,0
fire_24191423,2020-08-09,fire_24191423_2020-08-08_2020-08-10,1,3.0,1144,672,0,0,0,0,0,0,0,0,0
fire_24191423,2020-08-10,fire_24191423_2020-08-08_2020-08-10,2,4.0,1239,1173,0,0,0,0,0,0,0,0,0
fire_24191423,2020-08-09,fire_24191423_2020-08-09_2020-08-11,0,2.0,1144,361,0,0,0,0,0,0,0,0,0
fire_24191423,2020-08-10,fire_24191423_2020-08-09_2020-08-11,1,3.0,1239,733,0,0,0,0,0,0,0,0,0
fire_24191423,2020-08-11,fire_24191423_2020-08-09_2020-08-11,2,4.0,1295,1295,0,0,0,0,0,0,0,0,0
fire_24191423,2020-08-10,fire_24191423_2020-08-10_2020-08-12,0,2.0,1239,373,0,0,0,0,0,0,0,0,0
fire_24191423,2020-08-11,fire_24191423_2020-08-10_2020-08-12,1,3.0,1295,841,0,0,0,0,0,0,0,0,0
fire_24191423,2020-08-12,fire_24191423_2020-08-10_2020-08-12,2,4.0,1276,1210,0,0,0,0,0,0,0,0,0
fire_24191423,2020-08-11,fire_24191423_2020-08-11_2020-08-13,0,2.0,1295,470,0,0,0,0,0,0,0,0,0
fire_24191423,2020-08-12,fire_24191423_2020-08-11_2020-08-13,1,3.0,1276,774,0,0,0,0,0,0,0,0,0
fire_24191423,2020-08-13,fire_24191423_2020-08-11_2020-08-13,2,4.0,462,396,0,0,0,0,0,0,0,0,0
fire_24191423,2020-08-12,fire_24191423_2020-08-12_2020-08-14,0,2.0,1276,428,0,0,0,0,0,0,0,0,0
fire_24191423,2020-08-13,fire_24191423_2020-08-12_2020-08-14,1,3.0,462,228,0,0,0,0,0,0,0,0,0
fire_24191423,2020-08-14,fire_24191423_2020-08-12_2020-08-14,2,4.0,462,396,0,0,0,0,0,0,0,0,0
fire_24191423,2020-08-13,fire_24191423_2020-08-13_2020-08-15,0,2.0,462,108,0,0,0,0,0,0,0,0,0
fire_24191423,2020-08-14,fire_24191423_2020-08-13_2020-08-15,1,3.0,462,228,0,0,0,0,0,0,0,0,0
fire_24191423,2020-08-15,fire_24191423_2020-08-13_2020-08-15,2,4.0,542,476,0,0,0,0,0,0,0,0,0
fire_24191423,2020-08-14,fire_24191423_2020-08-14_2020-08-16,0,2.0,462,108,0,0,0,0,0,0,0,0,0
fire_24191423,2020-08-15,fire_24191423_2020-08-14_2020-08-16,1,3.0,542,292,0,0,0,0,0,0,0,0,0
fire_24191423,2020-08-16,fire_24191423_2020-08-14_2020-08-16,2,4.0,462,396,0,0,0,0,0,0,0,0,0
fire_24191423,2020-08-15,fire_24191423_2020-08-15_2020-08-17,0,2.0,542,148,0,0,0,0,0,0,0,0,0
fire_24191423,2020-08-16,fire_24191423_2020-08-15_2020-08-17,1,3.0,462,228,0,0,0,0,0,0,0,0,0
fire_24191423,2020-08-17,fire_24191423_2020-08-15_2020-08-17,2,4.0,687,621,0,0,0,0,0,0,0,0,0
fire_24191423,2020-08-16,fire_24191423_2020-08-16_2020-08-18,0,2.0,462,108,0,0,0,0,0,0,0,0,0
fire_24191423,2020-08-17,fire_24191423_2020-08-16_2020-08-18,1,3.0,687,397,0,0,0,0,0,0,0,0,0
fire_24191423,2020-08-18,fire_24191423_2020-08-16_2020-08-18,2,4.0,564,498,0,0,0,0,0,0,0,0,0
fire_24191427,2020-07-14,fire_24191427_2020-07-14_2020-07-16,0,2.0,827,332,0,0,0,0,0,0,0,0,0
fire_24191427,2020-07-15,fire_24191427_2020-07-14_2020-07-16,1,3.0,3149,2303,0,0,0,0,0,0,0,0,0
fire_24191427,2020-07-16,fire_24191427_2020-07-14_2020-07-16,2,4.0,1476,1410,0,0,0,0,0,0,0,0,0
fire_24191427,2020-07-15,fire_24191427_2020-07-15_2020-07-17,0,2.0,3149,1504,0,0,0,0,0,0,0,0,0
fire_24191427,2020-07-16,fire_24191427_2020-07-15_2020-07-17,1,3.0,1476,1014,0,0,0,0,0,0,0,0,0
fire_24191427,2020-07-17,fire_24191427_2020-07-15_2020-07-17,2,4.0,645,579,0,0,0,0,0,0,0,0,0
fire_24191427,2020-07-16,fire_24191427_2020-07-16_2020-07-19,0,2.0,1476,643,0,0,0,0,0,0,0,0,0
fire_24191427,2020-07-17,fire_24191427_2020-07-16_2020-07-19,1,3.0,645,366,0,0,0,0,0,0,0,0,0
fire_24191427,2020-07-19,fire_24191427_2020-07-16_2020-07-19,2,4.0,596,530,4,0,4,0,0,4,0,0,0
fire_24191673,2020-07-09,fire_24191673_2020-07-09_2020-07-13,0,2.0,462,108,0,0,0,0,0,0,0,0,0
fire_24191673,2020-07-12,fire_24191673_2020-07-09_2020-07-13,1,3.0,527,304,0,0,0,0,0,0,0,0,0
fire_24191673,2020-07-13,fire_24191673_2020-07-09_2020-07-13,2,4.0,1259,1193,0,0,0,0,0,0,0,0,0
fire_24191673,2020-07-12,fire_24191673_2020-07-12_2020-07-15,0,2.0,527,157,0,0,0,0,0,0,0,0,0
fire_24191673,2020-07-13,fire_24191673_2020-07-12_2020-07-15,1,3.0,1259,837,0,0,0,0,0,0,0,0,0
fire_24191673,2020-07-15,fire_24191673_2020-07-12_2020-07-15,2,4.0,462,396,0,0,0,0,0,0,0,0,0
fire_24191680,2020-07-05,fire_24191680_2020-07-05_2020-07-08,0,2.0,482,118,0,0,0,0,0,0,0,0,0
fire_24191680,2020-07-07,fire_24191680_2020-07-05_2020-07-08,1,3.0,522,276,0,0,0,0,0,0,0,0,0
fire_24191680,2020-07-08,fire_24191680_2020-07-05_2020-07-08,2,4.0,1206,1140,0,0,0,0,0,0,0,0,0
fire_24191680,2020-07-07,fire_24191680_2020-07-07_2020-07-15,0,2.0,522,138,0,0,0,0,0,0,0,0,0
fire_24191680,2020-07-08,fire_24191680_2020-07-07_2020-07-15,1,3.0,1206,723,0,0,0,0,0,0,0,0,0
fire_24191680,2020-07-15,fire_24191680_2020-07-07_2020-07-15,2,4.0,66,0,0,0,0,0,0,0,0,0,0
fire_24191680,2020-07-08,fire_24191680_2020-07-08_2020-07-17,0,2.0,1206,394,0,0,0,0,0,0,0,0,0
fire_24191680,2020-07-15,fire_24191680_2020-07-08_2020-07-17,1,3.0,66,0,0,0,0,0,0,0,0,0,0
fire_24191680,2020-07-17,fire_24191680_2020-07-08_2020-07-17,2,4.0,462,396,0,0,0,0,0,0,0,0,0
fire_24191680,2020-07-15,fire_24191680_2020-07-15_2020-07-19,0,2.0,66,0,0,0,0,0,0,0,0,0,0
fire_24191680,2020-07-17,fire_24191680_2020-07-15_2020-07-19,1,3.0,462,228,0,0,0,0,0,0,0,0,0
fire_24191680,2020-07-19,fire_24191680_2020-07-15_2020-07-19,2,4.0,462,396,0,0,0,0,0,0,0,0,0
fire_24191741,2020-07-19,fire_24191741_2020-07-19_2020-07-21,0,2.0,632,218,4,0,4,0,0,4,0,0,0
fire_24191741,2020-07-20,fire_24191741_2020-07-19_2020-07-21,1,3.0,878,472,4,4,4,0,4,4,0,0,4
fire_24191741,2020-07-21,fire_24191741_2020-07-19_2020-07-21,2,4.0,482,416,0,4,0,0,4,0,0,2,2
fire_24191741,2020-07-20,fire_24191741_2020-07-20_2020-07-22,0,2.0,878,226,4,0,4,0,0,4,0,0,0
fire_24191741,2020-07-21,fire_24191741_2020-07-20_2020-07-22,1,3.0,482,244,0,4,0,0,4,0,0,2,2
fire_24191741,2020-07-22,fire_24191741_2020-07-20_2020-07-22,2,4.0,462,396,2,0,2,0,0,2,0,0,0
fire_24191741,2020-07-21,fire_24191741_2020-07-21_2020-07-24,0,2.0,482,118,0,0,0,0,0,0,0,0,0
fire_24191741,2020-07-22,fire_24191741_2020-07-21_2020-07-24,1,3.0,462,228,2,0,2,0,0,2,0,0,0
fire_24191741,2020-07-24,fire_24191741_2020-07-21_2020-07-24,2,4.0,467,444,0,2,0,0,2,0,0,2,0
fire_24191741,2020-07-22,fire_24191741_2020-07-22_2020-07-25,0,2.0,462,108,2,0,2,0,0,2,0,0,0
fire_24191741,2020-07-24,fire_24191741_2020-07-22_2020-07-25,1,3.0,467,264,0,2,0,0,2,0,0,2,0
fire_24191741,2020-07-25,fire_24191741_2020-07-22_2020-07-25,2,4.0,462,396,1,0,1,0,0,1,0,0,0
fire_24191741,2020-07-24,fire_24191741_2020-07-24_2020-07-27,0,2.0,467,131,0,0,0,0,0,0,0,0,0
fire_24191741,2020-07-25,fire_24191741_2020-07-24_2020-07-27,1,3.0,462,228,1,0,1,0,0,1,0,0,0
fire_24191741,2020-07-27,fire_24191741_2020-07-24_2020-07-27,2,4.0,462,396,0,1,0,0,1,0,0,0,1
fire_24191741,2020-07-25,fire_24191741_2020-07-25_2020-07-29,0,2.0,462,108,1,0,1,0,0,1,0,0,0
fire_24191741,2020-07-27,fire_24191741_2020-07-25_2020-07-29,1,3.0,462,228,0,1,0,0,1,0,0,0,1
fire_24191741,2020-07-29,fire_24191741_2020-07-25_2020-07-29,2,4.0,482,416,0,0,0,0,0,0,0,0,0
fire_24191741,2020-07-27,fire_24191741_2020-07-27_2020-07-30,0,2.0,462,108,0,0,0,0,0,0,0,0,0
fire_24191741,2020-07-29,fire_24191741_2020-07-27_2020-07-30,1,3.0,482,244,0,0,0,0,0,0,0,0,0
fire_24191741,2020-07-30,fire_24191741_2020-07-27_2020-07-30,2,4.0,495,429,0,0,0,0,0,0,0,0,0
fire_24191741,2020-07-29,fire_24191741_2020-07-29_2020-07-31,0,2.0,482,118,0,0,0,0,0,0,0,0,0
fire_24191741,2020-07-30,fire_24191741_2020-07-29_2020-07-31,1,3.0,495,253,0,0,0,0,0,0,0,0,0
fire_24191741,2020-07-31,fire_24191741_2020-07-29_2020-07-31,2,4.0,443,396,0,0,0,0,0,0,0,0,0
fire_24191756,2020-07-14,fire_24191756_2020-07-14_2020-07-16,0,2.0,883,341,0,0,0,0,0,0,0,0,0
fire_24191756,2020-07-15,fire_24191756_2020-07-14_2020-07-16,1,3.0,954,650,0,0,0,0,0,0,0,0,0
fire_24191756,2020-07-16,fire_24191756_2020-07-14_2020-07-16,2,4.0,1007,1007,69,0,69,0,0,69,0,0,0
fire_24191756,2020-07-15,fire_24191756_2020-07-15_2020-07-17,0,2.0,954,390,0,0,0,0,0,0,0,0,0
fire_24191756,2020-07-16,fire_24191756_2020-07-15_2020-07-17,1,3.0,1007,698,69,0,69,0,0,69,0,0,0
fire_24191756,2020-07-17,fire_24191756_2020-07-15_2020-07-17,2,4.0,1175,1175,98,69,85,13,56,98,0,15,41
fire_24191756,2020-07-16,fire_24191756_2020-07-16_2020-07-18,0,2.0,1007,428,69,0,69,0,0,69,0,0,0
fire_24191756,2020-07-17,fire_24191756_2020-07-16_2020-07-18,1,3.0,1175,838,98,69,85,13,56,98,0,15,41
fire_24191756,2020-07-18,fire_24191756_2020-07-16_2020-07-18,2,4.0,856,830,42,98,25,17,81,42,0,15,66
fire_24191756,2020-07-17,fire_24191756_2020-07-17_2020-07-24,0,2.0,1175,544,98,0,98,0,0,98,0,0,0
fire_24191756,2020-07-18,fire_24191756_2020-07-17_2020-07-24,1,3.0,856,560,42,98,25,17,81,42,0,15,66
fire_24191756,2020-07-24,fire_24191756_2020-07-17_2020-07-24,2,4.0,477,411,0,42,0,0,42,0,0,42,0
fire_24191760,2020-07-31,fire_24191760_2020-07-31_2020-08-02,0,2.0,1014,418,0,0,0,0,0,0,0,0,0
fire_24191760,2020-08-01,fire_24191760_2020-07-31_2020-08-02,1,3.0,1274,908,0,0,0,0,0,0,0,0,0
fire_24191760,2020-08-02,fire_24191760_2020-07-31_2020-08-02,2,4.0,1073,1023,0,0,0,0,0,0,0,0,0
fire_24191760,2020-08-01,fire_24191760_2020-08-01_2020-08-04,0,2.0,1274,578,0,0,0,0,0,0,0,0,0
fire_24191760,2020-08-02,fire_24191760_2020-08-01_2020-08-04,1,3.0,1073,687,0,0,0,0,0,0,0,0,0
fire_24191760,2020-08-04,fire_24191760_2020-08-01_2020-08-04,2,4.0,462,396,0,0,0,0,0,0,0,0,0
fire_24191933,2020-07-24,fire_24191933_2020-07-24_2020-07-26,0,2.0,482,118,0,0,0,0,0,0,0,0,0
fire_24191933,2020-07-25,fire_24191933_2020-07-24_2020-07-26,1,3.0,1354,859,19,0,19,0,0,19,0,0,0
fire_24191933,2020-07-26,fire_24191933_2020-07-24_2020-07-26,2,4.0,493,491,17,19,12,5,14,17,0,3,11
fire_24191943,2020-07-28,fire_24191943_2020-07-28_2020-07-30,0,2.0,482,150,4,0,4,0,0,4,0,0,0
fire_24191943,2020-07-29,fire_24191943_2020-07-28_2020-07-30,1,3.0,517,317,3,4,3,0,4,3,0,1,3
fire_24191943,2020-07-30,fire_24191943_2020-07-28_2020-07-30,2,4.0,1169,1169,13,3,13,0,3,13,0,2,1
fire_24191943,2020-07-29,fire_24191943_2020-07-29_2020-07-31,0,2.0,517,165,3,0,3,0,0,3,0,0,0
fire_24191943,2020-07-30,fire_24191943_2020-07-29_2020-07-31,1,3.0,1169,739,13,3,13,0,3,13,0,2,1
fire_24191943,2020-07-31,fire_24191943_2020-07-29_2020-07-31,2,4.0,670,670,0,13,0,0,13,0,0,1,12
fire_24191943,2020-07-30,fire_24191943_2020-07-30_2020-08-01,0,2.0,1169,399,13,0,13,0,0,13,0,0,0
fire_24191943,2020-07-31,fire_24191943_2020-07-30_2020-08-01,1,3.0,670,437,0,13,0,0,13,0,0,1,12
fire_24191943,2020-08-01,fire_24191943_2020-07-30_2020-08-01,2,4.0,706,640,0,0,0,0,0,0,0,0,0
fire_24191943,2020-07-31,fire_24191943_2020-07-31_2020-08-02,0,2.0,670,245,0,0,0,0,0,0,0,0,0
fire_24191943,2020-08-01,fire_24191943_2020-07-31_2020-08-02,1,3.0,706,412,0,0,0,0,0,0,0,0,0
fire_24191943,2020-08-02,fire_24191943_2020-07-31_2020-08-02,2,4.0,600,534,0,0,0,0,0,0,0,0,0
fire_24191943,2020-08-01,fire_24191943_2020-08-01_2020-08-03,0,2.0,706,232,0,0,0,0,0,0,0,0,0
fire_24191943,2020-08-02,fire_24191943_2020-08-01_2020-08-03,1,3.0,600,336,0,0,0,0,0,0,0,0,0
fire_24191943,2020-08-03,fire_24191943_2020-08-01_2020-08-03,2,4.0,552,499,0,0,0,0,0,0,0,0,0
fire_24191943,2020-08-02,fire_24191943_2020-08-02_2020-08-04,0,2.0,600,179,0,0,0,0,0,0,0,0,0
fire_24191943,2020-08-03,fire_24191943_2020-08-02_2020-08-04,1,3.0,552,307,0,0,0,0,0,0,0,0,0
fire_24191943,2020-08-04,fire_24191943_2020-08-02_2020-08-04,2,4.0,396,396,5,0,5,0,0,5,0,0,0
fire_24191943,2020-08-03,fire_24191943_2020-08-03_2020-08-05,0,2.0,552,158,0,0,0,0,0,0,0,0,0
fire_24191943,2020-08-04,fire_24191943_2020-08-03_2020-08-05,1,3.0,396,228,5,0,5,0,0,5,0,0,0
fire_24191943,2020-08-05,fire_24191943_2020-08-03_2020-08-05,2,4.0,66,0,0,5,0,0,5,0,0,2,3
fire_24191943,2020-08-04,fire_24191943_2020-08-04_2020-08-06,0,2.0,396,108,5,0,5,0,0,5,0,0,0
fire_24191943,2020-08-05,fire_24191943_2020-08-04_2020-08-06,1,3.0,66,0,0,5,0,0,5,0,0,2,3
fire_24191943,2020-08-06,fire_24191943_2020-08-04_2020-08-06,2,4.0,66,0,0,0,0,0,0,0,0,0,0
fire_24191979,2020-07-23,fire_24191979_2020-07-23_2020-07-25,0,2.0,486,138,0,0,0,0,0,0,0,0,0
fire_24191979,2020-07-24,fire_24191979_2020-07-23_2020-07-25,1,3.0,1157,801,0,0,0,0,0,0,0,0,0
fire_24191979,2020-07-25,fire_24191979_2020-07-23_2020-07-25,2,4.0,462,396,0,0,0,0,0,0,0,0,0
fire_24332591,2020-08-14,fire_24332591_2020-08-14_2020-08-16,0,2.0,1486,709,95,0,95,0,0,95,0,0,0
fire_24332591,2020-08-15,fire_24332591_2020-08-14_2020-08-16,1,3.0,1494,1109,136,95,94,42,53,136,0,29,24
fire_24332591,2020-08-16,fire_24332591_2020-08-14_2020-08-16,2,4.0,1599,1599,62,136,43,19,117,62,0,43,74
fire_24332591,2020-08-15,fire_24332591_2020-08-15_2020-08-17,0,2.0,1494,756,136,0,136,0,0,136,0,0,0
fire_24332591,2020-08-16,fire_24332591_2020-08-15_2020-08-17,1,3.0,1599,1171,62,136,43,19,117,62,0,43,74
fire_24332591,2020-08-17,fire_24332591_2020-08-15_2020-08-17,2,4.0,1981,1981,61,62,53,8,54,61,0,11,43
fire_24332591,2020-08-16,fire_24332591_2020-08-16_2020-08-18,0,2.0,1599,760,62,0,62,0,0,62,0,0,0
fire_24332591,2020-08-17,fire_24332591_2020-08-16_2020-08-18,1,3.0,1981,1370,61,62,53,8,54,61,0,11,43
fire_24332591,2020-08-18,fire_24332591_2020-08-16_2020-08-18,2,4.0,943,877,10,61,8,2,59,10,0,23,36
fire_24332591,2020-08-17,fire_24332591_2020-08-17_2020-08-19,0,2.0,1981,821,61,0,61,0,0,61,0,0,0
fire_24332591,2020-08-18,fire_24332591_2020-08-17_2020-08-19,1,3.0,943,521,10,61,8,2,59,10,0,31,28
fire_24332591,2020-08-19,fire_24332591_2020-08-17_2020-08-19,2,4.0,1362,1327,18,10,16,2,8,18,0,0,8
fire_24332591,2020-08-18,fire_24332591_2020-08-18_2020-08-20,0,2.0,943,257,10,0,10,0,0,10,0,0,0
fire_24332591,2020-08-19,fire_24332591_2020-08-18_2020-08-20,1,3.0,1362,841,18,10,16,2,8,18,0,0,8
fire_24332591,2020-08-20,fire_24332591_2020-08-18_2020-08-20,2,4.0,1675,1675,87,18,80,7,11,87,0,7,4
fire_24332591,2020-08-19,fire_24332591_2020-08-19_2020-08-21,0,2.0,1362,428,18,0,18,0,0,18,0,0,0
fire_24332591,2020-08-20,fire_24332591_2020-08-19_2020-08-21,1,3.0,1675,1157,87,18,80,7,11,87,0,7,4
fire_24332591,2020-08-21,fire_24332591_2020-08-19_2020-08-21,2,4.0,1291,1291,92,87,71,21,66,92,0,10,56
fire_24332591,2020-08-20,fire_24332591_2020-08-20_2020-08-22,0,2.0,1675,697,87,0,87,0,0,87,0,0,0
fire_24332591,2020-08-21,fire_24332591_2020-08-20_2020-08-22,1,3.0,1291,906,92,87,71,21,66,92,0,10,56
fire_24332591,2020-08-22,fire_24332591_2020-08-20_2020-08-22,2,4.0,1371,1371,51,92,28,23,69,51,0,33,36
fire_24332591,2020-08-21,fire_24332591_2020-08-21_2020-08-23,0,2.0,1291,534,92,0,92,0,0,92,0,0,0
fire_24332591,2020-08-22,fire_24332591_2020-08-21_2020-08-23,1,3.0,1371,976,51,92,28,23,69,51,0,33,36
fire_24332591,2020-08-23,fire_24332591_2020-08-21_2020-08-23,2,4.0,1352,1352,52,51,42,10,41,52,0,13,28
fire_24332591,2020-08-22,fire_24332591_2020-08-22_2020-08-24,0,2.0,1371,619,51,0,51,0,0,51,0,0,0
fire_24332591,2020-08-23,fire_24332591_2020-08-22_2020-08-24,1,3.0,1352,944,52,51,42,10,41,52,0,13,28
fire_24332591,2020-08-24,fire_24332591_2020-08-22_2020-08-24,2,4.0,1374,1373,64,52,51,13,39,64,0,15,24
fire_24332591,2020-08-23,fire_24332591_2020-08-23_2020-08-25,0,2.0,1352,559,52,0,52,0,0,52,0,0,0
fire_24332591,2020-08-24,fire_24332591_2020-08-23_2020-08-25,1,3.0,1374,932,64,52,51,13,39,64,0,15,24
fire_24332591,2020-08-25,fire_24332591_2020-08-23_2020-08-25,2,4.0,1124,1058,17,64,10,7,57,17,0,3,54
fire_24332591,2020-08-24,fire_24332591_2020-08-24_2020-08-26,0,2.0,1374,536,64,0,64,0,0,64,0,0,0
fire_24332591,2020-08-25,fire_24332591_2020-08-24_2020-08-26,1,3.0,1124,660,17,64,10,7,57,17,0,3,54
fire_24332591,2020-08-26,fire_24332591_2020-08-24_2020-08-26,2,4.0,1383,1327,7,17,5,2,15,7,0,2,13
fire_24332591,2020-08-25,fire_24332591_2020-08-25_2020-08-27,0,2.0,1124,355,17,0,17,0,0,17,0,0,0
fire_24332591,2020-08-26,fire_24332591_2020-08-25_2020-08-27,1,3.0,1383,876,7,17,5,2,15,7,0,3,12
fire_24332591,2020-08-27,fire_24332591_2020-08-25_2020-08-27,2,4.0,1562,1562,0,7,0,0,7,0,0,5,2
fire_24332591,2020-08-26,fire_24332591_2020-08-26_2020-08-28,0,2.0,1383,463,7,0,7,0,0,7,0,0,0
fire_24332591,2020-08-27,fire_24332591_2020-08-26_2020-08-28,1,3.0,1562,1078,0,7,0,0,7,0,0,5,2
fire_24332591,2020-08-28,fire_24332591_2020-08-26_2020-08-28,2,4.0,1627,1570,0,0,0,0,0,0,0,0,0
fire_24332591,2020-08-27,fire_24332591_2020-08-27_2020-08-29,0,2.0,1562,642,0,0,0,0,0,0,0,0,0
fire_24332591,2020-08-28,fire_24332591_2020-08-27_2020-08-29,1,3.0,1627,1088,0,0,0,0,0,0,0,0,0
fire_24332591,2020-08-29,fire_24332591_2020-08-27_2020-08-29,2,4.0,1529,1529,0,0,0,0,0,0,0,0,0
fire_24332591,2020-08-28,fire_24332591_2020-08-28_2020-08-30,0,2.0,1627,659,0,0,0,0,0,0,0,0,0
fire_24332591,2020-08-29,fire_24332591_2020-08-28_2020-08-30,1,3.0,1529,1038,0,0,0,0,0,0,0,0,0
fire_24332591,2020-08-30,fire_24332591_2020-08-28_2020-08-30,2,4.0,1479,1479,40,0,40,0,0,40,0,0,0
fire_24332591,2020-08-29,fire_24332591_2020-08-29_2020-08-31,0,2.0,1529,610,0,0,0,0,0,0,0,0,0
fire_24332591,2020-08-30,fire_24332591_2020-08-29_2020-08-31,1,3.0,1479,1021,40,0,40,0,0,40,0,0,0
fire_24332591,2020-08-31,fire_24332591_2020-08-29_2020-08-31,2,4.0,1615,1615,0,40,0,0,40,0,0,8,32
fire_24332591,2020-08-30,fire_24332591_2020-08-30_2020-09-01,0,2.0,1479,596,40,0,40,0,0,40,0,0,0
fire_24332591,2020-08-31,fire_24332591_2020-08-30_2020-09-01,1,3.0,1615,1146,0,40,0,0,40,0,0,8,32
fire_24332591,2020-09-01,fire_24332591_2020-08-30_2020-09-01,2,4.0,1401,1401,0,0,0,0,0,0,0,0,0
fire_24332591,2020-08-31,fire_24332591_2020-08-31_2020-09-02,0,2.0,1615,702,0,0,0,0,0,0,0,0,0
fire_24332591,2020-09-01,fire_24332591_2020-08-31_2020-09-02,1,3.0,1401,939,0,0,0,0,0,0,0,0,0
fire_24332591,2020-09-02,fire_24332591_2020-08-31_2020-09-02,2,4.0,2268,2268,0,0,0,0,0,0,0,0,0
fire_24332591,2020-09-01,fire_24332591_2020-09-01_2020-09-03,0,2.0,1401,540,0,0,0,0,0,0,0,0,0
fire_24332591,2020-09-02,fire_24332591_2020-09-01_2020-09-03,1,3.0,2268,1527,0,0,0,0,0,0,0,0,0
fire_24332591,2020-09-03,fire_24332591_2020-09-01_2020-09-03,2,4.0,2343,2343,0,0,0,0,0,0,0,0,0
fire_24332591,2020-09-02,fire_24332591_2020-09-02_2020-09-04,0,2.0,2268,876,0,0,0,0,0,0,0,0,0
fire_24332591,2020-09-03,fire_24332591_2020-09-02_2020-09-04,1,3.0,2343,1632,0,0,0,0,0,0,0,0,0
fire_24332591,2020-09-04,fire_24332591_2020-09-02_2020-09-04,2,4.0,2353,2351,6,0,6,0,0,6,0,0,0
fire_24332591,2020-09-03,fire_24332591_2020-09-03_2020-09-05,0,2.0,2343,992,0,0,0,0,0,0,0,0,0
fire_24332591,2020-09-04,fire_24332591_2020-09-03_2020-09-05,1,3.0,2353,1648,6,0,6,0,0,6,0,0,0
fire_24332591,2020-09-05,fire_24332591_2020-09-03_2020-09-05,2,4.0,1975,1975,102,6,102,0,6,102,0,6,0
fire_24332591,2020-09-04,fire_24332591_2020-09-04_2020-09-06,0,2.0,2353,1007,6,0,6,0,0,6,0,0,0
fire_24332591,2020-09-05,fire_24332591_2020-09-04_2020-09-06,1,3.0,1975,1455,102,6,102,0,6,102,0,6,0
fire_24332591,2020-09-06,fire_24332591_2020-09-04_2020-09-06,2,4.0,1859,1859,157,102,132,25,77,157,0,29,48
fire_24332591,2020-09-05,fire_24332591_2020-09-05_2020-09-07,0,2.0,1975,957,102,0,102,0,0,102,0,0,0
fire_24332591,2020-09-06,fire_24332591_2020-09-05_2020-09-07,1,3.0,1859,1381,157,102,132,25,77,157,0,31,46
fire_24332591,2020-09-07,fire_24332591_2020-09-05_2020-09-07,2,4.0,1932,1932,0,157,0,0,157,0,0,44,113
fire_24332591,2020-09-06,fire_24332591_2020-09-06_2020-09-08,0,2.0,1859,936,157,0,157,0,0,157,0,0,0
fire_24332591,2020-09-07,fire_24332591_2020-09-06_2020-09-08,1,3.0,1932,1448,0,157,0,0,157,0,0,44,113
fire_24332591,2020-09-08,fire_24332591_2020-09-06_2020-09-08,2,4.0,2873,2873,258,0,258,0,0,258,0,0,0
fire_24332591,2020-09-07,fire_24332591_2020-09-07_2020-09-09,0,2.0,1932,990,0,0,0,0,0,0,0,0,0
fire_24332591,2020-09-08,fire_24332591_2020-09-07_2020-09-09,1,3.0,2873,2116,258,0,258,0,0,258,0,0,0
fire_24332591,2020-09-09,fire_24332591_2020-09-07_2020-09-09,2,4.0,3148,3148,246,258,216,30,228,246,0,140,88
fire_24332591,2020-09-08,fire_24332591_2020-09-08_2020-09-10,0,2.0,2873,1408,258,0,258,0,0,258,0,0,0
fire_24332591,2020-09-09,fire_24332591_2020-09-08_2020-09-10,1,3.0,3148,2419,246,258,216,30,228,246,0,143,85
fire_24332591,2020-09-10,fire_24332591_2020-09-08_2020-09-10,2,4.0,3727,3727,45,246,41,4,242,45,0,52,190
fire_24332591,2020-09-09,fire_24332591_2020-09-09_2020-09-11,0,2.0,3148,1665,246,0,246,0,0,246,0,0,0
fire_24332591,2020-09-10,fire_24332591_2020-09-09_2020-09-11,1,3.0,3727,2974,45,246,41,4,242,45,0,52,190
fire_24332591,2020-09-11,fire_24332591_2020-09-09_2020-09-11,2,4.0,3951,3951,264,45,254,10,35,264,0,17,18
fire_24332591,2020-09-10,fire_24332591_2020-09-10_2020-09-12,0,2.0,3727,2119,45,0,45,0,0,45,0,0,0
fire_24332591,2020-09-11,fire_24332591_2020-09-10_2020-09-12,1,3.0,3951,3102,264,45,254,10,35,264,0,17,18
fire_24332591,2020-09-12,fire_24332591_2020-09-10_2020-09-12,2,4.0,4229,4229,293,264,255,38,226,293,0,81,145
fire_24332592,2020-08-16,fire_24332592_2020-08-16_2020-08-20,0,2.0,510,131,0,0,0,0,0,0,0,0,0
fire_24332592,2020-08-19,fire_24332592_2020-08-16_2020-08-20,1,3.0,794,486,44,0,44,0,0,44,0,0,0
fire_24332592,2020-08-20,fire_24332592_2020-08-16_2020-08-20,2,4.0,926,860,56,44,49,7,37,56,0,4,33
fire_24332592,2020-08-19,fire_24332592_2020-08-19_2020-08-21,0,2.0,794,280,44,0,44,0,0,44,0,0,0
fire_24332592,2020-08-20,fire_24332592_2020-08-19_2020-08-21,1,3.0,926,579,56,44,49,7,37,56,0,12,25
fire_24332592,2020-08-21,fire_24332592_2020-08-19_2020-08-21,2,4.0,690,624,25,56,22,3,53,25,0,14,39
fire_24332592,2020-08-20,fire_24332592_2020-08-20_2020-08-22,0,2.0,926,341,56,0,56,0,0,56,0,0,0
fire_24332592,2020-08-21,fire_24332592_2020-08-20_2020-08-22,1,3.0,690,399,25,56,22,3,53,25,0,19,34
fire_24332592,2020-08-22,fire_24332592_2020-08-20_2020-08-22,2,4.0,811,745,34,25,29,5,20,34,0,4,16
fire_24332592,2020-08-21,fire_24332592_2020-08-21_2020-08-23,0,2.0,690,220,25,0,25,0,0,25,0,0,0
fire_24332592,2020-08-22,fire_24332592_2020-08-21_2020-08-23,1,3.0,811,496,34,25,29,5,20,34,0,4,16
fire_24332592,2020-08-23,fire_24332592_2020-08-21_2020-08-23,2,4.0,1261,1261,141,34,131,10,24,141,0,9,15
fire_24332592,2020-08-22,fire_24332592_2020-08-22_2020-08-24,0,2.0,811,291,34,0,34,0,0,34,0,0,0
fire_24332592,2020-08-23,fire_24332592_2020-08-22_2020-08-24,1,3.0,1261,906,141,34,131,10,24,141,0,9,15
fire_24332592,2020-08-24,fire_24332592_2020-08-22_2020-08-24,2,4.0,2998,2998,18,141,18,0,141,18,0,32,109
fire_24332592,2020-08-23,fire_24332592_2020-08-23_2020-08-25,0,2.0,1261,596,141,0,141,0,0,141,0,0,0
fire_24332592,2020-08-24,fire_24332592_2020-08-23_2020-08-25,1,3.0,2998,2297,18,141,18,0,141,18,0,32,109
fire_24332592,2020-08-25,fire_24332592_2020-08-23_2020-08-25,2,4.0,3792,3726,7,18,7,0,18,7,0,3,15
fire_24332592,2020-08-24,fire_24332592_2020-08-24_2020-08-26,0,2.0,2998,1585,18,0,18,0,0,18,0,0,0
fire_24332592,2020-08-25,fire_24332592_2020-08-24_2020-08-26,1,3.0,3792,2773,7,18,7,0,18,7,0,3,15
fire_24332592,2020-08-26,fire_24332592_2020-08-24_2020-08-26,2,4.0,3655,3651,78,7,78,0,7,78,0,0,7
fire_24332592,2020-08-25,fire_24332592_2020-08-25_2020-08-27,0,2.0,3792,1814,7,0,7,0,0,7,0,0,0
fire_24332592,2020-08-26,fire_24332592_2020-08-25_2020-08-27,1,3.0,3655,2515,78,7,78,0,7,78,0,2,5
fire_24332592,2020-08-27,fire_24332592_2020-08-25_2020-08-27,2,4.0,2380,2380,48,78,38,10,68,48,0,32,36
fire_24332592,2020-08-26,fire_24332592_2020-08-26_2020-08-28,0,2.0,3655,1487,78,0,78,0,0,78,0,0,0
fire_24332592,2020-08-27,fire_24332592_2020-08-26_2020-08-28,1,3.0,2380,1531,48,78,38,10,68,48,0,32,36
fire_24332592,2020-08-28,fire_24332592_2020-08-26_2020-08-28,2,4.0,1536,1490,0,48,0,0,48,0,0,15,33
fire_24332592,2020-08-27,fire_24332592_2020-08-27_2020-08-29,0,2.0,2380,843,48,0,48,0,0,48,0,0,0
fire_24332592,2020-08-28,fire_24332592_2020-08-27_2020-08-29,1,3.0,1536,984,0,48,0,0,48,0,0,15,33
fire_24332592,2020-08-29,fire_24332592_2020-08-27_2020-08-29,2,4.0,1670,1604,0,0,0,0,0,0,0,0,0
fire_24332592,2020-08-28,fire_24332592_2020-08-28_2020-08-30,0,2.0,1536,564,0,0,0,0,0,0,0,0,0
fire_24332592,2020-08-29,fire_24332592_2020-08-28_2020-08-30,1,3.0,1670,1007,0,0,0,0,0,0,0,0,0
fire_24332592,2020-08-30,fire_24332592_2020-08-28_2020-08-30,2,4.0,2675,2675,170,0,170,0,0,170,0,0,0
fire_24332592,2020-08-29,fire_24332592_2020-08-29_2020-08-31,0,2.0,1670,539,0,0,0,0,0,0,0,0,0
fire_24332592,2020-08-30,fire_24332592_2020-08-29_2020-08-31,1,3.0,2675,1857,170,0,170,0,0,170,0,0,0
fire_24332592,2020-08-31,fire_24332592_2020-08-29_2020-08-31,2,4.0,1730,1667,77,170,63,14,156,77,0,40,116
fire_24332592,2020-08-30,fire_24332592_2020-08-30_2020-09-01,0,2.0,2675,1131,170,0,170,0,0,170,0,0,0
fire_24332592,2020-08-31,fire_24332592_2020-08-30_2020-09-01,1,3.0,1730,1127,77,170,63,14,156,77,0,55,101
fire_24332592,2020-09-01,fire_24332592_2020-08-30_2020-09-01,2,4.0,776,734,11,77,10,1,76,11,0,24,52
fire_24332592,2020-08-31,fire_24332592_2020-08-31_2020-09-02,0,2.0,1730,671,77,0,77,0,0,77,0,0,0
fire_24332592,2020-09-01,fire_24332592_2020-08-31_2020-09-02,1,3.0,776,474,11,77,10,1,76,11,0,26,50
fire_24332592,2020-09-02,fire_24332592_2020-08-31_2020-09-02,2,4.0,1383,1383,0,11,0,0,11,0,0,3,8
fire_24332592,2020-09-01,fire_24332592_2020-09-01_2020-09-03,0,2.0,776,240,11,0,11,0,0,11,0,0,0
fire_24332592,2020-09-02,fire_24332592_2020-09-01_2020-09-03,1,3.0,1383,908,0,11,0,0,11,0,0,3,8
fire_24332592,2020-09-03,fire_24332592_2020-09-01_2020-09-03,2,4.0,662,596,0,0,0,0,0,0,0,0,0
fire_24332592,2020-09-02,fire_24332592_2020-09-02_2020-09-04,0,2.0,1383,513,0,0,0,0,0,0,0,0,0
fire_24332592,2020-09-03,fire_24332592_2020-09-02_2020-09-04,1,3.0,662,374,0,0,0,0,0,0,0,0,0
fire_24332592,2020-09-04,fire_24332592_2020-09-02_2020-09-04,2,4.0,1223,1223,0,0,0,0,0,0,0,0,0
fire_24332592,2020-09-03,fire_24332592_2020-09-03_2020-09-05,0,2.0,662,202,0,0,0,0,0,0,0,0,0
fire_24332592,2020-09-04,fire_24332592_2020-09-03_2020-09-05,1,3.0,1223,884,0,0,0,0,0,0,0,0,0
fire_24332592,2020-09-05,fire_24332592_2020-09-03_2020-09-05,2,4.0,1096,1033,32,0,32,0,0,32,0,0,0
fire_24332592,2020-09-04,fire_24332592_2020-09-04_2020-09-06,0,2.0,1223,591,0,0,0,0,0,0,0,0,0
fire_24332592,2020-09-05,fire_24332592_2020-09-04_2020-09-06,1,3.0,1096,670,32,0,32,0,0,32,0,0,0
fire_24332592,2020-09-06,fire_24332592_2020-09-04_2020-09-06,2,4.0,861,795,14,32,12,2,30,14,0,0,30
fire_24332592,2020-09-05,fire_24332592_2020-09-05_2020-09-08,0,2.0,1096,357,32,0,32,0,0,32,0,0,0
fire_24332592,2020-09-06,fire_24332592_2020-09-05_2020-09-08,1,3.0,861,467,14,32,12,2,30,14,0,0,30
fire_24332592,2020-09-08,fire_24332592_2020-09-05_2020-09-08,2,4.0,462,396,7,14,7,0,14,7,0,8,6
fire_24332592,2020-09-06,fire_24332592_2020-09-06_2020-09-09,0,2.0,861,223,14,0,14,0,0,14,0,0,0
fire_24332592,2020-09-08,fire_24332592_2020-09-06_2020-09-09,1,3.0,462,228,7,14,7,0,14,7,0,8,6
fire_24332592,2020-09-09,fire_24332592_2020-09-06_2020-09-09,2,4.0,602,536,0,7,0,0,7,0,0,2,5
fire_24332600,2020-08-08,fire_24332600_2020-08-08_2020-08-10,0,2.0,1164,551,0,0,0,0,0,0,0,0,0
fire_24332600,2020-08-09,fire_24332600_2020-08-08_2020-08-10,1,3.0,1159,834,0,0,0,0,0,0,0,0,0
fire_24332600,2020-08-10,fire_24332600_2020-08-08_2020-08-10,2,4.0,1710,1710,0,0,0,0,0,0,0,0,0
fire_24332600,2020-08-09,fire_24332600_2020-08-09_2020-08-11,0,2.0,1159,557,0,0,0,0,0,0,0,0,0
fire_24332600,2020-08-10,fire_24332600_2020-08-09_2020-08-11,1,3.0,1710,1182,0,0,0,0,0,0,0,0,0
fire_24332600,2020-08-11,fire_24332600_2020-08-09_2020-08-11,2,4.0,1257,1257,0,0,0,0,0,0,0,0,0
fire_24332600,2020-08-10,fire_24332600_2020-08-10_2020-08-12,0,2.0,1710,738,0,0,0,0,0,0,0,0,0
fire_24332600,2020-08-11,fire_24332600_2020-08-10_2020-08-12,1,3.0,1257,915,0,0,0,0,0,0,0,0,0
fire_24332600,2020-08-12,fire_24332600_2020-08-10_2020-08-12,2,4.0,1342,1342,104,0,104,0,0,104,0,0,0
fire_24332600,2020-08-11,fire_24332600_2020-08-11_2020-08-13,0,2.0,1257,610,0,0,0,0,0,0,0,0,0
fire_24332600,2020-08-12,fire_24332600_2020-08-11_2020-08-13,1,3.0,1342,969,104,0,104,0,0,104,0,0,0
fire_24332600,2020-08-13,fire_24332600_2020-08-11_2020-08-13,2,4.0,1409,1409,134,104,97,37,67,134,0,40,27
fire_24332600,2020-08-12,fire_24332600_2020-08-12_2020-08-14,0,2.0,1342,630,104,0,104,0,0,104,0,0,0
fire_24332600,2020-08-13,fire_24332600_2020-08-12_2020-08-14,1,3.0,1409,1025,134,104,97,37,67,134,0,40,27
fire_24332600,2020-08-14,fire_24332600_2020-08-12_2020-08-14,2,4.0,1486,1486,93,134,58,35,99,93,0,42,57
fire_24332600,2020-08-13,fire_24332600_2020-08-13_2020-08-15,0,2.0,1409,665,134,0,134,0,0,134,0,0,0
fire_24332600,2020-08-14,fire_24332600_2020-08-13_2020-08-15,1,3.0,1486,1089,93,134,58,35,99,93,0,42,57
fire_24332600,2020-08-15,fire_24332600_2020-08-13_2020-08-15,2,4.0,1890,1890,139,93,96,43,50,139,0,28,22
fire_24332600,2020-08-14,fire_24332600_2020-08-14_2020-08-16,0,2.0,1486,709,93,0,93,0,0,93,0,0,0
fire_24332600,2020-08-15,fire_24332600_2020-08-14_2020-08-16,1,3.0,1890,1337,139,93,96,43,50,139,0,28,22
fire_24332600,2020-08-16,fire_24332600_2020-08-14_2020-08-16,2,4.0,1599,1599,68,139,47,21,118,68,0,44,74
fire_24332600,2020-08-15,fire_24332600_2020-08-15_2020-08-17,0,2.0,1890,864,139,0,139,0,0,139,0,0,0
fire_24332600,2020-08-16,fire_24332600_2020-08-15_2020-08-17,1,3.0,1599,1171,68,139,47,21,118,68,0,44,74
fire_24332600,2020-08-17,fire_24332600_2020-08-15_2020-08-17,2,4.0,1585,1585,63,68,54,9,59,63,0,11,48
fire_24332600,2020-08-16,fire_24332600_2020-08-16_2020-08-18,0,2.0,1599,760,68,0,68,0,0,68,0,0,0
fire_24332600,2020-08-17,fire_24332600_2020-08-16_2020-08-18,1,3.0,1585,1142,63,68,54,9,59,63,0,11,48
fire_24332600,2020-08-18,fire_24332600_2020-08-16_2020-08-18,2,4.0,1322,1273,9,63,7,2,61,9,0,27,34
fire_24332600,2020-08-17,fire_24332600_2020-08-17_2020-08-19,0,2.0,1585,713,63,0,63,0,0,63,0,0,0
fire_24332600,2020-08-18,fire_24332600_2020-08-17_2020-08-19,1,3.0,1322,749,9,63,7,2,61,9,0,34,27
fire_24332600,2020-08-19,fire_24332600_2020-08-17_2020-08-19,2,4.0,1336,1327,14,9,12,2,7,14,0,0,7
fire_24332600,2020-08-18,fire_24332600_2020-08-18_2020-08-20,0,2.0,1322,365,9,0,9,0,0,9,0,0,0
fire_24332600,2020-08-19,fire_24332600_2020-08-18_2020-08-20,1,3.0,1336,841,14,9,12,2,7,14,0,0,7
fire_24332600,2020-08-20,fire_24332600_2020-08-18_2020-08-20,2,4.0,1675,1675,87,14,83,4,10,87,0,6,4
fire_24332600,2020-08-19,fire_24332600_2020-08-19_2020-08-21,0,2.0,1336,428,14,0,14,0,0,14,0,0,0
fire_24332600,2020-08-20,fire_24332600_2020-08-19_2020-08-21,1,3.0,1675,1157,87,14,83,4,10,87,0,6,4
fire_24332600,2020-08-21,fire_24332600_2020-08-19_2020-08-21,2,4.0,1291,1291,97,87,75,22,65,97,0,10,55
fire_24332600,2020-08-20,fire_24332600_2020-08-20_2020-08-22,0,2.0,1675,697,87,0,87,0,0,87,0,0,0
fire_24332600,2020-08-21,fire_24332600_2020-08-20_2020-08-22,1,3.0,1291,906,97,87,75,22,65,97,0,10,55
fire_24332600,2020-08-22,fire_24332600_2020-08-20_2020-08-22,2,4.0,1371,1371,37,97,18,19,78,37,0,33,45
fire_24332608,2020-08-24,fire_24332608_2020-08-24_2020-08-26,0,2.0,1373,536,65,0,65,0,0,65,0,0,0
fire_24332608,2020-08-25,fire_24332608_2020-08-24_2020-08-26,1,3.0,1121,660,17,65,10,7,58,17,0,3,55
fire_24332608,2020-08-26,fire_24332608_2020-08-24_2020-08-26,2,4.0,1333,1327,7,17,5,2,15,7,0,2,13
fire_24332608,2020-08-25,fire_24332608_2020-08-25_2020-08-27,0,2.0,1121,355,17,0,17,0,0,17,0,0,0
fire_24332608,2020-08-26,fire_24332608_2020-08-25_2020-08-27,1,3.0,1333,876,7,17,5,2,15,7,0,3,12
fire_24332608,2020-08-27,fire_24332608_2020-08-25_2020-08-27,2,4.0,1562,1562,0,7,0,0,7,0,0,5,2
fire_24332608,2020-08-26,fire_24332608_2020-08-26_2020-08-28,0,2.0,1333,463,7,0,7,0,0,7,0,0,0
fire_24332608,2020-08-27,fire_24332608_2020-08-26_2020-08-28,1,3.0,1562,1078,0,7,0,0,7,0,0,5,2
fire_24332608,2020-08-28,fire_24332608_2020-08-26_2020-08-28,2,4.0,1581,1570,0,0,0,0,0,0,0,0,0
fire_24332608,2020-08-27,fire_24332608_2020-08-27_2020-08-29,0,2.0,1562,642,0,0,0,0,0,0,0,0,0
fire_24332608,2020-08-28,fire_24332608_2020-08-27_2020-08-29,1,3.0,1581,1088,0,0,0,0,0,0,0,0,0
fire_24332608,2020-08-29,fire_24332608_2020-08-27_2020-08-29,2,4.0,1529,1529,0,0,0,0,0,0,0,0,0
fire_24332608,2020-08-28,fire_24332608_2020-08-28_2020-08-30,0,2.0,1581,659,0,0,0,0,0,0,0,0,0
fire_24332608,2020-08-29,fire_24332608_2020-08-28_2020-08-30,1,3.0,1529,1038,0,0,0,0,0,0,0,0,0
fire_24332608,2020-08-30,fire_24332608_2020-08-28_2020-08-30,2,4.0,1479,1479,39,0,39,0,0,39,0,0,0
fire_24332608,2020-08-29,fire_24332608_2020-08-29_2020-08-31,0,2.0,1529,610,0,0,0,0,0,0,0,0,0
fire_24332608,2020-08-30,fire_24332608_2020-08-29_2020-08-31,1,3.0,1479,1021,39,0,39,0,0,39,0,0,0
fire_24332608,2020-08-31,fire_24332608_2020-08-29_2020-08-31,2,4.0,1615,1615,0,39,0,0,39,0,0,8,31
fire_24332608,2020-08-30,fire_24332608_2020-08-30_2020-09-01,0,2.0,1479,596,39,0,39,0,0,39,0,0,0
fire_24332608,2020-08-31,fire_24332608_2020-08-30_2020-09-01,1,3.0,1615,1146,0,39,0,0,39,0,0,8,31
fire_24332608,2020-09-01,fire_24332608_2020-08-30_2020-09-01,2,4.0,1401,1401,0,0,0,0,0,0,0,0,0
fire_24332608,2020-08-31,fire_24332608_2020-08-31_2020-09-02,0,2.0,1615,702,0,0,0,0,0,0,0,0,0
fire_24332608,2020-09-01,fire_24332608_2020-08-31_2020-09-02,1,3.0,1401,939,0,0,0,0,0,0,0,0,0
fire_24332608,2020-09-02,fire_24332608_2020-08-31_2020-09-02,2,4.0,2268,2268,0,0,0,0,0,0,0,0,0
fire_24332608,2020-09-01,fire_24332608_2020-09-01_2020-09-03,0,2.0,1401,540,0,0,0,0,0,0,0,0,0
fire_24332608,2020-09-02,fire_24332608_2020-09-01_2020-09-03,1,3.0,2268,1527,0,0,0,0,0,0,0,0,0
fire_24332608,2020-09-03,fire_24332608_2020-09-01_2020-09-03,2,4.0,2343,2343,0,0,0,0,0,0,0,0,0
fire_24332608,2020-09-02,fire_24332608_2020-09-02_2020-09-04,0,2.0,2268,876,0,0,0,0,0,0,0,0,0
fire_24332608,2020-09-03,fire_24332608_2020-09-02_2020-09-04,1,3.0,2343,1632,0,0,0,0,0,0,0,0,0
fire_24332608,2020-09-04,fire_24332608_2020-09-02_2020-09-04,2,4.0,2351,2351,7,0,7,0,0,7,0,0,0
fire_24332608,2020-09-03,fire_24332608_2020-09-03_2020-09-05,0,2.0,2343,992,0,0,0,0,0,0,0,0,0
fire_24332608,2020-09-04,fire_24332608_2020-09-03_2020-09-05,1,3.0,2351,1648,7,0,7,0,0,7,0,0,0
fire_24332608,2020-09-05,fire_24332608_2020-09-03_2020-09-05,2,4.0,1975,1975,99,7,99,0,7,99,0,7,0
fire_24332608,2020-09-04,fire_24332608_2020-09-04_2020-09-06,0,2.0,2351,1007,7,0,7,0,0,7,0,0,0
fire_24332608,2020-09-05,fire_24332608_2020-09-04_2020-09-06,1,3.0,1975,1455,99,7,99,0,7,99,0,7,0
fire_24332608,2020-09-06,fire_24332608_2020-09-04_2020-09-06,2,4.0,1859,1859,162,99,134,28,71,162,0,27,44
fire_24332608,2020-09-05,fire_24332608_2020-09-05_2020-09-07,0,2.0,1975,957,99,0,99,0,0,99,0,0,0
fire_24332608,2020-09-06,fire_24332608_2020-09-05_2020-09-07,1,3.0,1859,1381,162,99,134,28,71,162,0,27,44
fire_24332608,2020-09-07,fire_24332608_2020-09-05_2020-09-07,2,4.0,1932,1932,0,162,0,0,162,0,0,45,117
fire_24332608,2020-09-06,fire_24332608_2020-09-06_2020-09-08,0,2.0,1859,936,162,0,162,0,0,162,0,0,0
fire_24332608,2020-09-07,fire_24332608_2020-09-06_2020-09-08,1,3.0,1932,1448,0,162,0,0,162,0,0,45,117
fire_24332608,2020-09-08,fire_24332608_2020-09-06_2020-09-08,2,4.0,2873,2873,250,0,250,0,0,250,0,0,0
fire_24332608,2020-09-07,fire_24332608_2020-09-07_2020-09-09,0,2.0,1932,990,0,0,0,0,0,0,0,0,0
fire_24332608,2020-09-08,fire_24332608_2020-09-07_2020-09-09,1,3.0,2873,2116,250,0,250,0,0,250,0,0,0
fire_24332608,2020-09-09,fire_24332608_2020-09-07_2020-09-09,2,4.0,3148,3148,248,250,218,30,220,248,0,134,86
fire_24332608,2020-09-08,fire_24332608_2020-09-08_2020-09-10,0,2.0,2873,1408,250,0,250,0,0,250,0,0,0
fire_24332608,2020-09-09,fire_24332608_2020-09-08_2020-09-10,1,3.0,3148,2419,248,250,218,30,220,248,0,137,83
fire_24332608,2020-09-10,fire_24332608_2020-09-08_2020-09-10,2,4.0,3727,3727,48,248,44,4,244,48,0,52,192
fire_24332608,2020-09-09,fire_24332608_2020-09-09_2020-09-11,0,2.0,3148,1665,248,0,248,0,0,248,0,0,0
fire_24332608,2020-09-10,fire_24332608_2020-09-09_2020-09-11,1,3.0,3727,2974,48,248,44,4,244,48,0,52,192
fire_24332608,2020-09-11,fire_24332608_2020-09-09_2020-09-11,2,4.0,3951,3951,302,48,293,9,39,302,0,17,22
fire_24332608,2020-09-10,fire_24332608_2020-09-10_2020-09-12,0,2.0,3727,2119,48,0,48,0,0,48,0,0,0
fire_24332608,2020-09-11,fire_24332608_2020-09-10_2020-09-12,1,3.0,3951,3102,302,48,293,9,39,302,0,17,22
fire_24332608,2020-09-12,fire_24332608_2020-09-10_2020-09-12,2,4.0,3778,3778,281,302,235,46,256,281,0,88,168
fire_24332608,2020-09-11,fire_24332608_2020-09-11_2020-09-13,0,2.0,3951,2126,302,0,302,0,0,302,0,0,0
fire_24332608,2020-09-12,fire_24332608_2020-09-11_2020-09-13,1,3.0,3778,2819,281,302,235,46,256,281,0,92,164
fire_24332608,2020-09-13,fire_24332608_2020-09-11_2020-09-13,2,4.0,3264,3264,224,281,161,63,218,224,0,95,123
fire_24332608,2020-09-12,fire_24332608_2020-09-12_2020-09-14,0,2.0,3778,1809,281,0,281,0,0,281,0,0,0
fire_24332608,2020-09-13,fire_24332608_2020-09-12_2020-09-14,1,3.0,3264,2420,224,281,161,63,218,224,0,95,123
fire_24332608,2020-09-14,fire_24332608_2020-09-12_2020-09-14,2,4.0,3656,3656,354,224,294,60,164,354,0,76,88
fire_24332608,2020-09-13,fire_24332608_2020-09-13_2020-09-15,0,2.0,3264,1597,224,0,224,0,0,224,0,0,0
fire_24332608,2020-09-14,fire_24332608_2020-09-13_2020-09-15,1,3.0,3656,2772,354,224,294,60,164,354,0,76,88
fire_24332608,2020-09-15,fire_24332608_2020-09-13_2020-09-15,2,4.0,3459,3459,298,354,199,99,255,298,0,81,174
fire_24332608,2020-09-14,fire_24332608_2020-09-14_2020-09-16,0,2.0,3656,1847,354,0,354,0,0,354,0,0,0
fire_24332608,2020-09-15,fire_24332608_2020-09-14_2020-09-16,1,3.0,3459,2526,298,354,199,99,255,298,0,84,171
fire_24332608,2020-09-16,fire_24332608_2020-09-14_2020-09-16,2,4.0,3963,3963,391,298,272,119,179,391,0,124,55
fire_24332608,2020-09-15,fire_24332608_2020-09-15_2020-09-17,0,2.0,3459,1627,298,0,298,0,0,298,0,0,0
fire_24332608,2020-09-16,fire_24332608_2020-09-15_2020-09-17,1,3.0,3963,2998,391,298,272,119,179,391,0,124,55
fire_24332608,2020-09-17,fire_24332608_2020-09-15_2020-09-17,2,4.0,3837,3837,235,391,156,79,312,235,0,75,237
fire_24332608,2020-09-16,fire_24332608_2020-09-16_2020-09-18,0,2.0,3963,2040,391,0,391,0,0,391,0,0,0
fire_24332608,2020-09-17,fire_24332608_2020-09-16_2020-09-18,1,3.0,3837,2848,235,391,156,79,312,235,0,80,232
fire_24332608,2020-09-18,fire_24332608_2020-09-16_2020-09-18,2,4.0,3047,2981,58,235,37,21,214,58,0,46,168
fire_24332608,2020-09-17,fire_24332608_2020-09-17_2020-09-19,0,2.0,3837,1897,235,0,235,0,0,235,0,0,0
fire_24332608,2020-09-18,fire_24332608_2020-09-17_2020-09-19,1,3.0,3047,2049,58,235,37,21,214,58,0,69,145
fire_24332608,2020-09-19,fire_24332608_2020-09-17_2020-09-19,2,4.0,2842,2805,0,58,0,0,58,0,0,4,54
fire_24332608,2020-09-18,fire_24332608_2020-09-18_2020-09-20,0,2.0,3047,1215,58,0,58,0,0,58,0,0,0
fire_24332608,2020-09-19,fire_24332608_2020-09-18_2020-09-20,1,3.0,2842,1962,0,58,0,0,58,0,0,9,49
fire_24332608,2020-09-20,fire_24332608_2020-09-18_2020-09-20,2,4.0,1672,1606,0,0,0,0,0,0,0,0,0
fire_24332608,2020-09-19,fire_24332608_2020-09-19_2020-09-21,0,2.0,2842,1159,0,0,0,0,0,0,0,0,0
fire_24332608,2020-09-20,fire_24332608_2020-09-19_2020-09-21,1,3.0,1672,1065,0,0,0,0,0,0,0,0,0
fire_24332608,2020-09-21,fire_24332608_2020-09-19_2020-09-21,2,4.0,2909,2900,0,0,0,0,0,0,0,0,0
fire_24332608,2020-09-20,fire_24332608_2020-09-20_2020-09-22,0,2.0,1672,616,0,0,0,0,0,0,0,0,0
fire_24332608,2020-09-21,fire_24332608_2020-09-20_2020-09-22,1,3.0,2909,2019,0,0,0,0,0,0,0,0,0
fire_24332608,2020-09-22,fire_24332608_2020-09-20_2020-09-22,2,4.0,3304,3264,176,0,176,0,0,176,0,0,0
fire_24332608,2020-09-21,fire_24332608_2020-09-21_2020-09-23,0,2.0,2909,1239,0,0,0,0,0,0,0,0,0
fire_24332608,2020-09-22,fire_24332608_2020-09-21_2020-09-23,1,3.0,3304,2322,176,0,176,0,0,176,0,0,0
fire_24332608,2020-09-23,fire_24332608_2020-09-21_2020-09-23,2,4.0,2705,2639,108,176,74,34,142,108,0,36,106
fire_24332608,2020-09-22,fire_24332608_2020-09-22_2020-09-24,0,2.0,3304,1443,176,0,176,0,0,176,0,0,0
fire_24332608,2020-09-23,fire_24332608_2020-09-22_2020-09-24,1,3.0,2705,1867,108,176,74,34,142,108,0,40,102
fire_24332608,2020-09-24,fire_24332608_2020-09-22_2020-09-24,2,4.0,2881,2881,0,108,0,0,108,0,0,34,74
fire_24332608,2020-09-23,fire_24332608_2020-09-23_2020-09-25,0,2.0,2705,1166,108,0,108,0,0,108,0,0,0
fire_24332608,2020-09-24,fire_24332608_2020-09-23_2020-09-25,1,3.0,2881,2053,0,108,0,0,108,0,0,34,74
fire_24332608,2020-09-25,fire_24332608_2020-09-23_2020-09-25,2,4.0,858,792,0,0,0,0,0,0,0,0,0
fire_24332608,2020-09-24,fire_24332608_2020-09-24_2020-09-26,0,2.0,2881,1299,0,0,0,0,0,0,0,0,0
fire_24332608,2020-09-25,fire_24332608_2020-09-24_2020-09-26,1,3.0,858,456,0,0,0,0,0,0,0,0,0
fire_24332608,2020-09-26,fire_24332608_2020-09-24_2020-09-26,2,4.0,981,919,0,0,0,0,0,0,0,0,0
fire_24332608,2020-09-25,fire_24332608_2020-09-25_2020-09-27,0,2.0,858,216,0,0,0,0,0,0,0,0,0
fire_24332608,2020-09-26,fire_24332608_2020-09-25_2020-09-27,1,3.0,981,623,0,0,0,0,0,0,0,0,0
fire_24332608,2020-09-27,fire_24332608_2020-09-25_2020-09-27,2,4.0,2000,1936,0,0,0,0,0,0,0,0,0
fire_24332608,2020-09-26,fire_24332608_2020-09-26_2020-09-28,0,2.0,981,371,0,0,0,0,0,0,0,0,0
fire_24332608,2020-09-27,fire_24332608_2020-09-26_2020-09-28,1,3.0,2000,1321,0,0,0,0,0,0,0,0,0
fire_24332608,2020-09-28,fire_24332608_2020-09-26_2020-09-28,2,4.0,3192,3192,0,0,0,0,0,0,0,0,0
fire_24332608,2020-09-27,fire_24332608_2020-09-27_2020-09-29,0,2.0,2000,788,0,0,0,0,0,0,0,0,0
fire_24332608,2020-09-28,fire_24332608_2020-09-27_2020-09-29,1,3.0,3192,2271,0,0,0,0,0,0,0,0,0
fire_24332608,2020-09-29,fire_24332608_2020-09-27_2020-09-29,2,4.0,4332,4332,195,0,195,0,0,195,0,0,0
fire_24332608,2020-09-28,fire_24332608_2020-09-28_2020-09-30,0,2.0,3192,1386,0,0,0,0,0,0,0,0,0
fire_24332608,2020-09-29,fire_24332608_2020-09-28_2020-09-30,1,3.0,4332,3211,195,0,195,0,0,195,0,0,0
fire_24332608,2020-09-30,fire_24332608_2020-09-28_2020-09-30,2,4.0,3693,3693,160,195,129,31,164,160,0,64,100
fire_24332608,2020-09-29,fire_24332608_2020-09-29_2020-10-01,0,2.0,4332,2137,195,0,195,0,0,195,0,0,0
fire_24332608,2020-09-30,fire_24332608_2020-09-29_2020-10-01,1,3.0,3693,2604,160,195,129,31,164,160,0,71,93
fire_24332608,2020-10-01,fire_24332608_2020-09-29_2020-10-01,2,4.0,3980,3980,0,160,0,0,160,0,0,62,98
fire_24332608,2020-09-30,fire_24332608_2020-09-30_2020-10-02,0,2.0,3693,1633,160,0,160,0,0,160,0,0,0
fire_24332608,2020-10-01,fire_24332608_2020-09-30_2020-10-02,1,3.0,3980,2831,0,160,0,0,160,0,0,62,98
fire_24332608,2020-10-02,fire_24332608_2020-09-30_2020-10-02,2,4.0,4276,4276,0,0,0,0,0,0,0,0,0
fire_24332608,2020-10-01,fire_24332608_2020-10-01_2020-10-03,0,2.0,3980,1794,0,0,0,0,0,0,0,0,0
fire_24332608,2020-10-02,fire_24332608_2020-10-01_2020-10-03,1,3.0,4276,3080,0,0,0,0,0,0,0,0,0
fire_24332608,2020-10-03,fire_24332608_2020-10-01_2020-10-03,2,4.0,4463,4463,0,0,0,0,0,0,0,0,0
fire_24332608,2020-10-02,fire_24332608_2020-10-02_2020-10-04,0,2.0,4276,1963,0,0,0,0,0,0,0,0,0
fire_24332608,2020-10-03,fire_24332608_2020-10-02_2020-10-04,1,3.0,4463,3204,0,0,0,0,0,0,0,0,0
fire_24332608,2020-10-04,fire_24332608_2020-10-02_2020-10-04,2,4.0,3833,3767,36,0,36,0,0,36,0,0,0
fire_24332608,2020-10-03,fire_24332608_2020-10-03_2020-10-05,0,2.0,4463,2015,0,0,0,0,0,0,0,0,0
fire_24332608,2020-10-04,fire_24332608_2020-10-03_2020-10-05,1,3.0,3833,2578,36,0,36,0,0,36,0,0,0
fire_24332608,2020-10-05,fire_24332608_2020-10-03_2020-10-05,2,4.0,3468,3428,0,36,0,0,36,0,0,8,28
fire_24332608,2020-10-04,fire_24332608_2020-10-04_2020-10-06,0,2.0,3833,1554,36,0,36,0,0,36,0,0,0
fire_24332608,2020-10-05,fire_24332608_2020-10-04_2020-10-06,1,3.0,3468,2405,0,36,0,0,36,0,0,8,28
fire_24332608,2020-10-06,fire_24332608_2020-10-04_2020-10-06,2,4.0,3110,3044,123,0,123,0,0,123,0,0,0
fire_24332608,2020-10-05,fire_24332608_2020-10-05_2020-10-07,0,2.0,3468,1483,0,0,0,0,0,0,0,0,0
fire_24332608,2020-10-06,fire_24332608_2020-10-05_2020-10-07,1,3.0,3110,2188,123,0,123,0,0,123,0,0,0
fire_24332608,2020-10-07,fire_24332608_2020-10-05_2020-10-07,2,4.0,3539,3539,76,123,56,20,103,76,0,45,58
fire_24332608,2020-10-06,fire_24332608_2020-10-06_2020-10-08,0,2.0,3110,1395,123,0,123,0,0,123,0,0,0
fire_24332608,2020-10-07,fire_24332608_2020-10-06_2020-10-08,1,3.0,3539,2488,76,123,56,20,103,76,0,45,58
fire_24332608,2020-10-08,fire_24332608_2020-10-06_2020-10-08,2,4.0,2771,2771,92,76,71,21,55,92,0,25,30
fire_24332608,2020-10-07,fire_24332608_2020-10-07_2020-10-09,0,2.0,3539,1529,76,0,76,0,0,76,0,0,0
fire_24332608,2020-10-08,fire_24332608_2020-10-07_2020-10-09,1,3.0,2771,1983,92,76,71,21,55,92,0,25,30
fire_24332608,2020-10-09,fire_24332608_2020-10-07_2020-10-09,2,4.0,3360,3313,124,92,104,20,72,124,0,20,52
fire_24332608,2020-10-08,fire_24332608_2020-10-08_2020-10-10,0,2.0,2771,1265,92,0,92,0,0,92,0,0,0
fire_24332608,2020-10-09,fire_24332608_2020-10-08_2020-10-10,1,3.0,3360,2366,124,92,104,20,72,124,0,20,52
fire_24332608,2020-10-10,fire_24332608_2020-10-08_2020-10-10,2,4.0,2921,2855,124,124,91,33,91,124,0,29,62
fire_24332608,2020-10-09,fire_24332608_2020-10-09_2020-10-11,0,2.0,3360,1469,124,0,124,0,0,124,0,0,0
fire_24332608,2020-10-10,fire_24332608_2020-10-09_2020-10-11,1,3.0,2921,2030,124,124,91,33,91,124,0,29,62
fire_24332608,2020-10-11,fire_24332608_2020-10-09_2020-10-11,2,4.0,579,513,0,124,0,0,124,0,0,91,33
fire_24332608,2020-10-10,fire_24332608_2020-10-10_2020-10-13,0,2.0,2921,1279,124,0,124,0,0,124,0,0,0
fire_24332608,2020-10-11,fire_24332608_2020-10-10_2020-10-13,1,3.0,579,319,0,124,0,0,124,0,0,97,27
fire_24332608,2020-10-13,fire_24332608_2020-10-10_2020-10-13,2,4.0,515,449,2,0,2,0,0,2,0,0,0
fire_24332608,2020-10-11,fire_24332608_2020-10-11_2020-10-14,0,2.0,579,168,0,0,0,0,0,0,0,0,0
fire_24332608,2020-10-13,fire_24332608_2020-10-11_2020-10-14,1,3.0,515,269,2,0,2,0,0,2,0,0,0
fire_24332608,2020-10-14,fire_24332608_2020-10-11_2020-10-14,2,4.0,1086,1020,0,2,0,0,2,0,0,1,1
fire_24332608,2020-10-13,fire_24332608_2020-10-13_2020-10-15,0,2.0,515,134,2,0,2,0,0,2,0,0,0
fire_24332608,2020-10-14,fire_24332608_2020-10-13_2020-10-15,1,3.0,1086,628,0,2,0,0,2,0,0,1,1
fire_24332608,2020-10-15,fire_24332608_2020-10-13_2020-10-15,2,4.0,1440,1374,0,0,0,0,0,0,0,0,0
fire_24332608,2020-10-14,fire_24332608_2020-10-14_2020-10-16,0,2.0,1086,326,0,0,0,0,0,0,0,0,0
fire_24332608,2020-10-15,fire_24332608_2020-10-14_2020-10-16,1,3.0,1440,873,0,0,0,0,0,0,0,0,0
fire_24332608,2020-10-16,fire_24332608_2020-10-14_2020-10-16,2,4.0,1425,1359,0,0,0,0,0,0,0,0,0
fire_24332619,2020-08-14,fire_24332619_2020-08-14_2020-08-16,0,2.0,787,302,8,0,8,0,0,8,0,0,0
fire_24332619,2020-08-15,fire_24332619_2020-08-14_2020-08-16,1,3.0,1801,1338,26,8,26,0,8,26,0,1,7
fire_24332619,2020-08-16,fire_24332619_2020-08-14_2020-08-16,2,4.0,450,444,0,26,0,0,26,0,0,26,0
fire_24332622,2020-08-19,fire_24332622_2020-08-19_2020-08-21,0,2.0,1139,404,28,0,28,0,0,28,0,0,0
fire_24332622,2020-08-20,fire_24332622_2020-08-19_2020-08-21,1,3.0,1552,1048,195,28,182,13,15,195,0,9,6
fire_24332622,2020-08-21,fire_24332622_2020-08-19_2020-08-21,2,4.0,2127,2127,216,195,142,74,121,216,0,112,9
fire_24332622,2020-08-20,fire_24332622_2020-08-20_2020-08-22,0,2.0,1552,631,195,0,195,0,0,195,0,0,0
fire_24332622,2020-08-21,fire_24332622_2020-08-20_2020-08-22,1,3.0,2127,1424,216,195,142,74,121,216,0,112,9
fire_24332622,2020-08-22,fire_24332622_2020-08-20_2020-08-22,2,4.0,2431,2431,350,216,246,104,112,350,0,82,30
fire_24332622,2020-08-21,fire_24332622_2020-08-21_2020-08-23,0,2.0,2127,842,216,0,216,0,0,216,0,0,0
fire_24332622,2020-08-22,fire_24332622_2020-08-21_2020-08-23,1,3.0,2431,1685,350,216,246,104,112,350,0,82,30
fire_24332622,2020-08-23,fire_24332622_2020-08-21_2020-08-23,2,4.0,2354,2354,345,350,197,148,202,345,0,104,98
fire_24332622,2020-08-22,fire_24332622_2020-08-22_2020-08-24,0,2.0,2431,1039,350,0,350,0,0,350,0,0,0
fire_24332622,2020-08-23,fire_24332622_2020-08-22_2020-08-24,1,3.0,2354,1714,345,350,197,148,202,345,0,104,98
fire_24332622,2020-08-24,fire_24332622_2020-08-22_2020-08-24,2,4.0,3384,3384,268,345,201,67,278,268,0,158,120
fire_24332622,2020-08-23,fire_24332622_2020-08-23_2020-08-25,0,2.0,2354,1131,345,0,345,0,0,345,0,0,0
fire_24332622,2020-08-24,fire_24332622_2020-08-23_2020-08-25,1,3.0,3384,2448,268,345,201,67,278,268,0,158,120
fire_24332622,2020-08-25,fire_24332622_2020-08-23_2020-08-25,2,4.0,2809,2809,156,268,136,20,248,156,0,44,204
fire_24332622,2020-08-24,fire_24332622_2020-08-24_2020-08-26,0,2.0,3384,1579,268,0,268,0,0,268,0,0,0
fire_24332622,2020-08-25,fire_24332622_2020-08-24_2020-08-26,1,3.0,2809,1995,156,268,136,20,248,156,0,66,182
fire_24332622,2020-08-26,fire_24332622_2020-08-24_2020-08-26,2,4.0,2751,2751,79,156,59,20,136,79,0,30,106
fire_24332622,2020-08-25,fire_24332622_2020-08-25_2020-08-27,0,2.0,2809,1228,156,0,156,0,0,156,0,0,0
fire_24332622,2020-08-26,fire_24332622_2020-08-25_2020-08-27,1,3.0,2751,2007,79,156,59,20,136,79,0,34,102
fire_24332622,2020-08-27,fire_24332622_2020-08-25_2020-08-27,2,4.0,2730,2730,111,79,88,23,56,111,0,18,38
fire_24332622,2020-08-26,fire_24332622_2020-08-26_2020-08-28,0,2.0,2751,1240,79,0,79,0,0,79,0,0,0
fire_24332622,2020-08-27,fire_24332622_2020-08-26_2020-08-28,1,3.0,2730,2032,111,79,88,23,56,111,0,19,37
fire_24332622,2020-08-28,fire_24332622_2020-08-26_2020-08-28,2,4.0,1986,1972,109,111,85,24,87,109,0,22,65
fire_24332622,2020-08-27,fire_24332622_2020-08-27_2020-08-29,0,2.0,2730,1280,111,0,111,0,0,111,0,0,0
fire_24332622,2020-08-28,fire_24332622_2020-08-27_2020-08-29,1,3.0,1986,1298,109,111,85,24,87,109,0,32,55
fire_24332622,2020-08-29,fire_24332622_2020-08-27_2020-08-29,2,4.0,1704,1696,0,109,0,0,109,0,0,24,85
fire_24332622,2020-08-28,fire_24332622_2020-08-28_2020-08-30,0,2.0,1986,722,109,0,109,0,0,109,0,0,0
fire_24332622,2020-08-29,fire_24332622_2020-08-28_2020-08-30,1,3.0,1704,1117,0,109,0,0,109,0,0,24,85
fire_24332622,2020-08-30,fire_24332622_2020-08-28_2020-08-30,2,4.0,1654,1614,70,0,70,0,0,70,0,0,0
fire_24332622,2020-08-29,fire_24332622_2020-08-29_2020-08-31,0,2.0,1704,607,0,0,0,0,0,0,0,0,0
fire_24332622,2020-08-30,fire_24332622_2020-08-29_2020-08-31,1,3.0,1654,1037,70,0,70,0,0,70,0,0,0
fire_24332622,2020-08-31,fire_24332622_2020-08-29_2020-08-31,2,4.0,1230,1220,48,70,20,28,42,48,0,11,31
fire_24332622,2020-08-30,fire_24332622_2020-08-30_2020-09-01,0,2.0,1654,574,70,0,70,0,0,70,0,0,0
fire_24332622,2020-08-31,fire_24332622_2020-08-30_2020-09-01,1,3.0,1230,808,48,70,20,28,42,48,0,14,28
fire_24332622,2020-09-01,fire_24332622_2020-08-30_2020-09-01,2,4.0,750,684,0,48,0,0,48,0,0,16,32
fire_24332622,2020-08-31,fire_24332622_2020-08-31_2020-09-02,0,2.0,1230,461,48,0,48,0,0,48,0,0,0
fire_24332622,2020-09-01,fire_24332622_2020-08-31_2020-09-02,1,3.0,750,412,0,48,0,0,48,0,0,16,32
fire_24332622,2020-09-02,fire_24332622_2020-08-31_2020-09-02,2,4.0,1068,1043,0,0,0,0,0,0,0,0,0
fire_24332622,2020-09-01,fire_24332622_2020-09-01_2020-09-03,0,2.0,750,208,0,0,0,0,0,0,0,0,0
fire_24332622,2020-09-02,fire_24332622_2020-09-01_2020-09-03,1,3.0,1068,610,0,0,0,0,0,0,0,0,0
fire_24332622,2020-09-03,fire_24332622_2020-09-01_2020-09-03,2,4.0,66,0,0,0,0,0,0,0,0,0,0
fire_24332622,2020-09-02,fire_24332622_2020-09-02_2020-09-04,0,2.0,1068,297,0,0,0,0,0,0,0,0,0
fire_24332622,2020-09-03,fire_24332622_2020-09-02_2020-09-04,1,3.0,66,0,0,0,0,0,0,0,0,0,0
fire_24332622,2020-09-04,fire_24332622_2020-09-02_2020-09-04,2,4.0,405,396,0,0,0,0,0,0,0,0,0
fire_24332622,2020-09-03,fire_24332622_2020-09-03_2020-09-05,0,2.0,66,0,0,0,0,0,0,0,0,0,0
fire_24332622,2020-09-04,fire_24332622_2020-09-03_2020-09-05,1,3.0,405,228,0,0,0,0,0,0,0,0,0
fire_24332622,2020-09-05,fire_24332622_2020-09-03_2020-09-05,2,4.0,66,0,0,0,0,0,0,0,0,0,0
fire_24332622,2020-09-04,fire_24332622_2020-09-04_2020-09-06,0,2.0,405,108,0,0,0,0,0,0,0,0,0
fire_24332622,2020-09-05,fire_24332622_2020-09-04_2020-09-06,1,3.0,66,0,0,0,0,0,0,0,0,0,0
fire_24332622,2020-09-06,fire_24332622_2020-09-04_2020-09-06,2,4.0,66,0,0,0,0,0,0,0,0,0,0
fire_24332622,2020-09-05,fire_24332622_2020-09-05_2020-09-07,0,2.0,66,0,0,0,0,0,0,0,0,0,0
fire_24332622,2020-09-06,fire_24332622_2020-09-05_2020-09-07,1,3.0,66,0,0,0,0,0,0,0,0,0,0
fire_24332622,2020-09-07,fire_24332622_2020-09-05_2020-09-07,2,4.0,462,396,7,0,7,0,0,7,0,0,0
fire_24332622,2020-09-06,fire_24332622_2020-09-06_2020-09-08,0,2.0,66,0,0,0,0,0,0,0,0,0,0
fire_24332622,2020-09-07,fire_24332622_2020-09-06_2020-09-08,1,3.0,462,228,7,0,7,0,0,7,0,0,0
fire_24332622,2020-09-08,fire_24332622_2020-09-06_2020-09-08,2,4.0,66,0,0,7,0,0,7,0,0,7,0
fire_24332622,2020-09-07,fire_24332622_2020-09-07_2020-09-09,0,2.0,462,108,7,0,7,0,0,7,0,0,0
fire_24332622,2020-09-08,fire_24332622_2020-09-07_2020-09-09,1,3.0,66,0,0,7,0,0,7,0,0,7,0
fire_24332622,2020-09-09,fire_24332622_2020-09-07_2020-09-09,2,4.0,66,0,0,0,0,0,0,0,0,0,0
fire_24332622,2020-09-08,fire_24332622_2020-09-08_2020-09-10,0,2.0,66,0,0,0,0,0,0,0,0,0,0
fire_24332622,2020-09-09,fire_24332622_2020-09-08_2020-09-10,1,3.0,66,0,0,0,0,0,0,0,0,0,0
fire_24332622,2020-09-10,fire_24332622_2020-09-08_2020-09-10,2,4.0,66,0,0,0,0,0,0,0,0,0,0
fire_24332622,2020-09-09,fire_24332622_2020-09-09_2020-09-11,0,2.0,66,0,0,0,0,0,0,0,0,0,0
fire_24332622,2020-09-10,fire_24332622_2020-09-09_2020-09-11,1,3.0,66,0,0,0,0,0,0,0,0,0,0
fire_24332622,2020-09-11,fire_24332622_2020-09-09_2020-09-11,2,4.0,482,416,0,0,0,0,0,0,0,0,0
fire_24332628,2020-08-18,fire_24332628_2020-08-18_2020-08-20,0,2.0,1872,626,0,0,0,0,0,0,0,0,0
fire_24332628,2020-08-19,fire_24332628_2020-08-18_2020-08-20,1,3.0,3128,2051,10,0,10,0,0,10,0,0,0
fire_24332628,2020-08-20,fire_24332628_2020-08-18_2020-08-20,2,4.0,8874,8874,668,10,665,3,7,668,0,7,0
fire_24332628,2020-08-19,fire_24332628_2020-08-19_2020-08-21,0,2.0,3128,1112,10,0,10,0,0,10,0,0,0
fire_24332628,2020-08-20,fire_24332628_2020-08-19_2020-08-21,1,3.0,8874,6682,668,10,665,3,7,668,0,7,0
fire_24332628,2020-08-21,fire_24332628_2020-08-19_2020-08-21,2,4.0,11377,11377,785,668,696,89,579,785,0,392,187
fire_24332628,2020-08-20,fire_24332628_2020-08-20_2020-08-22,0,2.0,8874,4512,668,0,668,0,0,668,0,0,0
fire_24332628,2020-08-21,fire_24332628_2020-08-20_2020-08-22,1,3.0,11377,8376,785,668,696,89,579,785,0,418,161
fire_24332628,2020-08-22,fire_24332628_2020-08-20_2020-08-22,2,4.0,11617,11617,622,785,501,121,664,622,0,329,335
fire_24332628,2020-08-21,fire_24332628_2020-08-21_2020-08-23,0,2.0,11377,5399,785,0,785,0,0,785,0,0,0
fire_24332628,2020-08-22,fire_24332628_2020-08-21_2020-08-23,1,3.0,11617,8758,622,785,501,121,664,622,0,342,322
fire_24332628,2020-08-23,fire_24332628_2020-08-21_2020-08-23,2,4.0,11658,11658,351,622,254,97,525,351,0,210,315
fire_24332628,2020-08-22,fire_24332628_2020-08-22_2020-08-24,0,2.0,11617,5824,622,0,622,0,0,622,0,0,0
fire_24332628,2020-08-23,fire_24332628_2020-08-22_2020-08-24,1,3.0,11658,8898,351,622,254,97,525,351,0,211,314
fire_24332628,2020-08-24,fire_24332628_2020-08-22_2020-08-24,2,4.0,11512,11512,776,351,656,120,231,776,0,152,79
fire_24332628,2020-08-23,fire_24332628_2020-08-23_2020-08-25,0,2.0,11658,5977,351,0,351,0,0,351,0,0,0
fire_24332628,2020-08-24,fire_24332628_2020-08-23_2020-08-25,1,3.0,11512,8834,776,351,656,120,231,776,0,152,79
fire_24332628,2020-08-25,fire_24332628_2020-08-23_2020-08-25,2,4.0,9534,9534,345,776,276,69,707,345,0,200,507
fire_24332628,2020-08-24,fire_24332628_2020-08-24_2020-08-26,0,2.0,11512,6014,776,0,776,0,0,776,0,0,0
fire_24332628,2020-08-25,fire_24332628_2020-08-24_2020-08-26,1,3.0,9534,6790,345,776,276,69,707,345,0,265,442
fire_24332628,2020-08-26,fire_24332628_2020-08-24_2020-08-26,2,4.0,11262,11262,33,345,23,10,335,33,0,183,152
fire_24332628,2020-08-25,fire_24332628_2020-08-25_2020-08-27,0,2.0,9534,4241,345,0,345,0,0,345,0,0,0
fire_24332628,2020-08-26,fire_24332628_2020-08-25_2020-08-27,1,3.0,11262,8736,33,345,23,10,335,33,0,187,148
fire_24332628,2020-08-27,fire_24332628_2020-08-25_2020-08-27,2,4.0,10659,10659,177,33,164,13,20,177,0,15,5
fire_24332628,2020-08-26,fire_24332628_2020-08-26_2020-08-28,0,2.0,11262,5991,33,0,33,0,0,33,0,0,0
fire_24332628,2020-08-27,fire_24332628_2020-08-26_2020-08-28,1,3.0,10659,8257,177,33,164,13,20,177,0,15,5
fire_24332628,2020-08-28,fire_24332628_2020-08-26_2020-08-28,2,4.0,10056,10056,85,177,70,15,162,85,0,54,108
fire_24332628,2020-08-27,fire_24332628_2020-08-27_2020-08-29,0,2.0,10659,5558,177,0,177,0,0,177,0,0,0
fire_24332628,2020-08-28,fire_24332628_2020-08-27_2020-08-29,1,3.0,10056,7696,85,177,70,15,162,85,0,54,108
fire_24332628,2020-08-29,fire_24332628_2020-08-27_2020-08-29,2,4.0,11198,11198,721,85,712,9,76,721,0,46,30
fire_24332628,2020-08-28,fire_24332628_2020-08-28_2020-08-30,0,2.0,10056,5238,85,0,85,0,0,85,0,0,0
fire_24332628,2020-08-29,fire_24332628_2020-08-28_2020-08-30,1,3.0,11198,8700,721,85,712,9,76,721,0,46,30
fire_24332628,2020-08-30,fire_24332628_2020-08-28_2020-08-30,2,4.0,10800,10779,568,721,408,160,561,568,0,188,373
fire_24332628,2020-08-29,fire_24332628_2020-08-29_2020-08-31,0,2.0,11198,5882,721,0,721,0,0,721,0,0,0
fire_24332628,2020-08-30,fire_24332628_2020-08-29_2020-08-31,1,3.0,10800,8443,568,721,408,160,561,568,0,188,373
fire_24332628,2020-08-31,fire_24332628_2020-08-29_2020-08-31,2,4.0,10568,10568,684,568,455,229,339,684,0,185,154
fire_24332628,2020-08-30,fire_24332628_2020-08-30_2020-09-01,0,2.0,10800,5849,568,0,568,0,0,568,0,0,0
fire_24332628,2020-08-31,fire_24332628_2020-08-30_2020-09-01,1,3.0,10568,8242,684,568,455,229,339,684,0,187,152
fire_24332628,2020-09-01,fire_24332628_2020-08-30_2020-09-01,2,4.0,10509,10509,601,684,373,228,456,601,0,248,208
fire_24332628,2020-08-31,fire_24332628_2020-08-31_2020-09-02,0,2.0,10568,5697,684,0,684,0,0,684,0,0,0
fire_24332628,2020-09-01,fire_24332628_2020-08-31_2020-09-02,1,3.0,10509,8183,601,684,373,228,456,601,0,248,208
fire_24332628,2020-09-02,fire_24332628_2020-08-31_2020-09-02,2,4.0,11379,11379,6,601,5,1,600,6,0,223,377
fire_24332628,2020-09-01,fire_24332628_2020-09-01_2020-09-03,0,2.0,10509,5636,601,0,601,0,0,601,0,0,0
fire_24332628,2020-09-02,fire_24332628_2020-09-01_2020-09-03,1,3.0,11379,8885,6,601,5,1,600,6,0,223,377
fire_24332628,2020-09-03,fire_24332628_2020-09-01_2020-09-03,2,4.0,11022,11022,519,6,518,1,5,519,0,4,1
fire_24332628,2020-09-02,fire_24332628_2020-09-02_2020-09-04,0,2.0,11379,6147,6,0,6,0,0,6,0,0,0
fire_24332628,2020-09-03,fire_24332628_2020-09-02_2020-09-04,1,3.0,11022,8651,519,6,518,1,5,519,0,4,1
fire_24332628,2020-09-04,fire_24332628_2020-09-02_2020-09-04,2,4.0,11080,11080,653,519,536,117,402,653,0,100,302
fire_24332628,2020-09-03,fire_24332628_2020-09-03_2020-09-05,0,2.0,11022,6008,519,0,519,0,0,519,0,0,0
fire_24332628,2020-09-04,fire_24332628_2020-09-03_2020-09-05,1,3.0,11080,8637,653,519,536,117,402,653,0,117,285
fire_24332628,2020-09-05,fire_24332628_2020-09-03_2020-09-05,2,4.0,11054,11054,850,653,635,215,438,850,0,217,221
fire_24332628,2020-09-04,fire_24332628_2020-09-04_2020-09-06,0,2.0,11080,5768,653,0,653,0,0,653,0,0,0
fire_24332628,2020-09-05,fire_24332628_2020-09-04_2020-09-06,1,3.0,11054,8671,850,653,635,215,438,850,0,217,221
fire_24332628,2020-09-06,fire_24332628_2020-09-04_2020-09-06,2,4.0,11691,11691,342,850,227,115,735,342,0,247,488
fire_24332628,2020-09-05,fire_24332628_2020-09-05_2020-09-07,0,2.0,11054,5958,850,0,850,0,0,850,0,0,0
fire_24332628,2020-09-06,fire_24332628_2020-09-05_2020-09-07,1,3.0,11691,9160,342,850,227,115,735,342,0,249,486
fire_24332628,2020-09-07,fire_24332628_2020-09-05_2020-09-07,2,4.0,11810,11810,250,342,224,26,316,250,0,87,229
fire_24332628,2020-09-06,fire_24332628_2020-09-06_2020-09-08,0,2.0,11691,6316,342,0,342,0,0,342,0,0,0
fire_24332628,2020-09-07,fire_24332628_2020-09-06_2020-09-08,1,3.0,11810,9062,250,342,224,26,316,250,0,92,224
fire_24332628,2020-09-08,fire_24332628_2020-09-06_2020-09-08,2,4.0,12378,12378,1074,250,987,87,163,1074,0,84,79
fire_24332628,2020-09-07,fire_24332628_2020-09-07_2020-09-09,0,2.0,11810,6092,250,0,250,0,0,250,0,0,0
fire_24332628,2020-09-08,fire_24332628_2020-09-07_2020-09-09,1,3.0,12378,9402,1074,250,987,87,163,1074,0,92,71
fire_24332628,2020-09-09,fire_24332628_2020-09-07_2020-09-09,2,4.0,12608,12608,1,1074,0,1,1073,1,0,603,470
fire_24332628,2020-09-08,fire_24332628_2020-09-08_2020-09-10,0,2.0,12378,6129,1074,0,1074,0,0,1074,0,0,0
fire_24332628,2020-09-09,fire_24332628_2020-09-08_2020-09-10,1,3.0,12608,9653,1,1074,0,1,1073,1,0,615,458
fire_24332628,2020-09-10,fire_24332628_2020-09-08_2020-09-10,2,4.0,15860,15860,7,1,7,0,1,7,0,0,1
fire_24332628,2020-09-09,fire_24332628_2020-09-09_2020-09-11,0,2.0,12608,6489,1,0,1,0,0,1,0,0,0
fire_24332628,2020-09-10,fire_24332628_2020-09-09_2020-09-11,1,3.0,15860,12616,7,1,7,0,1,7,0,0,1
fire_24332628,2020-09-11,fire_24332628_2020-09-09_2020-09-11,2,4.0,18165,18165,707,7,706,1,6,707,0,5,1
fire_24332628,2020-09-10,fire_24332628_2020-09-10_2020-09-12,0,2.0,15860,8899,7,0,7,0,0,7,0,0,0
fire_24332628,2020-09-11,fire_24332628_2020-09-10_2020-09-12,1,3.0,18165,14596,707,7,706,1,6,707,0,5,1
fire_24332628,2020-09-12,fire_24332628_2020-09-10_2020-09-12,2,4.0,16940,16940,1130,707,963,167,540,1130,0,165,375
fire_24332628,2020-09-11,fire_24332628_2020-09-11_2020-09-13,0,2.0,18165,10177,707,0,707,0,0,707,0,0,0
fire_24332628,2020-09-12,fire_24332628_2020-09-11_2020-09-13,1,3.0,16940,12912,1130,707,963,167,540,1130,0,192,348
fire_24332628,2020-09-13,fire_24332628_2020-09-11_2020-09-13,2,4.0,15428,15428,1012,1130,725,287,843,1012,0,253,590
fire_24332628,2020-09-12,fire_24332628_2020-09-12_2020-09-14,0,2.0,16940,8552,1130,0,1130,0,0,1130,0,0,0
fire_24332628,2020-09-13,fire_24332628_2020-09-12_2020-09-14,1,3.0,15428,11403,1012,1130,725,287,843,1012,0,265,578
fire_24332628,2020-09-14,fire_24332628_2020-09-12_2020-09-14,2,4.0,15717,15717,963,1012,772,191,821,963,0,369,452
fire_24332628,2020-09-13,fire_24332628_2020-09-13_2020-09-15,0,2.0,15428,7442,1012,0,1012,0,0,1012,0,0,0
fire_24332628,2020-09-14,fire_24332628_2020-09-13_2020-09-15,1,3.0,15717,11814,963,1012,772,191,821,963,0,371,450
fire_24332628,2020-09-15,fire_24332628_2020-09-13_2020-09-15,2,4.0,16007,16007,1448,963,1212,236,727,1448,0,383,344
fire_24332628,2020-09-14,fire_24332628_2020-09-14_2020-09-16,0,2.0,15717,7791,963,0,963,0,0,963,0,0,0
fire_24332628,2020-09-15,fire_24332628_2020-09-14_2020-09-16,1,3.0,16007,11910,1448,963,1212,236,727,1448,0,397,330
fire_24332628,2020-09-16,fire_24332628_2020-09-14_2020-09-16,2,4.0,17354,17354,1470,1448,997,473,975,1470,0,499,476
fire_24332628,2020-09-15,fire_24332628_2020-09-15_2020-09-17,0,2.0,16007,7765,1448,0,1448,0,0,1448,0,0,0
fire_24332628,2020-09-16,fire_24332628_2020-09-15_2020-09-17,1,3.0,17354,13027,1470,1448,997,473,975,1470,0,510,465
fire_24332628,2020-09-17,fire_24332628_2020-09-15_2020-09-17,2,4.0,16645,16645,1081,1470,732,349,1121,1081,0,379,742
fire_24332628,2020-09-16,fire_24332628_2020-09-16_2020-09-18,0,2.0,17354,8631,1470,0,1470,0,0,1470,0,0,0
fire_24332628,2020-09-17,fire_24332628_2020-09-16_2020-09-18,1,3.0,16645,12460,1081,1470,732,349,1121,1081,0,403,718
fire_24332628,2020-09-18,fire_24332628_2020-09-16_2020-09-18,2,4.0,12696,12690,720,1081,522,198,883,720,0,348,535
fire_24332628,2020-09-17,fire_24332628_2020-09-17_2020-09-19,0,2.0,16645,8215,1081,0,1081,0,0,1081,0,0,0
fire_24332628,2020-09-18,fire_24332628_2020-09-17_2020-09-19,1,3.0,12696,9442,720,1081,522,198,883,720,0,361,522
fire_24332628,2020-09-19,fire_24332628_2020-09-17_2020-09-19,2,4.0,10980,10932,171,720,112,59,661,171,0,132,529
fire_24332628,2020-09-18,fire_24332628_2020-09-18_2020-09-20,0,2.0,12696,6211,720,0,720,0,0,720,0,0,0
fire_24332628,2020-09-19,fire_24332628_2020-09-18_2020-09-20,1,3.0,10980,8213,171,720,112,59,661,171,0,140,521
fire_24332628,2020-09-20,fire_24332628_2020-09-18_2020-09-20,2,4.0,8243,8243,340,171,303,37,134,340,0,15,119
fire_24332628,2020-09-19,fire_24332628_2020-09-19_2020-09-21,0,2.0,10980,5346,171,0,171,0,0,171,0,0,0
fire_24332628,2020-09-20,fire_24332628_2020-09-19_2020-09-21,1,3.0,8243,6086,340,171,303,37,134,340,0,23,111
fire_24332628,2020-09-21,fire_24332628_2020-09-19_2020-09-21,2,4.0,9387,9321,625,340,486,139,201,625,0,113,88
fire_24332628,2020-09-20,fire_24332628_2020-09-20_2020-09-22,0,2.0,8243,3889,340,0,340,0,0,340,0,0,0
fire_24332628,2020-09-21,fire_24332628_2020-09-20_2020-09-22,1,3.0,9387,6958,625,340,486,139,201,625,0,118,83
fire_24332628,2020-09-22,fire_24332628_2020-09-20_2020-09-22,2,4.0,9502,9502,712,625,457,255,370,712,0,166,204
fire_24332628,2020-09-21,fire_24332628_2020-09-21_2020-09-23,0,2.0,9387,4533,625,0,625,0,0,625,0,0,0
fire_24332628,2020-09-22,fire_24332628_2020-09-21_2020-09-23,1,3.0,9502,6915,712,625,457,255,370,712,0,170,200
fire_24332628,2020-09-23,fire_24332628_2020-09-21_2020-09-23,2,4.0,8756,8696,634,712,411,223,489,634,0,136,353
fire_24332628,2020-09-22,fire_24332628_2020-09-22_2020-09-24,0,2.0,9502,4404,712,0,712,0,0,712,0,0,0
fire_24332628,2020-09-23,fire_24332628_2020-09-22_2020-09-24,1,3.0,8756,6607,634,712,411,223,489,634,0,136,353
fire_24332628,2020-09-24,fire_24332628_2020-09-22_2020-09-24,2,4.0,9090,9087,437,634,292,145,489,437,0,131,358
fire_24332628,2020-09-23,fire_24332628_2020-09-23_2020-09-25,0,2.0,8756,4330,634,0,634,0,0,634,0,0,0
fire_24332628,2020-09-24,fire_24332628_2020-09-23_2020-09-25,1,3.0,9090,6583,437,634,292,145,489,437,0,184,305
fire_24332628,2020-09-25,fire_24332628_2020-09-23_2020-09-25,2,4.0,5156,5156,65,437,42,23,414,65,0,159,255
fire_24332628,2020-09-24,fire_24332628_2020-09-24_2020-09-26,0,2.0,9090,3982,437,0,437,0,0,437,0,0,0
fire_24332628,2020-09-25,fire_24332628_2020-09-24_2020-09-26,1,3.0,5156,3549,65,437,42,23,414,65,0,188,226
fire_24332628,2020-09-26,fire_24332628_2020-09-24_2020-09-26,2,4.0,5331,5331,168,65,146,22,43,168,0,10,33
fire_24332628,2020-09-25,fire_24332628_2020-09-25_2020-09-27,0,2.0,5156,2091,65,0,65,0,0,65,0,0,0
fire_24332628,2020-09-26,fire_24332628_2020-09-25_2020-09-27,1,3.0,5331,3715,168,65,146,22,43,168,0,10,33
fire_24332628,2020-09-27,fire_24332628_2020-09-25_2020-09-27,2,4.0,6004,5938,168,168,114,54,114,168,0,66,48
fire_24332628,2020-09-26,fire_24332628_2020-09-26_2020-09-28,0,2.0,5331,2188,168,0,168,0,0,168,0,0,0
fire_24332628,2020-09-27,fire_24332628_2020-09-26_2020-09-28,1,3.0,6004,4387,168,168,114,54,114,168,0,68,46
fire_24332628,2020-09-28,fire_24332628_2020-09-26_2020-09-28,2,4.0,9816,9816,0,168,0,0,168,0,0,55,113
fire_24332628,2020-09-27,fire_24332628_2020-09-27_2020-09-29,0,2.0,6004,2758,168,0,168,0,0,168,0,0,0
fire_24332628,2020-09-28,fire_24332628_2020-09-27_2020-09-29,1,3.0,9816,6935,0,168,0,0,168,0,0,55,113
fire_24332628,2020-09-29,fire_24332628_2020-09-27_2020-09-29,2,4.0,10809,10809,344,0,344,0,0,344,0,0,0
fire_24332628,2020-09-28,fire_24332628_2020-09-28_2020-09-30,0,2.0,9816,4334,0,0,0,0,0,0,0,0,0
fire_24332628,2020-09-29,fire_24332628_2020-09-28_2020-09-30,1,3.0,10809,7917,344,0,344,0,0,344,0,0,0
fire_24332628,2020-09-30,fire_24332628_2020-09-28_2020-09-30,2,4.0,9398,9398,716,344,671,45,299,716,0,71,228
fire_24332628,2020-09-29,fire_24332628_2020-09-29_2020-10-01,0,2.0,10809,5132,344,0,344,0,0,344,0,0,0
fire_24332628,2020-09-30,fire_24332628_2020-09-29_2020-10-01,1,3.0,9398,7184,716,344,671,45,299,716,0,71,228
fire_24332628,2020-10-01,fire_24332628_2020-09-29_2020-10-01,2,4.0,10252,10252,683,716,537,146,570,683,0,170,400
fire_24332628,2020-09-30,fire_24332628_2020-09-30_2020-10-02,0,2.0,9398,4892,716,0,716,0,0,716,0,0,0
fire_24332628,2020-10-01,fire_24332628_2020-09-30_2020-10-02,1,3.0,10252,7684,683,716,537,146,570,683,0,188,382
fire_24332628,2020-10-02,fire_24332628_2020-09-30_2020-10-02,2,4.0,10018,10018,303,683,202,101,582,303,0,208,374
fire_24332628,2020-10-01,fire_24332628_2020-10-01_2020-10-03,0,2.0,10252,4931,683,0,683,0,0,683,0,0,0
fire_24332628,2020-10-02,fire_24332628_2020-10-01_2020-10-03,1,3.0,10018,7249,303,683,202,101,582,303,0,235,347
fire_24332628,2020-10-03,fire_24332628_2020-10-01_2020-10-03,2,4.0,8953,8953,245,303,217,28,275,245,0,67,208
fire_24332628,2020-10-02,fire_24332628_2020-10-02_2020-10-04,0,2.0,10018,4429,303,0,303,0,0,303,0,0,0
fire_24332628,2020-10-03,fire_24332628_2020-10-02_2020-10-04,1,3.0,8953,6238,245,303,217,28,275,245,0,79,196
fire_24332628,2020-10-04,fire_24332628_2020-10-02_2020-10-04,2,4.0,6478,6478,108,245,81,27,218,108,0,77,141
fire_24332628,2020-10-03,fire_24332628_2020-10-03_2020-10-05,0,2.0,8953,3646,245,0,245,0,0,245,0,0,0
fire_24332628,2020-10-04,fire_24332628_2020-10-03_2020-10-05,1,3.0,6478,4631,108,245,81,27,218,108,0,77,141
fire_24332628,2020-10-05,fire_24332628_2020-10-03_2020-10-05,2,4.0,6537,6537,288,108,268,20,88,288,0,45,43
fire_24332628,2020-10-04,fire_24332628_2020-10-04_2020-10-06,0,2.0,6478,2938,108,0,108,0,0,108,0,0,0
fire_24332628,2020-10-05,fire_24332628_2020-10-04_2020-10-06,1,3.0,6537,4705,288,108,268,20,88,288,0,50,38
fire_24332628,2020-10-06,fire_24332628_2020-10-04_2020-10-06,2,4.0,6353,6287,85,288,65,20,268,85,0,53,215
fire_24332628,2020-10-05,fire_24332628_2020-10-05_2020-10-07,0,2.0,6537,2964,288,0,288,0,0,288,0,0,0
fire_24332628,2020-10-06,fire_24332628_2020-10-05_2020-10-07,1,3.0,6353,4563,85,288,65,20,268,85,0,58,210
fire_24332628,2020-10-07,fire_24332628_2020-10-05_2020-10-07,2,4.0,6595,6595,350,85,312,38,47,350,0,34,13
fire_24332628,2020-10-06,fire_24332628_2020-10-06_2020-10-08,0,2.0,6353,2918,85,0,85,0,0,85,0,0,0
fire_24332628,2020-10-07,fire_24332628_2020-10-06_2020-10-08,1,3.0,6595,4772,350,85,312,38,47,350,0,34,13
fire_24332628,2020-10-08,fire_24332628_2020-10-06_2020-10-08,2,4.0,7126,7126,394,350,301,93,257,394,0,108,149
fire_24332628,2020-10-07,fire_24332628_2020-10-07_2020-10-09,0,2.0,6595,3055,350,0,350,0,0,350,0,0,0
fire_24332628,2020-10-08,fire_24332628_2020-10-07_2020-10-09,1,3.0,7126,5106,394,350,301,93,257,394,0,110,147
fire_24332628,2020-10-09,fire_24332628_2020-10-07_2020-10-09,2,4.0,5097,5097,261,394,194,67,327,261,0,118,209
fire_24332628,2020-10-08,fire_24332628_2020-10-08_2020-10-10,0,2.0,7126,3185,394,0,394,0,0,394,0,0,0
fire_24332628,2020-10-09,fire_24332628_2020-10-08_2020-10-10,1,3.0,5097,3580,261,394,194,67,327,261,0,120,207
fire_24332628,2020-10-10,fire_24332628_2020-10-08_2020-10-10,2,4.0,4323,4323,255,261,175,80,181,255,0,94,87
fire_24332628,2020-10-09,fire_24332628_2020-10-09_2020-10-12,0,2.0,5097,2112,261,0,261,0,0,261,0,0,0
fire_24332628,2020-10-10,fire_24332628_2020-10-09_2020-10-12,1,3.0,4323,2968,255,261,175,80,181,255,0,94,87
fire_24332628,2020-10-12,fire_24332628_2020-10-09_2020-10-12,2,4.0,812,746,29,255,27,2,253,29,0,177,76
fire_24332628,2020-10-10,fire_24332628_2020-10-10_2020-10-13,0,2.0,4323,1782,255,0,255,0,0,255,0,0,0
fire_24332628,2020-10-12,fire_24332628_2020-10-10_2020-10-13,1,3.0,812,490,29,255,27,2,253,29,0,188,65
fire_24332628,2020-10-13,fire_24332628_2020-10-10_2020-10-13,2,4.0,3266,3200,89,29,82,7,22,89,0,6,16
fire_24332628,2020-10-12,fire_24332628_2020-10-12_2020-10-14,0,2.0,812,281,29,0,29,0,0,29,0,0,0
fire_24332628,2020-10-13,fire_24332628_2020-10-12_2020-10-14,1,3.0,3266,2000,89,29,82,7,22,89,0,6,16
fire_24332628,2020-10-14,fire_24332628_2020-10-12_2020-10-14,2,4.0,1838,1772,26,89,20,6,83,26,0,33,50
fire_24332628,2020-10-13,fire_24332628_2020-10-13_2020-10-15,0,2.0,3266,1073,89,0,89,0,0,89,0,0,0
fire_24332628,2020-10-14,fire_24332628_2020-10-13_2020-10-15,1,3.0,1838,1117,26,89,20,6,83,26,0,38,45
fire_24332628,2020-10-15,fire_24332628_2020-10-13_2020-10-15,2,4.0,2128,2062,12,26,12,0,26,12,0,11,15
fire_24332628,2020-10-14,fire_24332628_2020-10-14_2020-10-16,0,2.0,1838,609,26,0,26,0,0,26,0,0,0
fire_24332628,2020-10-15,fire_24332628_2020-10-14_2020-10-16,1,3.0,2128,1274,12,26,12,0,26,12,0,12,14
fire_24332628,2020-10-16,fire_24332628_2020-10-14_2020-10-16,2,4.0,2460,2394,0,12,0,0,12,0,0,6,6
fire_24332628,2020-10-15,fire_24332628_2020-10-15_2020-10-17,0,2.0,2128,675,12,0,12,0,0,12,0,0,0
fire_24332628,2020-10-16,fire_24332628_2020-10-15_2020-10-17,1,3.0,2460,1531,0,12,0,0,12,0,0,6,6
fire_24332628,2020-10-17,fire_24332628_2020-10-15_2020-10-17,2,4.0,3618,3552,0,0,0,0,0,0,0,0,0
fire_24332628,2020-10-16,fire_24332628_2020-10-16_2020-10-18,0,2.0,2460,841,0,0,0,0,0,0,0,0,0
fire_24332628,2020-10-17,fire_24332628_2020-10-16_2020-10-18,1,3.0,3618,2226,0,0,0,0,0,0,0,0,0
fire_24332628,2020-10-18,fire_24332628_2020-10-16_2020-10-18,2,4.0,2153,2087,0,0,0,0,0,0,0,0,0
fire_24332628,2020-10-17,fire_24332628_2020-10-17_2020-10-19,0,2.0,3618,1181,0,0,0,0,0,0,0,0,0
fire_24332628,2020-10-18,fire_24332628_2020-10-17_2020-10-19,1,3.0,2153,1257,0,0,0,0,0,0,0,0,0
fire_24332628,2020-10-19,fire_24332628_2020-10-17_2020-10-19,2,4.0,2178,2112,8,0,8,0,0,8,0,0,0
fire_24332628,2020-10-18,fire_24332628_2020-10-18_2020-10-20,0,2.0,2153,639,0,0,0,0,0,0,0,0,0
fire_24332628,2020-10-19,fire_24332628_2020-10-18_2020-10-20,1,3.0,2178,1240,8,0,8,0,0,8,0,0,0
fire_24332628,2020-10-20,fire_24332628_2020-10-18_2020-10-20,2,4.0,462,396,0,8,0,0,8,0,0,8,0
fire_24332628,2020-10-19,fire_24332628_2020-10-19_2020-10-21,0,2.0,2178,604,8,0,8,0,0,8,0,0,0
fire_24332628,2020-10-20,fire_24332628_2020-10-19_2020-10-21,1,3.0,462,228,0,8,0,0,8,0,0,8,0
fire_24332628,2020-10-21,fire_24332628_2020-10-19_2020-10-21,2,4.0,477,411,0,0,0,0,0,0,0,0,0
fire_24332628,2020-10-20,fire_24332628_2020-10-20_2020-10-24,0,2.0,462,108,0,0,0,0,0,0,0,0,0
fire_24332628,2020-10-21,fire_24332628_2020-10-20_2020-10-24,1,3.0,477,239,0,0,0,0,0,0,0,0,0
fire_24332628,2020-10-24,fire_24332628_2020-10-20_2020-10-24,2,4.0,462,396,0,0,0,0,0,0,0,0,0
fire_24332647,2020-08-18,fire_24332647_2020-08-18_2020-08-20,0,2.0,555,154,0,0,0,0,0,0,0,0,0
fire_24332647,2020-08-19,fire_24332647_2020-08-18_2020-08-20,1,3.0,2851,1750,41,0,41,0,0,41,0,0,0
fire_24332647,2020-08-20,fire_24332647_2020-08-18_2020-08-20,2,4.0,3482,3482,200,41,180,20,21,200,0,17,4
fire_24332647,2020-08-19,fire_24332647_2020-08-19_2020-08-21,0,2.0,2851,939,41,0,41,0,0,41,0,0,0
fire_24332647,2020-08-20,fire_24332647_2020-08-19_2020-08-21,1,3.0,3482,2227,200,41,180,20,21,200,0,17,4
fire_24332647,2020-08-21,fire_24332647_2020-08-19_2020-08-21,2,4.0,3673,3673,188,200,134,54,146,188,0,87,59
fire_24332647,2020-08-20,fire_24332647_2020-08-20_2020-08-22,0,2.0,3482,1191,200,0,200,0,0,200,0,0,0
fire_24332647,2020-08-21,fire_24332647_2020-08-20_2020-08-22,1,3.0,3673,2432,188,200,134,54,146,188,0,87,59
fire_24332647,2020-08-22,fire_24332647_2020-08-20_2020-08-22,2,4.0,3249,3249,281,188,230,51,137,281,0,95,42
fire_24332647,2020-08-21,fire_24332647_2020-08-21_2020-08-23,0,2.0,3673,1381,188,0,188,0,0,188,0,0,0
fire_24332647,2020-08-22,fire_24332647_2020-08-21_2020-08-23,1,3.0,3249,2192,281,188,230,51,137,281,0,99,38
fire_24332647,2020-08-23,fire_24332647_2020-08-21_2020-08-23,2,4.0,3246,3246,285,281,194,91,190,285,0,94,96
fire_24332647,2020-08-22,fire_24332647_2020-08-22_2020-08-24,0,2.0,3249,1273,281,0,281,0,0,281,0,0,0
fire_24332647,2020-08-23,fire_24332647_2020-08-22_2020-08-24,1,3.0,3246,2194,285,281,194,91,190,285,0,94,96
fire_24332647,2020-08-24,fire_24332647_2020-08-22_2020-08-24,2,4.0,3129,3129,194,285,150,44,241,194,0,85,156
fire_24332647,2020-08-23,fire_24332647_2020-08-23_2020-08-25,0,2.0,3246,1281,285,0,285,0,0,285,0,0,0
fire_24332647,2020-08-24,fire_24332647_2020-08-23_2020-08-25,1,3.0,3129,2175,194,285,150,44,241,194,0,85,156
fire_24332647,2020-08-25,fire_24332647_2020-08-23_2020-08-25,2,4.0,2746,2746,150,194,122,28,166,150,0,42,124
fire_24332647,2020-08-24,fire_24332647_2020-08-24_2020-08-26,0,2.0,3129,1276,194,0,194,0,0,194,0,0,0
fire_24332647,2020-08-25,fire_24332647_2020-08-24_2020-08-26,1,3.0,2746,1881,150,194,122,28,166,150,0,70,96
fire_24332647,2020-08-26,fire_24332647_2020-08-24_2020-08-26,2,4.0,2961,2961,105,150,85,20,130,105,0,43,87
fire_24332647,2020-08-25,fire_24332647_2020-08-25_2020-08-27,0,2.0,2746,1129,150,0,150,0,0,150,0,0,0
fire_24332647,2020-08-26,fire_24332647_2020-08-25_2020-08-27,1,3.0,2961,1984,105,150,85,20,130,105,0,45,85
fire_24332647,2020-08-27,fire_24332647_2020-08-25_2020-08-27,2,4.0,3260,3194,160,105,133,27,78,160,0,55,23
fire_24332647,2020-08-26,fire_24332647_2020-08-26_2020-08-28,0,2.0,2961,1186,105,0,105,0,0,105,0,0,0
fire_24332647,2020-08-27,fire_24332647_2020-08-26_2020-08-28,1,3.0,3260,2227,160,105,133,27,78,160,0,55,23
fire_24332647,2020-08-28,fire_24332647_2020-08-26_2020-08-28,2,4.0,3372,3306,241,160,188,53,107,241,0,37,70
fire_24332647,2020-08-27,fire_24332647_2020-08-27_2020-08-29,0,2.0,3260,1357,160,0,160,0,0,160,0,0,0
fire_24332647,2020-08-28,fire_24332647_2020-08-27_2020-08-29,1,3.0,3372,2273,241,160,188,53,107,241,0,37,70
fire_24332647,2020-08-29,fire_24332647_2020-08-27_2020-08-29,2,4.0,2709,2709,0,241,0,0,241,0,0,72,169
fire_24332647,2020-08-28,fire_24332647_2020-08-28_2020-08-30,0,2.0,3372,1389,241,0,241,0,0,241,0,0,0
fire_24332647,2020-08-29,fire_24332647_2020-08-28_2020-08-30,1,3.0,2709,1865,0,241,0,0,241,0,0,72,169
fire_24332647,2020-08-30,fire_24332647_2020-08-28_2020-08-30,2,4.0,3254,3229,242,0,242,0,0,242,0,0,0
fire_24332647,2020-08-29,fire_24332647_2020-08-29_2020-08-31,0,2.0,2709,1145,0,0,0,0,0,0,0,0,0
fire_24332647,2020-08-30,fire_24332647_2020-08-29_2020-08-31,1,3.0,3254,2189,242,0,242,0,0,242,0,0,0
fire_24332647,2020-08-31,fire_24332647_2020-08-29_2020-08-31,2,4.0,2986,2981,230,242,127,103,139,230,0,58,81
fire_24332647,2020-08-30,fire_24332647_2020-08-30_2020-09-01,0,2.0,3254,1310,242,0,242,0,0,242,0,0,0
fire_24332647,2020-08-31,fire_24332647_2020-08-30_2020-09-01,1,3.0,2986,2089,230,242,127,103,139,230,0,58,81
fire_24332647,2020-09-01,fire_24332647_2020-08-30_2020-09-01,2,4.0,2852,2852,0,230,0,0,230,0,0,54,176
fire_24332647,2020-08-31,fire_24332647_2020-08-31_2020-09-02,0,2.0,2986,1313,230,0,230,0,0,230,0,0,0
fire_24332647,2020-09-01,fire_24332647_2020-08-31_2020-09-02,1,3.0,2852,2025,0,230,0,0,230,0,0,57,173
fire_24332647,2020-09-02,fire_24332647_2020-08-31_2020-09-02,2,4.0,2729,2729,0,0,0,0,0,0,0,0,0
fire_24332647,2020-09-01,fire_24332647_2020-09-01_2020-09-03,0,2.0,2852,1267,0,0,0,0,0,0,0,0,0
fire_24332647,2020-09-02,fire_24332647_2020-09-01_2020-09-03,1,3.0,2729,1919,0,0,0,0,0,0,0,0,0
fire_24332647,2020-09-03,fire_24332647_2020-09-01_2020-09-03,2,4.0,2330,2330,150,0,150,0,0,150,0,0,0
fire_24332647,2020-09-02,fire_24332647_2020-09-02_2020-09-04,0,2.0,2729,1180,0,0,0,0,0,0,0,0,0
fire_24332647,2020-09-03,fire_24332647_2020-09-02_2020-09-04,1,3.0,2330,1645,150,0,150,0,0,150,0,0,0
fire_24332647,2020-09-04,fire_24332647_2020-09-02_2020-09-04,2,4.0,2105,2105,0,150,0,0,150,0,0,36,114
fire_24332647,2020-09-03,fire_24332647_2020-09-03_2020-09-05,0,2.0,2330,987,150,0,150,0,0,150,0,0,0
fire_24332647,2020-09-04,fire_24332647_2020-09-03_2020-09-05,1,3.0,2105,1467,0,150,0,0,150,0,0,36,114
fire_24332647,2020-09-05,fire_24332647_2020-09-03_2020-09-05,2,4.0,1998,1998,78,0,78,0,0,78,0,0,0
fire_24332647,2020-09-04,fire_24332647_2020-09-04_2020-09-06,0,2.0,2105,921,0,0,0,0,0,0,0,0,0
fire_24332647,2020-09-05,fire_24332647_2020-09-04_2020-09-06,1,3.0,1998,1372,78,0,78,0,0,78,0,0,0
fire_24332647,2020-09-06,fire_24332647_2020-09-04_2020-09-06,2,4.0,1677,1677,46,78,39,7,71,46,0,22,49
fire_24332647,2020-09-05,fire_24332647_2020-09-05_2020-09-07,0,2.0,1998,828,78,0,78,0,0,78,0,0,0
fire_24332647,2020-09-06,fire_24332647_2020-09-05_2020-09-07,1,3.0,1677,1206,46,78,39,7,71,46,0,22,49
fire_24332647,2020-09-07,fire_24332647_2020-09-05_2020-09-07,2,4.0,1681,1652,0,46,0,0,46,0,0,3,43
fire_24332647,2020-09-06,fire_24332647_2020-09-06_2020-09-08,0,2.0,1677,772,46,0,46,0,0,46,0,0,0
fire_24332647,2020-09-07,fire_24332647_2020-09-06_2020-09-08,1,3.0,1681,1178,0,46,0,0,46,0,0,3,43
fire_24332647,2020-09-08,fire_24332647_2020-09-06_2020-09-08,2,4.0,1851,1824,96,0,96,0,0,96,0,0,0
fire_24332647,2020-09-07,fire_24332647_2020-09-07_2020-09-09,0,2.0,1681,744,0,0,0,0,0,0,0,0,0
fire_24332647,2020-09-08,fire_24332647_2020-09-07_2020-09-09,1,3.0,1851,1230,96,0,96,0,0,96,0,0,0
fire_24332647,2020-09-09,fire_24332647_2020-09-07_2020-09-09,2,4.0,3686,3686,0,96,0,0,96,0,0,50,46
fire_24332647,2020-09-08,fire_24332647_2020-09-08_2020-09-10,0,2.0,1851,695,96,0,96,0,0,96,0,0,0
fire_24332647,2020-09-09,fire_24332647_2020-09-08_2020-09-10,1,3.0,3686,2784,0,96,0,0,96,0,0,50,46
fire_24332647,2020-09-10,fire_24332647_2020-09-08_2020-09-10,2,4.0,7767,7767,0,0,0,0,0,0,0,0,0
fire_24332647,2020-09-09,fire_24332647_2020-09-09_2020-09-11,0,2.0,3686,1870,0,0,0,0,0,0,0,0,0
fire_24332647,2020-09-10,fire_24332647_2020-09-09_2020-09-11,1,3.0,7767,6089,0,0,0,0,0,0,0,0,0
fire_24332647,2020-09-11,fire_24332647_2020-09-09_2020-09-11,2,4.0,8455,8455,208,0,208,0,0,208,0,0,0
fire_24332647,2020-09-10,fire_24332647_2020-09-10_2020-09-12,0,2.0,7767,4356,0,0,0,0,0,0,0,0,0
fire_24332647,2020-09-11,fire_24332647_2020-09-10_2020-09-12,1,3.0,8455,6571,208,0,208,0,0,208,0,0,0
fire_24332647,2020-09-12,fire_24332647_2020-09-10_2020-09-12,2,4.0,8152,8091,370,208,337,33,175,370,0,45,130
fire_24332647,2020-09-11,fire_24332647_2020-09-11_2020-09-13,0,2.0,8455,4534,208,0,208,0,0,208,0,0,0
fire_24332647,2020-09-12,fire_24332647_2020-09-11_2020-09-13,1,3.0,8152,6043,370,208,337,33,175,370,0,46,129
fire_24332647,2020-09-13,fire_24332647_2020-09-11_2020-09-13,2,4.0,6867,6830,235,370,184,51,319,235,0,82,237
fire_24332647,2020-09-12,fire_24332647_2020-09-12_2020-09-14,0,2.0,8152,3955,370,0,370,0,0,370,0,0,0
fire_24332647,2020-09-13,fire_24332647_2020-09-12_2020-09-14,1,3.0,6867,4965,235,370,184,51,319,235,0,94,225
fire_24332647,2020-09-14,fire_24332647_2020-09-12_2020-09-14,2,4.0,6669,6669,281,235,228,53,182,281,0,65,117
fire_24332647,2020-09-13,fire_24332647_2020-09-13_2020-09-15,0,2.0,6867,3173,235,0,235,0,0,235,0,0,0
fire_24332647,2020-09-14,fire_24332647_2020-09-13_2020-09-15,1,3.0,6669,4805,281,235,228,53,182,281,0,65,117
fire_24332647,2020-09-15,fire_24332647_2020-09-13_2020-09-15,2,4.0,5724,5724,381,281,313,68,213,381,0,87,126
fire_24332647,2020-09-14,fire_24332647_2020-09-14_2020-09-16,0,2.0,6669,2977,281,0,281,0,0,281,0,0,0
fire_24332647,2020-09-15,fire_24332647_2020-09-14_2020-09-16,1,3.0,5724,4042,381,281,313,68,213,381,0,99,114
fire_24332647,2020-09-16,fire_24332647_2020-09-14_2020-09-16,2,4.0,5152,5152,288,381,196,92,289,288,0,104,185
fire_24332647,2020-09-15,fire_24332647_2020-09-15_2020-09-17,0,2.0,5724,2476,381,0,381,0,0,381,0,0,0
fire_24332647,2020-09-16,fire_24332647_2020-09-15_2020-09-17,1,3.0,5152,3631,288,381,196,92,289,288,0,110,179
fire_24332647,2020-09-17,fire_24332647_2020-09-15_2020-09-17,2,4.0,5228,5228,252,288,201,51,237,252,0,89,148
fire_24332647,2020-09-16,fire_24332647_2020-09-16_2020-09-18,0,2.0,5152,2262,288,0,288,0,0,288,0,0,0
fire_24332647,2020-09-17,fire_24332647_2020-09-16_2020-09-18,1,3.0,5228,3704,252,288,201,51,237,252,0,94,143
fire_24332647,2020-09-18,fire_24332647_2020-09-16_2020-09-18,2,4.0,4948,4948,280,252,230,50,202,280,0,78,124
fire_24332647,2020-09-17,fire_24332647_2020-09-17_2020-09-19,0,2.0,5228,2339,252,0,252,0,0,252,0,0,0
fire_24332647,2020-09-18,fire_24332647_2020-09-17_2020-09-19,1,3.0,4948,3451,280,252,230,50,202,280,0,78,124
fire_24332647,2020-09-19,fire_24332647_2020-09-17_2020-09-19,2,4.0,3718,3683,213,280,172,41,239,213,0,58,181
fire_24332647,2020-09-18,fire_24332647_2020-09-18_2020-09-20,0,2.0,4948,2154,280,0,280,0,0,280,0,0,0
fire_24332647,2020-09-19,fire_24332647_2020-09-18_2020-09-20,1,3.0,3718,2632,213,280,172,41,239,213,0,71,168
fire_24332647,2020-09-20,fire_24332647_2020-09-18_2020-09-20,2,4.0,3539,3497,33,213,31,2,211,33,0,40,171
fire_24332647,2020-09-19,fire_24332647_2020-09-19_2020-09-21,0,2.0,3718,1695,213,0,213,0,0,213,0,0,0
fire_24332647,2020-09-20,fire_24332647_2020-09-19_2020-09-21,1,3.0,3539,2470,33,213,31,2,211,33,0,47,164
fire_24332647,2020-09-21,fire_24332647_2020-09-19_2020-09-21,2,4.0,4299,4299,47,33,38,9,24,47,0,13,11
fire_24332647,2020-09-20,fire_24332647_2020-09-20_2020-09-22,0,2.0,3539,1550,33,0,33,0,0,33,0,0,0
fire_24332647,2020-09-21,fire_24332647_2020-09-20_2020-09-22,1,3.0,4299,3060,47,33,38,9,24,47,0,13,11
fire_24332647,2020-09-22,fire_24332647_2020-09-20_2020-09-22,2,4.0,4046,4046,279,47,262,17,30,279,0,17,13
fire_24332647,2020-09-21,fire_24332647_2020-09-21_2020-09-23,0,2.0,4299,1991,47,0,47,0,0,47,0,0,0
fire_24332647,2020-09-22,fire_24332647_2020-09-21_2020-09-23,1,3.0,4046,2943,279,47,262,17,30,279,0,17,13
fire_24332647,2020-09-23,fire_24332647_2020-09-21_2020-09-23,2,4.0,3798,3798,344,279,241,103,176,344,0,61,115
fire_24332647,2020-09-22,fire_24332647_2020-09-22_2020-09-24,0,2.0,4046,1940,279,0,279,0,0,279,0,0,0
fire_24332647,2020-09-23,fire_24332647_2020-09-22_2020-09-24,1,3.0,3798,2737,344,279,241,103,176,344,0,65,111
fire_24332647,2020-09-24,fire_24332647_2020-09-22_2020-09-24,2,4.0,4030,4030,359,344,214,145,199,359,0,72,127
fire_24332647,2020-09-23,fire_24332647_2020-09-23_2020-09-25,0,2.0,3798,1795,344,0,344,0,0,344,0,0,0
fire_24332647,2020-09-24,fire_24332647_2020-09-23_2020-09-25,1,3.0,4030,2919,359,344,214,145,199,359,0,73,126
fire_24332647,2020-09-25,fire_24332647_2020-09-23_2020-09-25,2,4.0,3691,3691,268,359,155,113,246,268,0,82,164
fire_24332647,2020-09-24,fire_24332647_2020-09-24_2020-09-26,0,2.0,4030,1893,359,0,359,0,0,359,0,0,0
fire_24332647,2020-09-25,fire_24332647_2020-09-24_2020-09-26,1,3.0,3691,2646,268,359,155,113,246,268,0,82,164
fire_24332647,2020-09-26,fire_24332647_2020-09-24_2020-09-26,2,4.0,3400,3334,211,268,128,83,185,211,0,25,160
fire_24332647,2020-09-25,fire_24332647_2020-09-25_2020-09-27,0,2.0,3691,1678,268,0,268,0,0,268,0,0,0
fire_24332647,2020-09-26,fire_24332647_2020-09-25_2020-09-27,1,3.0,3400,2320,211,268,128,83,185,211,0,38,147
fire_24332647,2020-09-27,fire_24332647_2020-09-25_2020-09-27,2,4.0,2709,2643,102,211,56,46,165,102,0,68,97
fire_24332647,2020-09-26,fire_24332647_2020-09-26_2020-09-28,0,2.0,3400,1348,211,0,211,0,0,211,0,0,0
fire_24332647,2020-09-27,fire_24332647_2020-09-26_2020-09-28,1,3.0,2709,1907,102,211,56,46,165,102,0,72,93
fire_24332647,2020-09-28,fire_24332647_2020-09-26_2020-09-28,2,4.0,4392,4392,0,102,0,0,102,0,0,48,54
fire_24332647,2020-09-27,fire_24332647_2020-09-27_2020-09-29,0,2.0,2709,1213,102,0,102,0,0,102,0,0,0
fire_24332647,2020-09-28,fire_24332647_2020-09-27_2020-09-29,1,3.0,4392,3081,0,102,0,0,102,0,0,48,54
fire_24332647,2020-09-29,fire_24332647_2020-09-27_2020-09-29,2,4.0,4219,4219,0,0,0,0,0,0,0,0,0
fire_24332647,2020-09-28,fire_24332647_2020-09-28_2020-09-30,0,2.0,4392,1899,0,0,0,0,0,0,0,0,0
fire_24332647,2020-09-29,fire_24332647_2020-09-28_2020-09-30,1,3.0,4219,2944,0,0,0,0,0,0,0,0,0
fire_24332647,2020-09-30,fire_24332647_2020-09-28_2020-09-30,2,4.0,4249,4249,0,0,0,0,0,0,0,0,0
fire_24332647,2020-09-29,fire_24332647_2020-09-29_2020-10-01,0,2.0,4219,1810,0,0,0,0,0,0,0,0,0
fire_24332647,2020-09-30,fire_24332647_2020-09-29_2020-10-01,1,3.0,4249,3006,0,0,0,0,0,0,0,0,0
fire_24332647,2020-10-01,fire_24332647_2020-09-29_2020-10-01,2,4.0,2886,2886,0,0,0,0,0,0,0,0,0
fire_24332647,2020-09-30,fire_24332647_2020-09-30_2020-10-02,0,2.0,4249,1889,0,0,0,0,0,0,0,0,0
fire_24332647,2020-10-01,fire_24332647_2020-09-30_2020-10-02,1,3.0,2886,2027,0,0,0,0,0,0,0,0,0
fire_24332647,2020-10-02,fire_24332647_2020-09-30_2020-10-02,2,4.0,3188,3188,0,0,0,0,0,0,0,0,0
fire_24332647,2020-10-01,fire_24332647_2020-10-01_2020-10-03,0,2.0,2886,1281,0,0,0,0,0,0,0,0,0
fire_24332647,2020-10-02,fire_24332647_2020-10-01_2020-10-03,1,3.0,3188,2271,0,0,0,0,0,0,0,0,0
fire_24332647,2020-10-03,fire_24332647_2020-10-01_2020-10-03,2,4.0,2975,2975,0,0,0,0,0,0,0,0,0
fire_24332647,2020-10-02,fire_24332647_2020-10-02_2020-10-04,0,2.0,3188,1446,0,0,0,0,0,0,0,0,0
fire_24332647,2020-10-03,fire_24332647_2020-10-02_2020-10-04,1,3.0,2975,2127,0,0,0,0,0,0,0,0,0
fire_24332647,2020-10-04,fire_24332647_2020-10-02_2020-10-04,2,4.0,2210,2144,21,0,21,0,0,21,0,0,0
fire_24332647,2020-10-03,fire_24332647_2020-10-03_2020-10-05,0,2.0,2975,1387,0,0,0,0,0,0,0,0,0
fire_24332647,2020-10-04,fire_24332647_2020-10-03_2020-10-05,1,3.0,2210,1604,21,0,21,0,0,21,0,0,0
fire_24332647,2020-10-05,fire_24332647_2020-10-03_2020-10-05,2,4.0,2079,2013,0,21,0,0,21,0,0,6,15
fire_24332647,2020-10-04,fire_24332647_2020-10-04_2020-10-06,0,2.0,2210,1066,21,0,21,0,0,21,0,0,0
fire_24332647,2020-10-05,fire_24332647_2020-10-04_2020-10-06,1,3.0,2079,1305,0,21,0,0,21,0,0,6,15
fire_24332647,2020-10-06,fire_24332647_2020-10-04_2020-10-06,2,4.0,985,919,0,0,0,0,0,0,0,0,0
fire_24332647,2020-10-05,fire_24332647_2020-10-05_2020-10-07,0,2.0,2079,707,0,0,0,0,0,0,0,0,0
fire_24332647,2020-10-06,fire_24332647_2020-10-05_2020-10-07,1,3.0,985,551,0,0,0,0,0,0,0,0,0
fire_24332647,2020-10-07,fire_24332647_2020-10-05_2020-10-07,2,4.0,2479,2413,38,0,38,0,0,38,0,0,0
fire_24332647,2020-10-06,fire_24332647_2020-10-06_2020-10-08,0,2.0,985,277,0,0,0,0,0,0,0,0,0
fire_24332647,2020-10-07,fire_24332647_2020-10-06_2020-10-08,1,3.0,2479,1625,38,0,38,0,0,38,0,0,0
fire_24332647,2020-10-08,fire_24332647_2020-10-06_2020-10-08,2,4.0,2369,2303,35,38,28,7,31,35,0,4,27
fire_24332647,2020-10-07,fire_24332647_2020-10-07_2020-10-09,0,2.0,2479,895,38,0,38,0,0,38,0,0,0
fire_24332647,2020-10-08,fire_24332647_2020-10-07_2020-10-09,1,3.0,2369,1505,35,38,28,7,31,35,0,4,27
fire_24332647,2020-10-09,fire_24332647_2020-10-07_2020-10-09,2,4.0,1151,1147,22,35,6,16,19,22,0,16,3
fire_24332676,2020-08-16,fire_24332676_2020-08-16_2020-08-18,0,2.0,1435,678,90,0,90,0,0,90,0,0,0
fire_24332676,2020-08-17,fire_24332676_2020-08-16_2020-08-18,1,3.0,2070,1493,42,90,39,3,87,42,0,22,65
fire_24332676,2020-08-18,fire_24332676_2020-08-16_2020-08-18,2,4.0,1882,1882,0,42,0,0,42,0,0,23,19
fire_24332676,2020-08-17,fire_24332676_2020-08-17_2020-08-19,0,2.0,2070,974,42,0,42,0,0,42,0,0,0
fire_24332676,2020-08-18,fire_24332676_2020-08-17_2020-08-19,1,3.0,1882,1362,0,42,0,0,42,0,0,23,19
fire_24332676,2020-08-19,fire_24332676_2020-08-17_2020-08-19,2,4.0,1154,1154,20,0,20,0,0,20,0,0,0
fire_24332676,2020-08-18,fire_24332676_2020-08-18_2020-08-20,0,2.0,1882,875,0,0,0,0,0,0,0,0,0
fire_24332676,2020-08-19,fire_24332676_2020-08-18_2020-08-20,1,3.0,1154,757,20,0,20,0,0,20,0,0,0
fire_24332676,2020-08-20,fire_24332676_2020-08-18_2020-08-20,2,4.0,1551,1506,61,20,54,7,13,61,0,12,1
fire_24332676,2020-08-19,fire_24332676_2020-08-19_2020-08-21,0,2.0,1154,408,20,0,20,0,0,20,0,0,0
fire_24332676,2020-08-20,fire_24332676_2020-08-19_2020-08-21,1,3.0,1551,1002,61,20,54,7,13,61,0,12,1
fire_24332676,2020-08-21,fire_24332676_2020-08-19_2020-08-21,2,4.0,802,795,49,61,36,13,48,49,0,5,43
fire_24332676,2020-08-20,fire_24332676_2020-08-20_2020-08-22,0,2.0,1551,586,61,0,61,0,0,61,0,0,0
fire_24332676,2020-08-21,fire_24332676_2020-08-20_2020-08-22,1,3.0,802,529,49,61,36,13,48,49,0,5,43
fire_24332676,2020-08-22,fire_24332676_2020-08-20_2020-08-22,2,4.0,416,416,18,49,8,10,39,18,0,28,11
fire_24332700,2020-08-19,fire_24332700_2020-08-19_2020-08-21,0,2.0,3504,1542,0,0,0,0,0,0,0,0,0
fire_24332700,2020-08-20,fire_24332700_2020-08-19_2020-08-21,1,3.0,9923,8026,98,0,98,0,0,98,0,0,0
fire_24332700,2020-08-21,fire_24332700_2020-08-19_2020-08-21,2,4.0,12011,12011,90,98,83,7,91,90,0,37,54
fire_24332700,2020-08-20,fire_24332700_2020-08-20_2020-08-22,0,2.0,9923,5893,98,0,98,0,0,98,0,0,0
fire_24332700,2020-08-21,fire_24332700_2020-08-20_2020-08-22,1,3.0,12011,9776,90,98,83,7,91,90,0,37,54
fire_24332700,2020-08-22,fire_24332700_2020-08-20_2020-08-22,2,4.0,10269,10269,4,90,3,1,89,4,0,20,69
fire_24332700,2020-08-21,fire_24332700_2020-08-21_2020-08-23,0,2.0,12011,6783,90,0,90,0,0,90,0,0,0
fire_24332700,2020-08-22,fire_24332700_2020-08-21_2020-08-23,1,3.0,10269,7291,4,90,3,1,89,4,0,27,62
fire_24332700,2020-08-23,fire_24332700_2020-08-21_2020-08-23,2,4.0,6246,6246,0,4,0,0,4,0,0,0,4
fire_24332700,2020-08-22,fire_24332700_2020-08-22_2020-08-24,0,2.0,10269,4375,4,0,4,0,0,4,0,0,0
fire_24332700,2020-08-23,fire_24332700_2020-08-22_2020-08-24,1,3.0,6246,4227,0,4,0,0,4,0,0,0,4
fire_24332700,2020-08-24,fire_24332700_2020-08-22_2020-08-24,2,4.0,6889,6889,27,0,27,0,0,27,0,0,0
fire_24332700,2020-08-23,fire_24332700_2020-08-23_2020-08-25,0,2.0,6246,2457,0,0,0,0,0,0,0,0,0
fire_24332700,2020-08-24,fire_24332700_2020-08-23_2020-08-25,1,3.0,6889,4845,27,0,27,0,0,27,0,0,0
fire_24332700,2020-08-25,fire_24332700_2020-08-23_2020-08-25,2,4.0,4151,4151,13,27,12,1,26,13,0,2,24
fire_24332700,2020-08-24,fire_24332700_2020-08-24_2020-08-26,0,2.0,6889,2949,27,0,27,0,0,27,0,0,0
fire_24332700,2020-08-25,fire_24332700_2020-08-24_2020-08-26,1,3.0,4151,2794,13,27,12,1,26,13,0,2,24
fire_24332700,2020-08-26,fire_24332700_2020-08-24_2020-08-26,2,4.0,5267,5267,0,13,0,0,13,0,0,8,5
fire_24332700,2020-08-25,fire_24332700_2020-08-25_2020-08-27,0,2.0,4151,1607,13,0,13,0,0,13,0,0,0
fire_24332700,2020-08-26,fire_24332700_2020-08-25_2020-08-27,1,3.0,5267,3700,0,13,0,0,13,0,0,8,5
fire_24332700,2020-08-27,fire_24332700_2020-08-25_2020-08-27,2,4.0,3300,3300,4,0,4,0,0,4,0,0,0
fire_24332700,2020-08-26,fire_24332700_2020-08-26_2020-08-28,0,2.0,5267,2149,0,0,0,0,0,0,0,0,0
fire_24332700,2020-08-27,fire_24332700_2020-08-26_2020-08-28,1,3.0,3300,2193,4,0,4,0,0,4,0,0,0
fire_24332700,2020-08-28,fire_24332700_2020-08-26_2020-08-28,2,4.0,1947,1947,25,4,24,1,3,25,0,3,0
fire_24332700,2020-08-27,fire_24332700_2020-08-27_2020-08-29,0,2.0,3300,1262,4,0,4,0,0,4,0,0,0
fire_24332700,2020-08-28,fire_24332700_2020-08-27_2020-08-29,1,3.0,1947,1359,25,4,24,1,3,25,0,3,0
fire_24332700,2020-08-29,fire_24332700_2020-08-27_2020-08-29,2,4.0,2677,2611,14,25,11,3,22,14,0,8,14
fire_24332700,2020-08-28,fire_24332700_2020-08-28_2020-08-30,0,2.0,1947,858,25,0,25,0,0,25,0,0,0
fire_24332700,2020-08-29,fire_24332700_2020-08-28_2020-08-30,1,3.0,2677,1782,14,25,11,3,22,14,0,8,14
fire_24332700,2020-08-30,fire_24332700_2020-08-28_2020-08-30,2,4.0,2073,2028,13,14,11,2,12,13,0,8,4
fire_24332700,2020-08-29,fire_24332700_2020-08-29_2020-08-31,0,2.0,2677,1021,14,0,14,0,0,14,0,0,0
fire_24332700,2020-08-30,fire_24332700_2020-08-29_2020-08-31,1,3.0,2073,1321,13,14,11,2,12,13,0,8,4
fire_24332700,2020-08-31,fire_24332700_2020-08-29_2020-08-31,2,4.0,649,583,16,13,15,1,12,16,0,2,10
fire_24332700,2020-08-30,fire_24332700_2020-08-30_2020-09-01,0,2.0,2073,741,13,0,13,0,0,13,0,0,0
fire_24332700,2020-08-31,fire_24332700_2020-08-30_2020-09-01,1,3.0,649,369,16,13,15,1,12,16,0,2,10
fire_24332700,2020-09-01,fire_24332700_2020-08-30_2020-09-01,2,4.0,858,792,4,16,4,0,16,4,0,0,16
fire_24332700,2020-08-31,fire_24332700_2020-08-31_2020-09-02,0,2.0,649,202,16,0,16,0,0,16,0,0,0
fire_24332700,2020-09-01,fire_24332700_2020-08-31_2020-09-02,1,3.0,858,456,4,16,4,0,16,4,0,0,16
fire_24332700,2020-09-02,fire_24332700_2020-08-31_2020-09-02,2,4.0,462,396,0,4,0,0,4,0,0,0,4
fire_24332702,2020-08-19,fire_24332702_2020-08-19_2020-08-21,0,2.0,582,180,0,0,0,0,0,0,0,0,0
fire_24332702,2020-08-20,fire_24332702_2020-08-19_2020-08-21,1,3.0,3101,2131,18,0,18,0,0,18,0,0,0
fire_24332702,2020-08-21,fire_24332702_2020-08-19_2020-08-21,2,4.0,3284,3284,6,18,6,0,18,6,0,0,18
fire_24332702,2020-08-20,fire_24332702_2020-08-20_2020-08-22,0,2.0,3101,1286,18,0,18,0,0,18,0,0,0
fire_24332702,2020-08-21,fire_24332702_2020-08-20_2020-08-22,1,3.0,3284,2331,6,18,6,0,18,6,0,0,18
fire_24332702,2020-08-22,fire_24332702_2020-08-20_2020-08-22,2,4.0,4050,4050,1,6,1,0,6,1,0,6,0
fire_24332702,2020-08-21,fire_24332702_2020-08-21_2020-08-23,0,2.0,3284,1504,6,0,6,0,0,6,0,0,0
fire_24332702,2020-08-22,fire_24332702_2020-08-21_2020-08-23,1,3.0,4050,3018,1,6,1,0,6,1,0,6,0
fire_24332702,2020-08-23,fire_24332702_2020-08-21_2020-08-23,2,4.0,4067,4065,0,1,0,0,1,0,0,0,1
fire_24332702,2020-08-22,fire_24332702_2020-08-22_2020-08-24,0,2.0,4050,2011,1,0,1,0,0,1,0,0,0
fire_24332702,2020-08-23,fire_24332702_2020-08-22_2020-08-24,1,3.0,4067,2877,0,1,0,0,1,0,0,0,1
fire_24332702,2020-08-24,fire_24332702_2020-08-22_2020-08-24,2,4.0,3401,3398,23,0,23,0,0,23,0,0,0
fire_24332702,2020-08-23,fire_24332702_2020-08-23_2020-08-25,0,2.0,4067,1704,0,0,0,0,0,0,0,0,0
fire_24332702,2020-08-24,fire_24332702_2020-08-23_2020-08-25,1,3.0,3401,2335,23,0,23,0,0,23,0,0,0
fire_24332702,2020-08-25,fire_24332702_2020-08-23_2020-08-25,2,4.0,2723,2723,1,23,1,0,23,1,0,2,21
fire_24332702,2020-08-24,fire_24332702_2020-08-24_2020-08-26,0,2.0,3401,1379,23,0,23,0,0,23,0,0,0
fire_24332702,2020-08-25,fire_24332702_2020-08-24_2020-08-26,1,3.0,2723,1841,1,23,1,0,23,1,0,2,21
fire_24332702,2020-08-26,fire_24332702_2020-08-24_2020-08-26,2,4.0,3881,3869,0,1,0,0,1,0,0,0,1
fire_24332702,2020-08-25,fire_24332702_2020-08-25_2020-08-27,0,2.0,2723,1046,1,0,1,0,0,1,0,0,0
fire_24332702,2020-08-26,fire_24332702_2020-08-25_2020-08-27,1,3.0,3881,2720,0,1,0,0,1,0,0,0,1
fire_24332702,2020-08-27,fire_24332702_2020-08-25_2020-08-27,2,4.0,3055,3003,4,0,4,0,0,4,0,0,0
fire_24332702,2020-08-26,fire_24332702_2020-08-26_2020-08-28,0,2.0,3881,1602,0,0,0,0,0,0,0,0,0
fire_24332702,2020-08-27,fire_24332702_2020-08-26_2020-08-28,1,3.0,3055,2056,4,0,4,0,0,4,0,0,0
fire_24332702,2020-08-28,fire_24332702_2020-08-26_2020-08-28,2,4.0,1825,1759,30,4,29,1,3,30,0,3,0
fire_24332702,2020-08-27,fire_24332702_2020-08-27_2020-08-29,0,2.0,3055,1228,4,0,4,0,0,4,0,0,0
fire_24332702,2020-08-28,fire_24332702_2020-08-27_2020-08-29,1,3.0,1825,1187,30,4,29,1,3,30,0,3,0
fire_24332702,2020-08-29,fire_24332702_2020-08-27_2020-08-29,2,4.0,2052,1986,11,30,9,2,28,11,0,9,19
fire_24332702,2020-08-28,fire_24332702_2020-08-28_2020-08-30,0,2.0,1825,692,30,0,30,0,0,30,0,0,0
fire_24332702,2020-08-29,fire_24332702_2020-08-28_2020-08-30,1,3.0,2052,1282,11,30,9,2,28,11,0,9,19
fire_24332702,2020-08-30,fire_24332702_2020-08-28_2020-08-30,2,4.0,1379,1313,6,11,4,2,9,6,0,7,2
fire_24332702,2020-08-29,fire_24332702_2020-08-29_2020-08-31,0,2.0,2052,701,11,0,11,0,0,11,0,0,0
fire_24332702,2020-08-30,fire_24332702_2020-08-29_2020-08-31,1,3.0,1379,835,6,11,4,2,9,6,0,7,2
fire_24332702,2020-08-31,fire_24332702_2020-08-29_2020-08-31,2,4.0,649,583,14,6,14,0,6,14,0,2,4
fire_24332704,2020-08-31,fire_24332704_2020-08-31_2020-09-02,0,2.0,899,357,79,0,79,0,0,79,0,0,0
fire_24332704,2020-09-01,fire_24332704_2020-08-31_2020-09-02,1,3.0,992,681,96,79,78,18,61,96,0,26,35
fire_24332704,2020-09-02,fire_24332704_2020-08-31_2020-09-02,2,4.0,1385,1385,0,96,0,0,96,0,0,38,58
fire_24332704,2020-09-01,fire_24332704_2020-09-01_2020-09-03,0,2.0,992,418,96,0,96,0,0,96,0,0,0
fire_24332704,2020-09-02,fire_24332704_2020-09-01_2020-09-03,1,3.0,1385,996,0,96,0,0,96,0,0,41,55
fire_24332704,2020-09-03,fire_24332704_2020-09-01_2020-09-03,2,4.0,1605,1605,0,0,0,0,0,0,0,0,0
fire_24332704,2020-09-02,fire_24332704_2020-09-02_2020-09-04,0,2.0,1385,644,0,0,0,0,0,0,0,0,0
fire_24332704,2020-09-03,fire_24332704_2020-09-02_2020-09-04,1,3.0,1605,1204,0,0,0,0,0,0,0,0,0
fire_24332704,2020-09-04,fire_24332704_2020-09-02_2020-09-04,2,4.0,2060,2060,109,0,109,0,0,109,0,0,0
fire_24332704,2020-09-03,fire_24332704_2020-09-03_2020-09-05,0,2.0,1605,831,0,0,0,0,0,0,0,0,0
fire_24332704,2020-09-04,fire_24332704_2020-09-03_2020-09-05,1,3.0,2060,1442,109,0,109,0,0,109,0,0,0
fire_24332704,2020-09-05,fire_24332704_2020-09-03_2020-09-05,2,4.0,1949,1949,164,109,140,24,85,164,0,9,76
fire_24332704,2020-09-04,fire_24332704_2020-09-04_2020-09-06,0,2.0,2060,900,109,0,109,0,0,109,0,0,0
fire_24332704,2020-09-05,fire_24332704_2020-09-04_2020-09-06,1,3.0,1949,1355,164,109,140,24,85,164,0,9,76
fire_24332704,2020-09-06,fire_24332704_2020-09-04_2020-09-06,2,4.0,1913,1913,170,164,115,55,109,170,0,79,30
fire_24332704,2020-09-05,fire_24332704_2020-09-05_2020-09-07,0,2.0,1949,833,164,0,164,0,0,164,0,0,0
fire_24332704,2020-09-06,fire_24332704_2020-09-05_2020-09-07,1,3.0,1913,1318,170,164,115,55,109,170,0,79,30
fire_24332704,2020-09-07,fire_24332704_2020-09-05_2020-09-07,2,4.0,1560,1560,148,170,95,53,117,148,0,50,67
fire_24332704,2020-09-06,fire_24332704_2020-09-06_2020-09-08,0,2.0,1913,803,170,0,170,0,0,170,0,0,0
fire_24332704,2020-09-07,fire_24332704_2020-09-06_2020-09-08,1,3.0,1560,1134,148,170,95,53,117,148,0,50,67
fire_24332704,2020-09-08,fire_24332704_2020-09-06_2020-09-08,2,4.0,1675,1675,108,148,71,37,111,108,0,20,91
fire_24332704,2020-09-07,fire_24332704_2020-09-07_2020-09-09,0,2.0,1560,741,148,0,148,0,0,148,0,0,0
fire_24332704,2020-09-08,fire_24332704_2020-09-07_2020-09-09,1,3.0,1675,1134,108,148,71,37,111,108,0,26,85
fire_24332704,2020-09-09,fire_24332704_2020-09-07_2020-09-09,2,4.0,1275,1275,0,108,0,0,108,0,0,46,62
fire_24332704,2020-09-08,fire_24332704_2020-09-08_2020-09-10,0,2.0,1675,691,108,0,108,0,0,108,0,0,0
fire_24332704,2020-09-09,fire_24332704_2020-09-08_2020-09-10,1,3.0,1275,893,0,108,0,0,108,0,0,46,62
fire_24332704,2020-09-10,fire_24332704_2020-09-08_2020-09-10,2,4.0,1052,1052,8,0,8,0,0,8,0,0,0
fire_24332704,2020-09-09,fire_24332704_2020-09-09_2020-09-11,0,2.0,1275,552,0,0,0,0,0,0,0,0,0
fire_24332704,2020-09-10,fire_24332704_2020-09-09_2020-09-11,1,3.0,1052,721,8,0,8,0,0,8,0,0,0
fire_24332704,2020-09-11,fire_24332704_2020-09-09_2020-09-11,2,4.0,1044,1043,56,8,51,5,3,56,0,3,0
fire_24332704,2020-09-10,fire_24332704_2020-09-10_2020-09-12,0,2.0,1052,427,8,0,8,0,0,8,0,0,0
fire_24332704,2020-09-11,fire_24332704_2020-09-10_2020-09-12,1,3.0,1044,715,56,8,51,5,3,56,0,3,0
fire_24332704,2020-09-12,fire_24332704_2020-09-10_2020-09-12,2,4.0,989,989,63,56,43,20,36,63,0,14,22
fire_24332704,2020-09-11,fire_24332704_2020-09-11_2020-09-13,0,2.0,1044,434,56,0,56,0,0,56,0,0,0
fire_24332704,2020-09-12,fire_24332704_2020-09-11_2020-09-13,1,3.0,989,677,63,56,43,20,36,63,0,14,22
fire_24332704,2020-09-13,fire_24332704_2020-09-11_2020-09-13,2,4.0,1395,1395,90,63,70,20,43,90,0,25,18
fire_24332704,2020-09-12,fire_24332704_2020-09-12_2020-09-14,0,2.0,989,405,63,0,63,0,0,63,0,0,0
fire_24332704,2020-09-13,fire_24332704_2020-09-12_2020-09-14,1,3.0,1395,993,90,63,70,20,43,90,0,25,18
fire_24332704,2020-09-14,fire_24332704_2020-09-12_2020-09-14,2,4.0,1157,1157,54,90,34,20,70,54,0,17,53
fire_24332704,2020-09-13,fire_24332704_2020-09-13_2020-09-15,0,2.0,1395,606,90,0,90,0,0,90,0,0,0
fire_24332704,2020-09-14,fire_24332704_2020-09-13_2020-09-15,1,3.0,1157,791,54,90,34,20,70,54,0,21,49
fire_24332704,2020-09-15,fire_24332704_2020-09-13_2020-09-15,2,4.0,1132,1132,65,54,51,14,40,65,0,10,30
fire_24332704,2020-09-14,fire_24332704_2020-09-14_2020-09-16,0,2.0,1157,439,54,0,54,0,0,54,0,0,0
fire_24332704,2020-09-15,fire_24332704_2020-09-14_2020-09-16,1,3.0,1132,786,65,54,51,14,40,65,0,10,30
fire_24332704,2020-09-16,fire_24332704_2020-09-14_2020-09-16,2,4.0,725,707,28,65,22,6,59,28,0,18,41
fire_24332704,2020-09-15,fire_24332704_2020-09-15_2020-09-17,0,2.0,1132,481,65,0,65,0,0,65,0,0,0
fire_24332704,2020-09-16,fire_24332704_2020-09-15_2020-09-17,1,3.0,725,460,28,65,22,6,59,28,0,25,34
fire_24332704,2020-09-17,fire_24332704_2020-09-15_2020-09-17,2,4.0,906,906,29,28,13,16,12,29,0,0,12
fire_24332704,2020-09-16,fire_24332704_2020-09-16_2020-09-18,0,2.0,725,261,28,0,28,0,0,28,0,0,0
fire_24332704,2020-09-17,fire_24332704_2020-09-16_2020-09-18,1,3.0,906,603,29,28,13,16,12,29,0,0,12
fire_24332704,2020-09-18,fire_24332704_2020-09-16_2020-09-18,2,4.0,462,396,7,29,7,0,29,7,0,9,20
fire_24332731,2020-08-20,fire_24332731_2020-08-20_2020-08-22,0,2.0,944,325,7,0,7,0,0,7,0,0,0
fire_24332731,2020-08-21,fire_24332731_2020-08-20_2020-08-22,1,3.0,772,456,0,7,0,0,7,0,0,7,0
fire_24332731,2020-08-22,fire_24332731_2020-08-20_2020-08-22,2,4.0,749,749,0,0,0,0,0,0,0,0,0
fire_24332731,2020-08-21,fire_24332731_2020-08-21_2020-08-23,0,2.0,772,216,0,0,0,0,0,0,0,0,0
fire_24332731,2020-08-22,fire_24332731_2020-08-21_2020-08-23,1,3.0,749,494,0,0,0,0,0,0,0,0,0
fire_24332731,2020-08-23,fire_24332731_2020-08-21_2020-08-23,2,4.0,431,431,0,0,0,0,0,0,0,0,0
fire_24332731,2020-08-22,fire_24332731_2020-08-22_2020-08-24,0,2.0,749,283,0,0,0,0,0,0,0,0,0
fire_24332731,2020-08-23,fire_24332731_2020-08-22_2020-08-24,1,3.0,431,255,0,0,0,0,0,0,0,0,0
fire_24332731,2020-08-24,fire_24332731_2020-08-22_2020-08-24,2,4.0,486,486,0,0,0,0,0,0,0,0,0
fire_24332731,2020-08-23,fire_24332731_2020-08-23_2020-08-25,0,2.0,431,125,0,0,0,0,0,0,0,0,0
fire_24332731,2020-08-24,fire_24332731_2020-08-23_2020-08-25,1,3.0,486,296,0,0,0,0,0,0,0,0,0
fire_24332731,2020-08-25,fire_24332731_2020-08-23_2020-08-25,2,4.0,479,479,0,0,0,0,0,0,0,0,0
fire_24332731,2020-08-24,fire_24332731_2020-08-24_2020-08-26,0,2.0,486,153,0,0,0,0,0,0,0,0,0
fire_24332731,2020-08-25,fire_24332731_2020-08-24_2020-08-26,1,3.0,479,291,0,0,0,0,0,0,0,0,0
fire_24332731,2020-08-26,fire_24332731_2020-08-24_2020-08-26,2,4.0,66,0,0,0,0,0,0,0,0,0,0
fire_24332732,2020-08-15,fire_24332732_2020-08-15_2020-08-17,0,2.0,858,216,0,0,0,0,0,0,0,0,0
fire_24332732,2020-08-16,fire_24332732_2020-08-15_2020-08-17,1,3.0,1066,608,0,0,0,0,0,0,0,0,0
fire_24332732,2020-08-17,fire_24332732_2020-08-15_2020-08-17,2,4.0,1878,1878,0,0,0,0,0,0,0,0,0
fire_24332732,2020-08-16,fire_24332732_2020-08-16_2020-08-18,0,2.0,1066,302,0,0,0,0,0,0,0,0,0
fire_24332732,2020-08-17,fire_24332732_2020-08-16_2020-08-18,1,3.0,1878,1199,0,0,0,0,0,0,0,0,0
fire_24332732,2020-08-18,fire_24332732_2020-08-16_2020-08-18,2,4.0,3128,3128,0,0,0,0,0,0,0,0,0
fire_24332732,2020-08-17,fire_24332732_2020-08-17_2020-08-19,0,2.0,1878,621,0,0,0,0,0,0,0,0,0
fire_24332732,2020-08-18,fire_24332732_2020-08-17_2020-08-19,1,3.0,3128,2227,0,0,0,0,0,0,0,0,0
fire_24332732,2020-08-19,fire_24332732_2020-08-17_2020-08-19,2,4.0,6009,6009,0,0,0,0,0,0,0,0,0
fire_24332732,2020-08-18,fire_24332732_2020-08-18_2020-08-20,0,2.0,3128,1386,0,0,0,0,0,0,0,0,0
fire_24332732,2020-08-19,fire_24332732_2020-08-18_2020-08-20,1,3.0,6009,4694,0,0,0,0,0,0,0,0,0
fire_24332732,2020-08-20,fire_24332732_2020-08-18_2020-08-20,2,4.0,9031,9031,308,0,308,0,0,308,0,0,0
fire_24332732,2020-08-19,fire_24332732_2020-08-19_2020-08-21,0,2.0,6009,3282,0,0,0,0,0,0,0,0,0
fire_24332732,2020-08-20,fire_24332732_2020-08-19_2020-08-21,1,3.0,9031,6858,308,0,308,0,0,308,0,0,0
fire_24332732,2020-08-21,fire_24332732_2020-08-19_2020-08-21,2,4.0,12019,12019,435,308,408,27,281,435,0,152,129
fire_24332732,2020-08-20,fire_24332732_2020-08-20_2020-08-22,0,2.0,9031,4681,308,0,308,0,0,308,0,0,0
fire_24332732,2020-08-21,fire_24332732_2020-08-20_2020-08-22,1,3.0,12019,9352,435,308,408,27,281,435,0,155,126
fire_24332732,2020-08-22,fire_24332732_2020-08-20_2020-08-22,2,4.0,10926,10926,101,435,91,10,425,101,0,145,280
fire_24332732,2020-08-21,fire_24332732_2020-08-21_2020-08-23,0,2.0,12019,6370,435,0,435,0,0,435,0,0,0
fire_24332732,2020-08-22,fire_24332732_2020-08-21_2020-08-23,1,3.0,10926,8461,101,435,91,10,425,101,0,169,256
fire_24332732,2020-08-23,fire_24332732_2020-08-21_2020-08-23,2,4.0,8396,8396,12,101,8,4,97,12,0,20,77
fire_24332732,2020-08-22,fire_24332732_2020-08-22_2020-08-24,0,2.0,10926,5725,101,0,101,0,0,101,0,0,0
fire_24332732,2020-08-23,fire_24332732_2020-08-22_2020-08-24,1,3.0,8396,6286,12,101,8,4,97,12,0,37,60
fire_24332732,2020-08-24,fire_24332732_2020-08-22_2020-08-24,2,4.0,8760,8760,302,12,300,2,10,302,0,7,3
fire_24332732,2020-08-23,fire_24332732_2020-08-23_2020-08-25,0,2.0,8396,4110,12,0,12,0,0,12,0,0,0
fire_24332732,2020-08-24,fire_24332732_2020-08-23_2020-08-25,1,3.0,8760,6493,302,12,300,2,10,302,0,7,3
fire_24332732,2020-08-25,fire_24332732_2020-08-23_2020-08-25,2,4.0,7198,7198,12,302,7,5,297,12,0,80,217
fire_24332732,2020-08-24,fire_24332732_2020-08-24_2020-08-26,0,2.0,8760,4108,302,0,302,0,0,302,0,0,0
fire_24332732,2020-08-25,fire_24332732_2020-08-24_2020-08-26,1,3.0,7198,4978,12,302,7,5,297,12,0,96,201
fire_24332732,2020-08-26,fire_24332732_2020-08-24_2020-08-26,2,4.0,5555,5555,3,12,3,0,12,3,0,1,11
fire_24332732,2020-08-25,fire_24332732_2020-08-25_2020-08-27,0,2.0,7198,2949,12,0,12,0,0,12,0,0,0
fire_24332732,2020-08-26,fire_24332732_2020-08-25_2020-08-27,1,3.0,5555,3776,3,12,3,0,12,3,0,5,7
fire_24332732,2020-08-27,fire_24332732_2020-08-25_2020-08-27,2,4.0,5454,5454,41,3,41,0,3,41,0,0,3
fire_24332732,2020-08-26,fire_24332732_2020-08-26_2020-08-28,0,2.0,5555,2200,3,0,3,0,0,3,0,0,0
fire_24332732,2020-08-27,fire_24332732_2020-08-26_2020-08-28,1,3.0,5454,3635,41,3,41,0,3,41,0,0,3
fire_24332732,2020-08-28,fire_24332732_2020-08-26_2020-08-28,2,4.0,3578,3512,97,41,77,20,21,97,0,5,16
fire_24332732,2020-08-27,fire_24332732_2020-08-27_2020-08-29,0,2.0,5454,2081,41,0,41,0,0,41,0,0,0
fire_24332732,2020-08-28,fire_24332732_2020-08-27_2020-08-29,1,3.0,3578,2385,97,41,77,20,21,97,0,6,15
fire_24332732,2020-08-29,fire_24332732_2020-08-27_2020-08-29,2,4.0,4218,4218,116,97,96,20,77,116,0,18,59
fire_24332732,2020-08-28,fire_24332732_2020-08-28_2020-08-30,0,2.0,3578,1359,97,0,97,0,0,97,0,0,0
fire_24332732,2020-08-29,fire_24332732_2020-08-28_2020-08-30,1,3.0,4218,2861,116,97,96,20,77,116,0,20,57
fire_24332732,2020-08-30,fire_24332732_2020-08-28_2020-08-30,2,4.0,2550,2550,26,116,22,4,112,26,0,46,66
fire_24332732,2020-08-29,fire_24332732_2020-08-29_2020-08-31,0,2.0,4218,1605,116,0,116,0,0,116,0,0,0
fire_24332732,2020-08-30,fire_24332732_2020-08-29_2020-08-31,1,3.0,2550,1597,26,116,22,4,112,26,0,48,64
fire_24332732,2020-08-31,fire_24332732_2020-08-29_2020-08-31,2,4.0,4243,4243,34,26,32,2,24,34,0,10,14
fire_24332732,2020-08-30,fire_24332732_2020-08-30_2020-09-01,0,2.0,2550,859,26,0,26,0,0,26,0,0,0
fire_24332732,2020-08-31,fire_24332732_2020-08-30_2020-09-01,1,3.0,4243,2773,34,26,32,2,24,34,0,13,11
fire_24332732,2020-09-01,fire_24332732_2020-08-30_2020-09-01,2,4.0,3057,3057,23,34,22,1,33,23,0,23,10
fire_24332732,2020-08-31,fire_24332732_2020-08-31_2020-09-02,0,2.0,4243,1565,34,0,34,0,0,34,0,0,0
fire_24332732,2020-09-01,fire_24332732_2020-08-31_2020-09-02,1,3.0,3057,1962,23,34,22,1,33,23,0,23,10
fire_24332732,2020-09-02,fire_24332732_2020-08-31_2020-09-02,2,4.0,2185,2119,2,23,2,0,23,2,0,0,23
fire_24332732,2020-09-01,fire_24332732_2020-09-01_2020-09-03,0,2.0,3057,1090,23,0,23,0,0,23,0,0,0
fire_24332732,2020-09-02,fire_24332732_2020-09-01_2020-09-03,1,3.0,2185,1325,2,23,2,0,23,2,0,0,23
fire_24332732,2020-09-03,fire_24332732_2020-09-01_2020-09-03,2,4.0,462,396,0,2,0,0,2,0,0,2,0
fire_24332732,2020-09-02,fire_24332732_2020-09-02_2020-09-04,0,2.0,2185,718,2,0,2,0,0,2,0,0,0
fire_24332732,2020-09-03,fire_24332732_2020-09-02_2020-09-04,1,3.0,462,228,0,2,0,0,2,0,0,2,0
fire_24332732,2020-09-04,fire_24332732_2020-09-02_2020-09-04,2,4.0,1086,1020,0,0,0,0,0,0,0,0,0
fire_24332732,2020-09-03,fire_24332732_2020-09-03_2020-09-05,0,2.0,462,108,0,0,0,0,0,0,0,0,0
fire_24332732,2020-09-04,fire_24332732_2020-09-03_2020-09-05,1,3.0,1086,627,0,0,0,0,0,0,0,0,0
fire_24332732,2020-09-05,fire_24332732_2020-09-03_2020-09-05,2,4.0,492,426,0,0,0,0,0,0,0,0,0
fire_24332732,2020-09-04,fire_24332732_2020-09-04_2020-09-06,0,2.0,1086,328,0,0,0,0,0,0,0,0,0
fire_24332732,2020-09-05,fire_24332732_2020-09-04_2020-09-06,1,3.0,492,250,0,0,0,0,0,0,0,0,0
fire_24332732,2020-09-06,fire_24332732_2020-09-04_2020-09-06,2,4.0,724,658,0,0,0,0,0,0,0,0,0
fire_24332732,2020-09-05,fire_24332732_2020-09-05_2020-09-07,0,2.0,492,122,0,0,0,0,0,0,0,0,0
fire_24332732,2020-09-06,fire_24332732_2020-09-05_2020-09-07,1,3.0,724,390,0,0,0,0,0,0,0,0,0
fire_24332732,2020-09-07,fire_24332732_2020-09-05_2020-09-07,2,4.0,1066,1000,0,0,0,0,0,0,0,0,0
fire_24332732,2020-09-06,fire_24332732_2020-09-06_2020-09-08,0,2.0,724,194,0,0,0,0,0,0,0,0,0
fire_24332732,2020-09-07,fire_24332732_2020-09-06_2020-09-08,1,3.0,1066,608,0,0,0,0,0,0,0,0,0
fire_24332732,2020-09-08,fire_24332732_2020-09-06_2020-09-08,2,4.0,462,396,0,0,0,0,0,0,0,0,0
fire_24332746,2020-08-17,fire_24332746_2020-08-17_2020-08-19,0,2.0,2364,728,0,0,0,0,0,0,0,0,0
fire_24332746,2020-08-18,fire_24332746_2020-08-17_2020-08-19,1,3.0,2233,1433,0,0,0,0,0,0,0,0,0
fire_24332746,2020-08-19,fire_24332746_2020-08-17_2020-08-19,2,4.0,2907,2907,0,0,0,0,0,0,0,0,0
fire_24332746,2020-08-18,fire_24332746_2020-08-18_2020-08-20,0,2.0,2233,820,0,0,0,0,0,0,0,0,0
fire_24332746,2020-08-19,fire_24332746_2020-08-18_2020-08-20,1,3.0,2907,2007,0,0,0,0,0,0,0,0,0
fire_24332746,2020-08-20,fire_24332746_2020-08-18_2020-08-20,2,4.0,4279,4279,5,0,5,0,0,5,0,0,0
fire_24332746,2020-08-19,fire_24332746_2020-08-19_2020-08-21,0,2.0,2907,1235,0,0,0,0,0,0,0,0,0
fire_24332746,2020-08-20,fire_24332746_2020-08-19_2020-08-21,1,3.0,4279,2907,5,0,5,0,0,5,0,0,0
fire_24332746,2020-08-21,fire_24332746_2020-08-19_2020-08-21,2,4.0,4555,4555,16,5,16,0,5,16,0,5,0
fire_24332746,2020-08-20,fire_24332746_2020-08-20_2020-08-22,0,2.0,4279,1750,5,0,5,0,0,5,0,0,0
fire_24332746,2020-08-21,fire_24332746_2020-08-20_2020-08-22,1,3.0,4555,3499,16,5,16,0,5,16,0,5,0
fire_24332746,2020-08-22,fire_24332746_2020-08-20_2020-08-22,2,4.0,5248,5248,0,16,0,0,16,0,0,2,14
fire_24332746,2020-08-21,fire_24332746_2020-08-21_2020-08-23,0,2.0,4555,2463,16,0,16,0,0,16,0,0,0
fire_24332746,2020-08-22,fire_24332746_2020-08-21_2020-08-23,1,3.0,5248,3910,0,16,0,0,16,0,0,8,8
fire_24332746,2020-08-23,fire_24332746_2020-08-21_2020-08-23,2,4.0,4981,4961,0,0,0,0,0,0,0,0,0
fire_24332746,2020-08-22,fire_24332746_2020-08-22_2020-08-24,0,2.0,5248,2622,0,0,0,0,0,0,0,0,0
fire_24332746,2020-08-23,fire_24332746_2020-08-22_2020-08-24,1,3.0,4981,3467,0,0,0,0,0,0,0,0,0
fire_24332746,2020-08-24,fire_24332746_2020-08-22_2020-08-24,2,4.0,4037,4007,32,0,32,0,0,32,0,0,0
fire_24332746,2020-08-23,fire_24332746_2020-08-23_2020-08-25,0,2.0,4981,2076,0,0,0,0,0,0,0,0,0
fire_24332746,2020-08-24,fire_24332746_2020-08-23_2020-08-25,1,3.0,4037,2730,32,0,32,0,0,32,0,0,0
fire_24332746,2020-08-25,fire_24332746_2020-08-23_2020-08-25,2,4.0,4088,4082,0,32,0,0,32,0,0,9,23
fire_24332746,2020-08-24,fire_24332746_2020-08-24_2020-08-26,0,2.0,4037,1615,32,0,32,0,0,32,0,0,0
fire_24332746,2020-08-25,fire_24332746_2020-08-24_2020-08-26,1,3.0,4088,2725,0,32,0,0,32,0,0,10,22
fire_24332746,2020-08-26,fire_24332746_2020-08-24_2020-08-26,2,4.0,3302,3286,1,0,1,0,0,1,0,0,0
fire_24332746,2020-08-25,fire_24332746_2020-08-25_2020-08-27,0,2.0,4088,1520,0,0,0,0,0,0,0,0,0
fire_24332746,2020-08-26,fire_24332746_2020-08-25_2020-08-27,1,3.0,3302,2012,1,0,1,0,0,1,0,0,0
fire_24332746,2020-08-27,fire_24332746_2020-08-25_2020-08-27,2,4.0,3546,3480,0,1,0,0,1,0,0,0,1
fire_24332746,2020-08-26,fire_24332746_2020-08-26_2020-08-28,0,2.0,3302,1033,1,0,1,0,0,1,0,0,0
fire_24332746,2020-08-27,fire_24332746_2020-08-26_2020-08-28,1,3.0,3546,2122,0,1,0,0,1,0,0,0,1
fire_24332746,2020-08-28,fire_24332746_2020-08-26_2020-08-28,2,4.0,1293,1227,14,0,14,0,0,14,0,0,0
fire_24332746,2020-08-27,fire_24332746_2020-08-27_2020-08-29,0,2.0,3546,1058,0,0,0,0,0,0,0,0,0
fire_24332746,2020-08-28,fire_24332746_2020-08-27_2020-08-29,1,3.0,1293,741,14,0,14,0,0,14,0,0,0
fire_24332746,2020-08-29,fire_24332746_2020-08-27_2020-08-29,2,4.0,462,396,0,14,0,0,14,0,0,14,0
fire_24332746,2020-08-28,fire_24332746_2020-08-28_2020-08-30,0,2.0,1293,360,14,0,14,0,0,14,0,0,0
fire_24332746,2020-08-29,fire_24332746_2020-08-28_2020-08-30,1,3.0,462,228,0,14,0,0,14,0,0,14,0
fire_24332746,2020-08-30,fire_24332746_2020-08-28_2020-08-30,2,4.0,442,376,0,0,0,0,0,0,0,0,0
fire_24332746,2020-08-29,fire_24332746_2020-08-29_2020-08-31,0,2.0,462,108,0,0,0,0,0,0,0,0,0
fire_24332746,2020-08-30,fire_24332746_2020-08-29_2020-08-31,1,3.0,442,212,0,0,0,0,0,0,0,0,0
fire_24332746,2020-08-31,fire_24332746_2020-08-29_2020-08-31,2,4.0,858,792,8,0,8,0,0,8,0,0,0
fire_24332746,2020-08-30,fire_24332746_2020-08-30_2020-09-01,0,2.0,442,98,0,0,0,0,0,0,0,0,0
fire_24332746,2020-08-31,fire_24332746_2020-08-30_2020-09-01,1,3.0,858,456,8,0,8,0,0,8,0,0,0
fire_24332746,2020-09-01,fire_24332746_2020-08-30_2020-09-01,2,4.0,1254,1188,0,8,0,0,8,0,0,8,0
fire_24332746,2020-08-31,fire_24332746_2020-08-31_2020-09-02,0,2.0,858,216,8,0,8,0,0,8,0,0,0
fire_24332746,2020-09-01,fire_24332746_2020-08-31_2020-09-02,1,3.0,1254,684,0,8,0,0,8,0,0,8,0
fire_24332746,2020-09-02,fire_24332746_2020-08-31_2020-09-02,2,4.0,858,792,0,0,0,0,0,0,0,0,0
fire_24332760,2020-08-18,fire_24332760_2020-08-18_2020-08-20,0,2.0,917,355,4,0,4,0,0,4,0,0,0
fire_24332760,2020-08-19,fire_24332760_2020-08-18_2020-08-20,1,3.0,1632,1105,2,4,2,0,4,2,0,1,3
fire_24332760,2020-08-20,fire_24332760_2020-08-18_2020-08-20,2,4.0,4084,4084,94,2,94,0,2,94,0,1,1
fire_24332760,2020-08-19,fire_24332760_2020-08-19_2020-08-21,0,2.0,1632,655,2,0,2,0,0,2,0,0,0
fire_24332760,2020-08-20,fire_24332760_2020-08-19_2020-08-21,1,3.0,4084,3025,94,2,94,0,2,94,0,1,1
fire_24332760,2020-08-21,fire_24332760_2020-08-19_2020-08-21,2,4.0,4884,4884,132,94,129,3,91,132,0,74,17
fire_24332760,2020-08-20,fire_24332760_2020-08-20_2020-08-22,0,2.0,4084,1967,94,0,94,0,0,94,0,0,0
fire_24332760,2020-08-21,fire_24332760_2020-08-20_2020-08-22,1,3.0,4884,3779,132,94,129,3,91,132,0,74,17
fire_24332760,2020-08-22,fire_24332760_2020-08-20_2020-08-22,2,4.0,4642,4642,67,132,63,4,128,67,0,47,81
fire_24332760,2020-08-21,fire_24332760_2020-08-21_2020-08-23,0,2.0,4884,2660,132,0,132,0,0,132,0,0,0
fire_24332760,2020-08-22,fire_24332760_2020-08-21_2020-08-23,1,3.0,4642,3467,67,132,63,4,128,67,0,48,80
fire_24332760,2020-08-23,fire_24332760_2020-08-21_2020-08-23,2,4.0,3633,3633,16,67,16,0,67,16,0,24,43
fire_24332760,2020-08-22,fire_24332760_2020-08-22_2020-08-24,0,2.0,4642,2321,67,0,67,0,0,67,0,0,0
fire_24332760,2020-08-23,fire_24332760_2020-08-22_2020-08-24,1,3.0,3633,2632,16,67,16,0,67,16,0,33,34
fire_24332760,2020-08-24,fire_24332760_2020-08-22_2020-08-24,2,4.0,3539,3473,73,16,69,4,12,73,0,1,11
fire_24332760,2020-08-23,fire_24332760_2020-08-23_2020-08-25,0,2.0,3633,1624,16,0,16,0,0,16,0,0,0
fire_24332760,2020-08-24,fire_24332760_2020-08-23_2020-08-25,1,3.0,3539,2342,73,16,69,4,12,73,0,1,11
fire_24332760,2020-08-25,fire_24332760_2020-08-23_2020-08-25,2,4.0,2980,2980,7,73,7,0,73,7,0,27,46
fire_24332760,2020-08-24,fire_24332760_2020-08-24_2020-08-26,0,2.0,3539,1329,73,0,73,0,0,73,0,0,0
fire_24332760,2020-08-25,fire_24332760_2020-08-24_2020-08-26,1,3.0,2980,1949,7,73,7,0,73,7,0,28,45
fire_24332760,2020-08-26,fire_24332760_2020-08-24_2020-08-26,2,4.0,1515,1449,12,7,10,2,5,12,0,2,3
fire_24332760,2020-08-25,fire_24332760_2020-08-25_2020-08-27,0,2.0,2980,1095,7,0,7,0,0,7,0,0,0
fire_24332760,2020-08-26,fire_24332760_2020-08-25_2020-08-27,1,3.0,1515,992,12,7,10,2,5,12,0,2,3
fire_24332760,2020-08-27,fire_24332760_2020-08-25_2020-08-27,2,4.0,1457,1450,0,12,0,0,12,0,0,1,11
fire_24332760,2020-08-26,fire_24332760_2020-08-26_2020-08-28,0,2.0,1515,597,12,0,12,0,0,12,0,0,0
fire_24332760,2020-08-27,fire_24332760_2020-08-26_2020-08-28,1,3.0,1457,982,0,12,0,0,12,0,0,2,10
fire_24332760,2020-08-28,fire_24332760_2020-08-26_2020-08-28,2,4.0,1614,1614,75,0,75,0,0,75,0,0,0
fire_24332760,2020-08-27,fire_24332760_2020-08-27_2020-08-29,0,2.0,1457,555,0,0,0,0,0,0,0,0,0
fire_24332760,2020-08-28,fire_24332760_2020-08-27_2020-08-29,1,3.0,1614,1126,75,0,75,0,0,75,0,0,0
fire_24332760,2020-08-29,fire_24332760_2020-08-27_2020-08-29,2,4.0,1699,1699,62,75,50,12,63,62,0,45,18
fire_24332760,2020-08-28,fire_24332760_2020-08-28_2020-08-30,0,2.0,1614,679,75,0,75,0,0,75,0,0,0
fire_24332760,2020-08-29,fire_24332760_2020-08-28_2020-08-30,1,3.0,1699,1202,62,75,50,12,63,62,0,45,18
fire_24332760,2020-08-30,fire_24332760_2020-08-28_2020-08-30,2,4.0,1725,1666,69,62,54,15,47,69,0,16,31
fire_24332760,2020-08-29,fire_24332760_2020-08-29_2020-08-31,0,2.0,1699,731,62,0,62,0,0,62,0,0,0
fire_24332760,2020-08-30,fire_24332760_2020-08-29_2020-08-31,1,3.0,1725,1171,69,62,54,15,47,69,0,16,31
fire_24332760,2020-08-31,fire_24332760_2020-08-29_2020-08-31,2,4.0,2133,2104,63,69,50,13,56,63,0,26,30
fire_24332761,2020-08-20,fire_24332761_2020-08-20_2020-08-22,0,2.0,4123,1967,93,0,93,0,0,93,0,0,0
fire_24332761,2020-08-21,fire_24332761_2020-08-20_2020-08-22,1,3.0,5115,3916,123,93,120,3,90,123,0,74,16
fire_24332761,2020-08-22,fire_24332761_2020-08-20_2020-08-22,2,4.0,4936,4936,70,123,67,3,120,70,0,46,74
fire_24332761,2020-08-21,fire_24332761_2020-08-21_2020-08-23,0,2.0,5115,2727,123,0,123,0,0,123,0,0,0
fire_24332761,2020-08-22,fire_24332761_2020-08-21_2020-08-23,1,3.0,4936,3652,70,123,67,3,120,70,0,47,73
fire_24332761,2020-08-23,fire_24332761_2020-08-21_2020-08-23,2,4.0,4070,4070,22,70,21,1,69,22,0,27,42
fire_24332761,2020-08-22,fire_24332761_2020-08-22_2020-08-24,0,2.0,4936,2420,70,0,70,0,0,70,0,0,0
fire_24332761,2020-08-23,fire_24332761_2020-08-22_2020-08-24,1,3.0,4070,2923,22,70,21,1,69,22,0,36,33
fire_24332761,2020-08-24,fire_24332761_2020-08-22_2020-08-24,2,4.0,3945,3939,74,22,68,6,16,74,0,2,14
fire_24332761,2020-08-23,fire_24332761_2020-08-23_2020-08-25,0,2.0,4070,1801,22,0,22,0,0,22,0,0,0
fire_24332761,2020-08-24,fire_24332761_2020-08-23_2020-08-25,1,3.0,3945,2666,74,22,68,6,16,74,0,2,14
fire_24332761,2020-08-25,fire_24332761_2020-08-23_2020-08-25,2,4.0,3517,3451,6,74,6,0,74,6,0,28,46
fire_24332761,2020-08-24,fire_24332761_2020-08-24_2020-08-26,0,2.0,3945,1535,74,0,74,0,0,74,0,0,0
fire_24332761,2020-08-25,fire_24332761_2020-08-24_2020-08-26,1,3.0,3517,2275,6,74,6,0,74,6,0,29,45
fire_24332761,2020-08-26,fire_24332761_2020-08-24_2020-08-26,2,4.0,1920,1854,13,6,12,1,5,13,0,0,5
fire_24332761,2020-08-25,fire_24332761_2020-08-25_2020-08-27,0,2.0,3517,1297,6,0,6,0,0,6,0,0,0
fire_24332761,2020-08-26,fire_24332761_2020-08-25_2020-08-27,1,3.0,1920,1264,13,6,12,1,5,13,0,0,5
fire_24332761,2020-08-27,fire_24332761_2020-08-25_2020-08-27,2,4.0,1523,1523,4,13,4,0,13,4,0,1,12
fire_24332761,2020-08-26,fire_24332761_2020-08-26_2020-08-28,0,2.0,1920,758,13,0,13,0,0,13,0,0,0
fire_24332761,2020-08-27,fire_24332761_2020-08-26_2020-08-28,1,3.0,1523,1004,4,13,4,0,13,4,0,2,11
fire_24332761,2020-08-28,fire_24332761_2020-08-26_2020-08-28,2,4.0,1804,1804,77,4,76,1,3,77,0,3,0
fire_24332761,2020-08-27,fire_24332761_2020-08-27_2020-08-29,0,2.0,1523,555,4,0,4,0,0,4,0,0,0
fire_24332761,2020-08-28,fire_24332761_2020-08-27_2020-08-29,1,3.0,1804,1231,77,4,76,1,3,77,0,3,0
fire_24332761,2020-08-29,fire_24332761_2020-08-27_2020-08-29,2,4.0,1985,1985,63,77,52,11,66,63,0,46,20
fire_24332761,2020-08-28,fire_24332761_2020-08-28_2020-08-30,0,2.0,1804,721,77,0,77,0,0,77,0,0,0
fire_24332761,2020-08-29,fire_24332761_2020-08-28_2020-08-30,1,3.0,1985,1381,63,77,52,11,66,63,0,46,20
fire_24332761,2020-08-30,fire_24332761_2020-08-28_2020-08-30,2,4.0,2072,2047,80,63,64,16,47,80,0,20,27
fire_24332761,2020-08-29,fire_24332761_2020-08-29_2020-08-31,0,2.0,1985,827,63,0,63,0,0,63,0,0,0
fire_24332761,2020-08-30,fire_24332761_2020-08-29_2020-08-31,1,3.0,2072,1425,80,63,64,16,47,80,0,20,27
fire_24332761,2020-08-31,fire_24332761_2020-08-29_2020-08-31,2,4.0,2522,2522,83,80,63,20,60,83,0,30,30
fire_24332763,2020-08-21,fire_24332763_2020-08-21_2020-08-23,0,2.0,462,108,7,0,7,0,0,7,0,0,0
fire_24332763,2020-08-22,fire_24332763_2020-08-21_2020-08-23,1,3.0,1405,798,30,7,30,0,7,30,0,7,0
fire_24332763,2020-08-23,fire_24332763_2020-08-21_2020-08-23,2,4.0,1495,1429,23,30,14,9,21,23,0,12,9
fire_24332763,2020-08-22,fire_24332763_2020-08-22_2020-08-24,0,2.0,1405,397,30,0,30,0,0,30,0,0,0
fire_24332763,2020-08-23,fire_24332763_2020-08-22_2020-08-24,1,3.0,1495,869,23,30,14,9,21,23,0,12,9
fire_24332763,2020-08-24,fire_24332763_2020-08-22_2020-08-24,2,4.0,1512,1512,66,23,64,2,21,66,0,19,2
fire_24332763,2020-08-23,fire_24332763_2020-08-23_2020-08-25,0,2.0,1495,441,23,0,23,0,0,23,0,0,0
fire_24332763,2020-08-24,fire_24332763_2020-08-23_2020-08-25,1,3.0,1512,1004,66,23,64,2,21,66,0,19,2
fire_24332763,2020-08-25,fire_24332763_2020-08-23_2020-08-25,2,4.0,2048,2048,101,66,92,9,57,101,0,28,29
fire_24332763,2020-08-24,fire_24332763_2020-08-24_2020-08-26,0,2.0,1512,579,66,0,66,0,0,66,0,0,0
fire_24332763,2020-08-25,fire_24332763_2020-08-24_2020-08-26,1,3.0,2048,1430,101,66,92,9,57,101,0,28,29
fire_24332763,2020-08-26,fire_24332763_2020-08-24_2020-08-26,2,4.0,2187,2187,119,101,96,23,78,119,0,34,44
fire_24332763,2020-08-25,fire_24332763_2020-08-25_2020-08-27,0,2.0,2048,891,101,0,101,0,0,101,0,0,0
fire_24332763,2020-08-26,fire_24332763_2020-08-25_2020-08-27,1,3.0,2187,1555,119,101,96,23,78,119,0,41,37
fire_24332763,2020-08-27,fire_24332763_2020-08-25_2020-08-27,2,4.0,2512,2512,221,119,173,48,71,221,0,30,41
fire_24332763,2020-08-26,fire_24332763_2020-08-26_2020-08-28,0,2.0,2187,994,119,0,119,0,0,119,0,0,0
fire_24332763,2020-08-27,fire_24332763_2020-08-26_2020-08-28,1,3.0,2512,1844,221,119,173,48,71,221,0,30,41
fire_24332763,2020-08-28,fire_24332763_2020-08-26_2020-08-28,2,4.0,2718,2718,237,221,174,63,158,237,0,64,94
fire_24332763,2020-08-27,fire_24332763_2020-08-27_2020-08-29,0,2.0,2512,1258,221,0,221,0,0,221,0,0,0
fire_24332763,2020-08-28,fire_24332763_2020-08-27_2020-08-29,1,3.0,2718,2026,237,221,174,63,158,237,0,64,94
fire_24332763,2020-08-29,fire_24332763_2020-08-27_2020-08-29,2,4.0,2849,2849,250,237,177,73,164,250,0,90,74
fire_24332763,2020-08-28,fire_24332763_2020-08-28_2020-08-30,0,2.0,2718,1365,237,0,237,0,0,237,0,0,0
fire_24332763,2020-08-29,fire_24332763_2020-08-28_2020-08-30,1,3.0,2849,2128,250,237,177,73,164,250,0,90,74
fire_24332763,2020-08-30,fire_24332763_2020-08-28_2020-08-30,2,4.0,3287,3268,310,250,253,57,193,310,0,128,65
fire_24332763,2020-08-29,fire_24332763_2020-08-29_2020-08-31,0,2.0,2849,1427,250,0,250,0,0,250,0,0,0
fire_24332763,2020-08-30,fire_24332763_2020-08-29_2020-08-31,1,3.0,3287,2464,310,250,253,57,193,310,0,128,65
fire_24332763,2020-08-31,fire_24332763_2020-08-29_2020-08-31,2,4.0,3162,3162,290,310,226,64,246,290,0,64,182
fire_24332763,2020-08-30,fire_24332763_2020-08-30_2020-09-01,0,2.0,3287,1736,310,0,310,0,0,310,0,0,0
fire_24332763,2020-08-31,fire_24332763_2020-08-30_2020-09-01,1,3.0,3162,2515,290,310,226,64,246,290,0,64,182
fire_24332763,2020-09-01,fire_24332763_2020-08-30_2020-09-01,2,4.0,3982,3982,255,290,190,65,225,255,0,46,179
fire_24332763,2020-08-31,fire_24332763_2020-08-31_2020-09-02,0,2.0,3162,1856,290,0,290,0,0,290,0,0,0
fire_24332763,2020-09-01,fire_24332763_2020-08-31_2020-09-02,1,3.0,3982,2960,255,290,190,65,225,255,0,50,175
fire_24332763,2020-09-02,fire_24332763_2020-08-31_2020-09-02,2,4.0,4311,4311,28,255,22,6,249,28,0,70,179
fire_24332763,2020-09-01,fire_24332763_2020-09-01_2020-09-03,0,2.0,3982,1915,255,0,255,0,0,255,0,0,0
fire_24332763,2020-09-02,fire_24332763_2020-09-01_2020-09-03,1,3.0,4311,3225,28,255,22,6,249,28,0,70,179
fire_24332763,2020-09-03,fire_24332763_2020-09-01_2020-09-03,2,4.0,4453,4426,104,28,101,3,25,104,0,9,16
fire_24332763,2020-09-02,fire_24332763_2020-09-02_2020-09-04,0,2.0,4311,2063,28,0,28,0,0,28,0,0,0
fire_24332763,2020-09-03,fire_24332763_2020-09-02_2020-09-04,1,3.0,4453,3327,104,28,101,3,25,104,0,9,16
fire_24332763,2020-09-04,fire_24332763_2020-09-02_2020-09-04,2,4.0,4781,4781,12,104,12,0,104,12,0,42,62
fire_24332763,2020-09-03,fire_24332763_2020-09-03_2020-09-05,0,2.0,4453,2133,104,0,104,0,0,104,0,0,0
fire_24332763,2020-09-04,fire_24332763_2020-09-03_2020-09-05,1,3.0,4781,3585,12,104,12,0,104,12,0,42,62
fire_24332763,2020-09-05,fire_24332763_2020-09-03_2020-09-05,2,4.0,4747,4747,162,12,161,1,11,162,0,2,9
fire_24332763,2020-09-04,fire_24332763_2020-09-04_2020-09-06,0,2.0,4781,2320,12,0,12,0,0,12,0,0,0
fire_24332763,2020-09-05,fire_24332763_2020-09-04_2020-09-06,1,3.0,4747,3523,162,12,161,1,11,162,0,2,9
fire_24332763,2020-09-06,fire_24332763_2020-09-04_2020-09-06,2,4.0,5399,5399,249,162,205,44,118,249,0,48,70
fire_24332763,2020-09-05,fire_24332763_2020-09-05_2020-09-07,0,2.0,4747,2209,162,0,162,0,0,162,0,0,0
fire_24332763,2020-09-06,fire_24332763_2020-09-05_2020-09-07,1,3.0,5399,4027,249,162,205,44,118,249,0,48,70
fire_24332763,2020-09-07,fire_24332763_2020-09-05_2020-09-07,2,4.0,5380,5380,59,249,39,20,229,59,0,53,176
fire_24332763,2020-09-06,fire_24332763_2020-09-06_2020-09-08,0,2.0,5399,2510,249,0,249,0,0,249,0,0,0
fire_24332763,2020-09-07,fire_24332763_2020-09-06_2020-09-08,1,3.0,5380,3908,59,249,39,20,229,59,0,56,173
fire_24332763,2020-09-08,fire_24332763_2020-09-06_2020-09-08,2,4.0,5076,5076,262,59,243,19,40,262,0,13,27
fire_24332763,2020-09-07,fire_24332763_2020-09-07_2020-09-09,0,2.0,5380,2409,59,0,59,0,0,59,0,0,0
fire_24332763,2020-09-08,fire_24332763_2020-09-07_2020-09-09,1,3.0,5076,3601,262,59,243,19,40,262,0,13,27
fire_24332763,2020-09-09,fire_24332763_2020-09-07_2020-09-09,2,4.0,4791,4791,214,262,147,67,195,214,0,59,136
fire_24332763,2020-09-08,fire_24332763_2020-09-08_2020-09-10,0,2.0,5076,2172,262,0,262,0,0,262,0,0,0
fire_24332763,2020-09-09,fire_24332763_2020-09-08_2020-09-10,1,3.0,4791,3316,214,262,147,67,195,214,0,62,133
fire_24332763,2020-09-10,fire_24332763_2020-09-08_2020-09-10,2,4.0,4184,4184,136,214,82,54,160,136,0,43,117
fire_24332763,2020-09-09,fire_24332763_2020-09-09_2020-09-11,0,2.0,4791,1947,214,0,214,0,0,214,0,0,0
fire_24332763,2020-09-10,fire_24332763_2020-09-09_2020-09-11,1,3.0,4184,2764,136,214,82,54,160,136,0,53,107
fire_24332763,2020-09-11,fire_24332763_2020-09-09_2020-09-11,2,4.0,3985,3985,80,136,53,27,109,80,0,20,89
fire_24332763,2020-09-10,fire_24332763_2020-09-10_2020-09-12,0,2.0,4184,1526,136,0,136,0,0,136,0,0,0
fire_24332763,2020-09-11,fire_24332763_2020-09-10_2020-09-12,1,3.0,3985,2649,80,136,53,27,109,80,0,20,89
fire_24332763,2020-09-12,fire_24332763_2020-09-10_2020-09-12,2,4.0,4422,4422,99,80,65,34,46,99,0,25,21
fire_24332763,2020-09-11,fire_24332763_2020-09-11_2020-09-13,0,2.0,3985,1507,80,0,80,0,0,80,0,0,0
fire_24332763,2020-09-12,fire_24332763_2020-09-11_2020-09-13,1,3.0,4422,2971,99,80,65,34,46,99,0,25,21
fire_24332763,2020-09-13,fire_24332763_2020-09-11_2020-09-13,2,4.0,4578,4578,77,99,54,23,76,77,0,46,30
fire_24332763,2020-09-12,fire_24332763_2020-09-12_2020-09-14,0,2.0,4422,1694,99,0,99,0,0,99,0,0,0
fire_24332763,2020-09-13,fire_24332763_2020-09-12_2020-09-14,1,3.0,4578,3120,77,99,54,23,76,77,0,49,27
fire_24332763,2020-09-14,fire_24332763_2020-09-12_2020-09-14,2,4.0,5776,5776,248,77,235,13,64,248,0,46,18
fire_24332763,2020-09-13,fire_24332763_2020-09-13_2020-09-15,0,2.0,4578,1821,77,0,77,0,0,77,0,0,0
fire_24332763,2020-09-14,fire_24332763_2020-09-13_2020-09-15,1,3.0,5776,4046,248,77,235,13,64,248,0,46,18
fire_24332763,2020-09-15,fire_24332763_2020-09-13_2020-09-15,2,4.0,6134,6134,304,248,284,20,228,304,0,183,45
fire_24332763,2020-09-14,fire_24332763_2020-09-14_2020-09-16,0,2.0,5776,2492,248,0,248,0,0,248,0,0,0
fire_24332763,2020-09-15,fire_24332763_2020-09-14_2020-09-16,1,3.0,6134,4344,304,248,284,20,228,304,0,183,45
fire_24332763,2020-09-16,fire_24332763_2020-09-14_2020-09-16,2,4.0,6437,6437,397,304,340,57,247,397,0,93,154
fire_24332763,2020-09-15,fire_24332763_2020-09-15_2020-09-17,0,2.0,6134,2647,304,0,304,0,0,304,0,0,0
fire_24332763,2020-09-16,fire_24332763_2020-09-15_2020-09-17,1,3.0,6437,4588,397,304,340,57,247,397,0,106,141
fire_24332763,2020-09-17,fire_24332763_2020-09-15_2020-09-17,2,4.0,6809,6809,206,397,147,59,338,206,0,111,227
fire_24332763,2020-09-16,fire_24332763_2020-09-16_2020-09-18,0,2.0,6437,2920,397,0,397,0,0,397,0,0,0
fire_24332763,2020-09-17,fire_24332763_2020-09-16_2020-09-18,1,3.0,6809,4866,206,397,147,59,338,206,0,113,225
fire_24332763,2020-09-18,fire_24332763_2020-09-16_2020-09-18,2,4.0,6758,6758,167,206,123,44,162,167,0,62,100
fire_24332763,2020-09-17,fire_24332763_2020-09-17_2020-09-19,0,2.0,6809,3098,206,0,206,0,0,206,0,0,0
fire_24332763,2020-09-18,fire_24332763_2020-09-17_2020-09-19,1,3.0,6758,4936,167,206,123,44,162,167,0,62,100
fire_24332763,2020-09-19,fire_24332763_2020-09-17_2020-09-19,2,4.0,5209,5209,118,167,107,11,156,118,0,76,80
fire_24332763,2020-09-18,fire_24332763_2020-09-18_2020-09-20,0,2.0,6758,3195,167,0,167,0,0,167,0,0,0
fire_24332763,2020-09-19,fire_24332763_2020-09-18_2020-09-20,1,3.0,5209,3621,118,167,107,11,156,118,0,87,69
fire_24332763,2020-09-20,fire_24332763_2020-09-18_2020-09-20,2,4.0,7266,7266,152,118,126,26,92,152,0,57,35
fire_24332763,2020-09-19,fire_24332763_2020-09-19_2020-09-21,0,2.0,5209,2164,118,0,118,0,0,118,0,0,0
fire_24332763,2020-09-20,fire_24332763_2020-09-19_2020-09-21,1,3.0,7266,5119,152,118,126,26,92,152,0,57,35
fire_24332763,2020-09-21,fire_24332763_2020-09-19_2020-09-21,2,4.0,7246,7246,345,152,327,18,134,345,0,50,84
fire_24332763,2020-09-20,fire_24332763_2020-09-20_2020-09-22,0,2.0,7266,3070,152,0,152,0,0,152,0,0,0
fire_24332763,2020-09-21,fire_24332763_2020-09-20_2020-09-22,1,3.0,7246,5118,345,152,327,18,134,345,0,54,80
fire_24332763,2020-09-22,fire_24332763_2020-09-20_2020-09-22,2,4.0,6611,6611,439,345,325,114,231,439,0,117,114
fire_24332763,2020-09-21,fire_24332763_2020-09-21_2020-09-23,0,2.0,7246,3177,345,0,345,0,0,345,0,0,0
fire_24332763,2020-09-22,fire_24332763_2020-09-21_2020-09-23,1,3.0,6611,4852,439,345,325,114,231,439,0,126,105
fire_24332763,2020-09-23,fire_24332763_2020-09-21_2020-09-23,2,4.0,7565,7565,628,439,415,213,226,628,0,95,131
fire_24332763,2020-09-22,fire_24332763_2020-09-22_2020-09-24,0,2.0,6611,3066,439,0,439,0,0,439,0,0,0
fire_24332763,2020-09-23,fire_24332763_2020-09-22_2020-09-24,1,3.0,7565,5529,628,439,415,213,226,628,0,95,131
fire_24332763,2020-09-24,fire_24332763_2020-09-22_2020-09-24,2,4.0,6217,6217,441,628,278,163,465,441,0,141,324
fire_24332763,2020-09-23,fire_24332763_2020-09-23_2020-09-25,0,2.0,7565,3602,628,0,628,0,0,628,0,0,0
fire_24332763,2020-09-24,fire_24332763_2020-09-23_2020-09-25,1,3.0,6217,4526,441,628,278,163,465,441,0,155,310
fire_24332763,2020-09-25,fire_24332763_2020-09-23_2020-09-25,2,4.0,6307,6307,298,441,190,108,333,298,0,115,218
fire_24332763,2020-09-24,fire_24332763_2020-09-24_2020-09-26,0,2.0,6217,2849,441,0,441,0,0,441,0,0,0
fire_24332763,2020-09-25,fire_24332763_2020-09-24_2020-09-26,1,3.0,6307,4431,298,441,190,108,333,298,0,122,211
fire_24332763,2020-09-26,fire_24332763_2020-09-24_2020-09-26,2,4.0,5556,5551,338,298,242,96,202,338,0,102,100
fire_24332763,2020-09-25,fire_24332763_2020-09-25_2020-09-27,0,2.0,6307,2662,298,0,298,0,0,298,0,0,0
fire_24332763,2020-09-26,fire_24332763_2020-09-25_2020-09-27,1,3.0,5556,3926,338,298,242,96,202,338,0,116,86
fire_24332763,2020-09-27,fire_24332763_2020-09-25_2020-09-27,2,4.0,4873,4849,222,338,119,103,235,222,0,65,170
fire_24332763,2020-09-26,fire_24332763_2020-09-26_2020-09-28,0,2.0,5556,2352,338,0,338,0,0,338,0,0,0
fire_24332763,2020-09-27,fire_24332763_2020-09-26_2020-09-28,1,3.0,4873,3414,222,338,119,103,235,222,0,74,161
fire_24332763,2020-09-28,fire_24332763_2020-09-26_2020-09-28,2,4.0,5358,5330,109,222,60,49,173,109,0,55,118
fire_24332763,2020-09-27,fire_24332763_2020-09-27_2020-09-29,0,2.0,4873,1983,222,0,222,0,0,222,0,0,0
fire_24332763,2020-09-28,fire_24332763_2020-09-27_2020-09-29,1,3.0,5358,3754,109,222,60,49,173,109,0,55,118
fire_24332763,2020-09-29,fire_24332763_2020-09-27_2020-09-29,2,4.0,4462,4425,73,109,43,30,79,73,0,50,29
fire_24332763,2020-09-28,fire_24332763_2020-09-28_2020-09-30,0,2.0,5358,2232,109,0,109,0,0,109,0,0,0
fire_24332763,2020-09-29,fire_24332763_2020-09-28_2020-09-30,1,3.0,4462,3162,73,109,43,30,79,73,0,50,29
fire_24332763,2020-09-30,fire_24332763_2020-09-28_2020-09-30,2,4.0,4379,4313,179,73,159,20,53,179,0,22,31
fire_24332763,2020-09-29,fire_24332763_2020-09-29_2020-10-01,0,2.0,4462,1952,73,0,73,0,0,73,0,0,0
fire_24332763,2020-09-30,fire_24332763_2020-09-29_2020-10-01,1,3.0,4379,3026,179,73,159,20,53,179,0,23,30
fire_24332763,2020-10-01,fire_24332763_2020-09-29_2020-10-01,2,4.0,3577,3558,186,179,132,54,125,186,0,62,63
fire_24332763,2020-09-30,fire_24332763_2020-09-30_2020-10-02,0,2.0,4379,1800,179,0,179,0,0,179,0,0,0
fire_24332763,2020-10-01,fire_24332763_2020-09-30_2020-10-02,1,3.0,3577,2422,186,179,132,54,125,186,0,71,54
fire_24332763,2020-10-02,fire_24332763_2020-09-30_2020-10-02,2,4.0,3898,3898,60,186,33,27,159,60,0,45,114
fire_24332763,2020-10-01,fire_24332763_2020-10-01_2020-10-03,0,2.0,3577,1425,186,0,186,0,0,186,0,0,0
fire_24332763,2020-10-02,fire_24332763_2020-10-01_2020-10-03,1,3.0,3898,2842,60,186,33,27,159,60,0,49,110
fire_24332763,2020-10-03,fire_24332763_2020-10-01_2020-10-03,2,4.0,5065,5065,90,60,69,21,39,90,0,23,16
fire_24332763,2020-10-02,fire_24332763_2020-10-02_2020-10-04,0,2.0,3898,1764,60,0,60,0,0,60,0,0,0
fire_24332763,2020-10-03,fire_24332763_2020-10-02_2020-10-04,1,3.0,5065,3736,90,60,69,21,39,90,0,23,16
fire_24332763,2020-10-04,fire_24332763_2020-10-02_2020-10-04,2,4.0,4759,4758,23,90,19,4,86,23,0,33,53
fire_24332763,2020-10-03,fire_24332763_2020-10-03_2020-10-05,0,2.0,5065,2275,90,0,90,0,0,90,0,0,0
fire_24332763,2020-10-04,fire_24332763_2020-10-03_2020-10-05,1,3.0,4759,3430,23,90,19,4,86,23,0,36,50
fire_24332763,2020-10-05,fire_24332763_2020-10-03_2020-10-05,2,4.0,5779,5779,176,23,170,6,17,176,0,2,15
fire_24332763,2020-10-04,fire_24332763_2020-10-04_2020-10-06,0,2.0,4759,2143,23,0,23,0,0,23,0,0,0
fire_24332763,2020-10-05,fire_24332763_2020-10-04_2020-10-06,1,3.0,5779,4099,176,23,170,6,17,176,0,2,15
fire_24332763,2020-10-06,fire_24332763_2020-10-04_2020-10-06,2,4.0,5206,5206,131,176,100,31,145,131,0,62,83
fire_24332763,2020-10-05,fire_24332763_2020-10-05_2020-10-07,0,2.0,5779,2480,176,0,176,0,0,176,0,0,0
fire_24332763,2020-10-06,fire_24332763_2020-10-05_2020-10-07,1,3.0,5206,3750,131,176,100,31,145,131,0,65,80
fire_24332763,2020-10-07,fire_24332763_2020-10-05_2020-10-07,2,4.0,4284,4284,66,131,60,6,125,66,0,36,89
fire_24332763,2020-10-06,fire_24332763_2020-10-06_2020-10-08,0,2.0,5206,2250,131,0,131,0,0,131,0,0,0
fire_24332763,2020-10-07,fire_24332763_2020-10-06_2020-10-08,1,3.0,4284,3106,66,131,60,6,125,66,0,37,88
fire_24332763,2020-10-08,fire_24332763_2020-10-06_2020-10-08,2,4.0,4538,4538,182,66,168,14,52,182,0,11,41
fire_24332763,2020-10-07,fire_24332763_2020-10-07_2020-10-09,0,2.0,4284,1967,66,0,66,0,0,66,0,0,0
fire_24332763,2020-10-08,fire_24332763_2020-10-07_2020-10-09,1,3.0,4538,3247,182,66,168,14,52,182,0,16,36
fire_24332763,2020-10-09,fire_24332763_2020-10-07_2020-10-09,2,4.0,3855,3825,174,182,131,43,139,174,0,24,115
fire_24332763,2020-10-08,fire_24332763_2020-10-08_2020-10-10,0,2.0,4538,1975,182,0,182,0,0,182,0,0,0
fire_24332763,2020-10-09,fire_24332763_2020-10-08_2020-10-10,1,3.0,3855,2732,174,182,131,43,139,174,0,34,105
fire_24332763,2020-10-10,fire_24332763_2020-10-08_2020-10-10,2,4.0,3517,3451,43,174,28,15,159,43,0,40,119
fire_24332763,2020-10-09,fire_24332763_2020-10-09_2020-10-11,0,2.0,3855,1668,174,0,174,0,0,174,0,0,0
fire_24332763,2020-10-10,fire_24332763_2020-10-09_2020-10-11,1,3.0,3517,2410,43,174,28,15,159,43,0,48,111
fire_24332763,2020-10-11,fire_24332763_2020-10-09_2020-10-11,2,4.0,1700,1634,67,43,57,10,33,67,0,11,22
fire_24332763,2020-10-10,fire_24332763_2020-10-10_2020-10-12,0,2.0,3517,1424,43,0,43,0,0,43,0,0,0
fire_24332763,2020-10-11,fire_24332763_2020-10-10_2020-10-12,1,3.0,1700,1098,67,43,57,10,33,67,0,15,18
fire_24332763,2020-10-12,fire_24332763_2020-10-10_2020-10-12,2,4.0,2085,2019,102,67,71,31,36,102,0,6,30
fire_24332763,2020-10-11,fire_24332763_2020-10-11_2020-10-13,0,2.0,1700,654,67,0,67,0,0,67,0,0,0
fire_24332763,2020-10-12,fire_24332763_2020-10-11_2020-10-13,1,3.0,2085,1381,102,67,71,31,36,102,0,6,30
fire_24332763,2020-10-13,fire_24332763_2020-10-11_2020-10-13,2,4.0,2915,2864,133,102,99,34,68,133,0,24,44
fire_24332763,2020-10-12,fire_24332763_2020-10-12_2020-10-14,0,2.0,2085,805,102,0,102,0,0,102,0,0,0
fire_24332763,2020-10-13,fire_24332763_2020-10-12_2020-10-14,1,3.0,2915,1940,133,102,99,34,68,133,0,24,44
fire_24332763,2020-10-14,fire_24332763_2020-10-12_2020-10-14,2,4.0,3676,3610,163,133,120,43,90,163,0,56,34
fire_24332763,2020-10-13,fire_24332763_2020-10-13_2020-10-15,0,2.0,2915,1112,133,0,133,0,0,133,0,0,0
fire_24332763,2020-10-14,fire_24332763_2020-10-13_2020-10-15,1,3.0,3676,2507,163,133,120,43,90,163,0,63,27
fire_24332763,2020-10-15,fire_24332763_2020-10-13_2020-10-15,2,4.0,2944,2922,18,163,8,10,153,18,0,36,117
fire_24332764,2020-08-17,fire_24332764_2020-08-17_2020-08-19,0,2.0,66,0,0,0,0,0,0,0,0,0,0
fire_24332764,2020-08-18,fire_24332764_2020-08-17_2020-08-19,1,3.0,66,0,0,0,0,0,0,0,0,0,0
fire_24332764,2020-08-19,fire_24332764_2020-08-17_2020-08-19,2,4.0,577,511,0,0,0,0,0,0,0,0,0
fire_24332764,2020-08-18,fire_24332764_2020-08-18_2020-08-20,0,2.0,66,0,0,0,0,0,0,0,0,0,0
fire_24332764,2020-08-19,fire_24332764_2020-08-18_2020-08-20,1,3.0,577,315,0,0,0,0,0,0,0,0,0
fire_24332764,2020-08-20,fire_24332764_2020-08-18_2020-08-20,2,4.0,2870,2870,84,0,84,0,0,84,0,0,0
fire_24332764,2020-08-19,fire_24332764_2020-08-19_2020-08-21,0,2.0,577,164,0,0,0,0,0,0,0,0,0
fire_24332764,2020-08-20,fire_24332764_2020-08-19_2020-08-21,1,3.0,2870,2113,84,0,84,0,0,84,0,0,0
fire_24332764,2020-08-21,fire_24332764_2020-08-19_2020-08-21,2,4.0,3608,3608,117,84,112,5,79,117,0,71,8
fire_24332764,2020-08-20,fire_24332764_2020-08-20_2020-08-22,0,2.0,2870,1375,84,0,84,0,0,84,0,0,0
fire_24332764,2020-08-21,fire_24332764_2020-08-20_2020-08-22,1,3.0,3608,2770,117,84,112,5,79,117,0,71,8
fire_24332764,2020-08-22,fire_24332764_2020-08-20_2020-08-22,2,4.0,4346,4346,48,117,45,3,114,48,0,41,73
fire_24332764,2020-08-21,fire_24332764_2020-08-21_2020-08-23,0,2.0,3608,1961,117,0,117,0,0,117,0,0,0
fire_24332764,2020-08-22,fire_24332764_2020-08-21_2020-08-23,1,3.0,4346,3308,48,117,45,3,114,48,0,41,73
fire_24332764,2020-08-23,fire_24332764_2020-08-21_2020-08-23,2,4.0,4070,4070,19,48,19,0,48,19,0,14,34
fire_24332764,2020-08-22,fire_24332764_2020-08-22_2020-08-24,0,2.0,4346,2243,48,0,48,0,0,48,0,0,0
fire_24332764,2020-08-23,fire_24332764_2020-08-22_2020-08-24,1,3.0,4070,2923,19,48,19,0,48,19,0,23,25
fire_24332764,2020-08-24,fire_24332764_2020-08-22_2020-08-24,2,4.0,3939,3939,77,19,71,6,13,77,0,2,11
fire_24332764,2020-08-23,fire_24332764_2020-08-23_2020-08-25,0,2.0,4070,1801,19,0,19,0,0,19,0,0,0
fire_24332764,2020-08-24,fire_24332764_2020-08-23_2020-08-25,1,3.0,3939,2666,77,19,71,6,13,77,0,2,11
fire_24332764,2020-08-25,fire_24332764_2020-08-23_2020-08-25,2,4.0,3099,3055,5,77,5,0,77,5,0,25,52
fire_24332764,2020-08-24,fire_24332764_2020-08-24_2020-08-26,0,2.0,3939,1535,77,0,77,0,0,77,0,0,0
fire_24332764,2020-08-25,fire_24332764_2020-08-24_2020-08-26,1,3.0,3099,2047,5,77,5,0,77,5,0,25,52
fire_24332764,2020-08-26,fire_24332764_2020-08-24_2020-08-26,2,4.0,1920,1854,12,5,11,1,4,12,0,0,4
fire_24332764,2020-08-25,fire_24332764_2020-08-25_2020-08-27,0,2.0,3099,1189,5,0,5,0,0,5,0,0,0
fire_24332764,2020-08-26,fire_24332764_2020-08-25_2020-08-27,1,3.0,1920,1264,12,5,11,1,4,12,0,0,4
fire_24332764,2020-08-27,fire_24332764_2020-08-25_2020-08-27,2,4.0,1569,1523,2,12,2,0,12,2,0,1,11
fire_24332764,2020-08-26,fire_24332764_2020-08-26_2020-08-28,0,2.0,1920,758,12,0,12,0,0,12,0,0,0
fire_24332764,2020-08-27,fire_24332764_2020-08-26_2020-08-28,1,3.0,1569,1004,2,12,2,0,12,2,0,2,10
fire_24332764,2020-08-28,fire_24332764_2020-08-26_2020-08-28,2,4.0,1804,1804,85,2,85,0,2,85,0,2,0
fire_24332764,2020-08-27,fire_24332764_2020-08-27_2020-08-29,0,2.0,1569,555,2,0,2,0,0,2,0,0,0
fire_24332764,2020-08-28,fire_24332764_2020-08-27_2020-08-29,1,3.0,1804,1231,85,2,85,0,2,85,0,2,0
fire_24332764,2020-08-29,fire_24332764_2020-08-27_2020-08-29,2,4.0,1985,1985,74,85,58,16,69,74,0,48,21
fire_24332764,2020-08-28,fire_24332764_2020-08-28_2020-08-30,0,2.0,1804,721,85,0,85,0,0,85,0,0,0
fire_24332764,2020-08-29,fire_24332764_2020-08-28_2020-08-30,1,3.0,1985,1381,74,85,58,16,69,74,0,48,21
fire_24332764,2020-08-30,fire_24332764_2020-08-28_2020-08-30,2,4.0,2047,2047,117,74,94,23,51,117,0,23,28
fire_24332764,2020-08-29,fire_24332764_2020-08-29_2020-08-31,0,2.0,1985,827,74,0,74,0,0,74,0,0,0
fire_24332764,2020-08-30,fire_24332764_2020-08-29_2020-08-31,1,3.0,2047,1425,117,74,94,23,51,117,0,23,28
fire_24332764,2020-08-31,fire_24332764_2020-08-29_2020-08-31,2,4.0,2522,2522,99,117,66,33,84,99,0,41,43
fire_24332764,2020-08-30,fire_24332764_2020-08-30_2020-09-01,0,2.0,2047,839,117,0,117,0,0,117,0,0,0
fire_24332764,2020-08-31,fire_24332764_2020-08-30_2020-09-01,1,3.0,2522,1727,99,117,66,33,84,99,0,41,43
fire_24332764,2020-09-01,fire_24332764_2020-08-30_2020-09-01,2,4.0,2000,2000,144,99,106,38,61,144,0,36,25
fire_24332764,2020-08-31,fire_24332764_2020-08-31_2020-09-02,0,2.0,2522,988,99,0,99,0,0,99,0,0,0
fire_24332764,2020-09-01,fire_24332764_2020-08-31_2020-09-02,1,3.0,2000,1372,144,99,106,38,61,144,0,36,25
fire_24332764,2020-09-02,fire_24332764_2020-08-31_2020-09-02,2,4.0,1554,1554,64,144,32,32,112,64,0,32,80
fire_24332764,2020-09-01,fire_24332764_2020-09-01_2020-09-03,0,2.0,2000,807,144,0,144,0,0,144,0,0,0
fire_24332764,2020-09-02,fire_24332764_2020-09-01_2020-09-03,1,3.0,1554,1078,64,144,32,32,112,64,0,32,80
fire_24332764,2020-09-03,fire_24332764_2020-09-01_2020-09-03,2,4.0,1412,1412,56,64,38,18,46,56,0,12,34
fire_24332764,2020-09-02,fire_24332764_2020-09-02_2020-09-04,0,2.0,1554,641,64,0,64,0,0,64,0,0,0
fire_24332764,2020-09-03,fire_24332764_2020-09-02_2020-09-04,1,3.0,1412,981,56,64,38,18,46,56,0,13,33
fire_24332764,2020-09-04,fire_24332764_2020-09-02_2020-09-04,2,4.0,1421,1421,50,56,27,23,33,50,0,14,19
fire_24332764,2020-09-03,fire_24332764_2020-09-03_2020-09-05,0,2.0,1412,569,56,0,56,0,0,56,0,0,0
fire_24332764,2020-09-04,fire_24332764_2020-09-03_2020-09-05,1,3.0,1421,979,50,56,27,23,33,50,0,14,19
fire_24332764,2020-09-05,fire_24332764_2020-09-03_2020-09-05,2,4.0,1635,1635,50,50,34,16,34,50,0,13,21
fire_24332764,2020-09-04,fire_24332764_2020-09-04_2020-09-06,0,2.0,1421,565,50,0,50,0,0,50,0,0,0
fire_24332764,2020-09-05,fire_24332764_2020-09-04_2020-09-06,1,3.0,1635,1095,50,50,34,16,34,50,0,13,21
fire_24332764,2020-09-06,fire_24332764_2020-09-04_2020-09-06,2,4.0,1802,1802,93,50,72,21,29,93,0,26,3
fire_24332764,2020-09-05,fire_24332764_2020-09-05_2020-09-07,0,2.0,1635,608,50,0,50,0,0,50,0,0,0
fire_24332764,2020-09-06,fire_24332764_2020-09-05_2020-09-07,1,3.0,1802,1277,93,50,72,21,29,93,0,26,3
fire_24332764,2020-09-07,fire_24332764_2020-09-05_2020-09-07,2,4.0,2272,2272,0,93,0,0,93,0,0,21,72
fire_24332764,2020-09-06,fire_24332764_2020-09-06_2020-09-08,0,2.0,1802,763,93,0,93,0,0,93,0,0,0
fire_24332764,2020-09-07,fire_24332764_2020-09-06_2020-09-08,1,3.0,2272,1551,0,93,0,0,93,0,0,21,72
fire_24332764,2020-09-08,fire_24332764_2020-09-06_2020-09-08,2,4.0,1896,1896,144,0,144,0,0,144,0,0,0
fire_24332764,2020-09-07,fire_24332764_2020-09-07_2020-09-09,0,2.0,2272,884,0,0,0,0,0,0,0,0,0
fire_24332764,2020-09-08,fire_24332764_2020-09-07_2020-09-09,1,3.0,1896,1388,144,0,144,0,0,144,0,0,0
fire_24332764,2020-09-09,fire_24332764_2020-09-07_2020-09-09,2,4.0,3315,3315,262,144,249,13,131,262,0,82,49
fire_24332764,2020-09-08,fire_24332764_2020-09-08_2020-09-10,0,2.0,1896,884,144,0,144,0,0,144,0,0,0
fire_24332764,2020-09-09,fire_24332764_2020-09-08_2020-09-10,1,3.0,3315,2478,262,144,249,13,131,262,0,82,49
fire_24332764,2020-09-10,fire_24332764_2020-09-08_2020-09-10,2,4.0,4242,4242,183,262,153,30,232,183,0,78,154
fire_24332764,2020-09-09,fire_24332764_2020-09-09_2020-09-11,0,2.0,3315,1702,262,0,262,0,0,262,0,0,0
fire_24332764,2020-09-10,fire_24332764_2020-09-09_2020-09-11,1,3.0,4242,3375,183,262,153,30,232,183,0,82,150
fire_24332764,2020-09-11,fire_24332764_2020-09-09_2020-09-11,2,4.0,4489,4489,93,183,76,17,166,93,0,19,147
fire_24332764,2020-09-10,fire_24332764_2020-09-10_2020-09-12,0,2.0,4242,2366,183,0,183,0,0,183,0,0,0
fire_24332764,2020-09-11,fire_24332764_2020-09-10_2020-09-12,1,3.0,4489,3371,93,183,76,17,166,93,0,20,146
fire_24332764,2020-09-12,fire_24332764_2020-09-10_2020-09-12,2,4.0,3510,3497,87,93,70,17,76,87,0,30,46
fire_24332764,2020-09-11,fire_24332764_2020-09-11_2020-09-13,0,2.0,4489,2147,93,0,93,0,0,93,0,0,0
fire_24332764,2020-09-12,fire_24332764_2020-09-11_2020-09-13,1,3.0,3510,2535,87,93,70,17,76,87,0,34,42
fire_24332764,2020-09-13,fire_24332764_2020-09-11_2020-09-13,2,4.0,3651,3651,84,87,58,26,61,84,0,17,44
fire_24332764,2020-09-12,fire_24332764_2020-09-12_2020-09-14,0,2.0,3510,1603,87,0,87,0,0,87,0,0,0
fire_24332764,2020-09-13,fire_24332764_2020-09-12_2020-09-14,1,3.0,3651,2553,84,87,58,26,61,84,0,20,41
fire_24332764,2020-09-14,fire_24332764_2020-09-12_2020-09-14,2,4.0,3809,3809,107,84,89,18,66,107,0,28,38
fire_24332764,2020-09-13,fire_24332764_2020-09-13_2020-09-15,0,2.0,3651,1548,84,0,84,0,0,84,0,0,0
fire_24332764,2020-09-14,fire_24332764_2020-09-13_2020-09-15,1,3.0,3809,2638,107,84,89,18,66,107,0,28,38
fire_24332764,2020-09-15,fire_24332764_2020-09-13_2020-09-15,2,4.0,2563,2563,148,107,129,19,88,148,0,38,50
fire_24332764,2020-09-14,fire_24332764_2020-09-14_2020-09-16,0,2.0,3809,1550,107,0,107,0,0,107,0,0,0
fire_24332764,2020-09-15,fire_24332764_2020-09-14_2020-09-16,1,3.0,2563,1747,148,107,129,19,88,148,0,38,50
fire_24332764,2020-09-16,fire_24332764_2020-09-14_2020-09-16,2,4.0,2849,2849,156,148,131,25,123,156,0,51,72
fire_24332764,2020-09-15,fire_24332764_2020-09-15_2020-09-17,0,2.0,2563,1044,148,0,148,0,0,148,0,0,0
fire_24332764,2020-09-16,fire_24332764_2020-09-15_2020-09-17,1,3.0,2849,2016,156,148,131,25,123,156,0,55,68
fire_24332764,2020-09-17,fire_24332764_2020-09-15_2020-09-17,2,4.0,2246,2246,108,156,80,28,128,108,0,33,95
fire_24332764,2020-09-16,fire_24332764_2020-09-16_2020-09-18,0,2.0,2849,1227,156,0,156,0,0,156,0,0,0
fire_24332764,2020-09-17,fire_24332764_2020-09-16_2020-09-18,1,3.0,2246,1569,108,156,80,28,128,108,0,40,88
fire_24332764,2020-09-18,fire_24332764_2020-09-16_2020-09-18,2,4.0,1287,1221,45,108,33,12,96,45,0,56,40
fire_24332764,2020-09-17,fire_24332764_2020-09-17_2020-09-19,0,2.0,2246,956,108,0,108,0,0,108,0,0,0
fire_24332764,2020-09-18,fire_24332764_2020-09-17_2020-09-19,1,3.0,1287,854,45,108,33,12,96,45,0,60,36
fire_24332764,2020-09-19,fire_24332764_2020-09-17_2020-09-19,2,4.0,1152,1152,31,45,25,6,39,31,0,7,32
fire_24332764,2020-09-18,fire_24332764_2020-09-18_2020-09-20,0,2.0,1287,522,45,0,45,0,0,45,0,0,0
fire_24332764,2020-09-19,fire_24332764_2020-09-18_2020-09-20,1,3.0,1152,781,31,45,25,6,39,31,0,7,32
fire_24332764,2020-09-20,fire_24332764_2020-09-18_2020-09-20,2,4.0,783,717,24,31,15,9,22,24,0,7,15
fire_24332764,2020-09-19,fire_24332764_2020-09-19_2020-09-21,0,2.0,1152,436,31,0,31,0,0,31,0,0,0
fire_24332764,2020-09-20,fire_24332764_2020-09-19_2020-09-21,1,3.0,783,473,24,31,15,9,22,24,0,7,15
fire_24332764,2020-09-21,fire_24332764_2020-09-19_2020-09-21,2,4.0,911,890,22,24,16,6,18,22,0,5,13
fire_24332764,2020-09-20,fire_24332764_2020-09-20_2020-09-22,0,2.0,783,268,24,0,24,0,0,24,0,0,0
fire_24332764,2020-09-21,fire_24332764_2020-09-20_2020-09-22,1,3.0,911,590,22,24,16,6,18,22,0,6,12
fire_24332764,2020-09-22,fire_24332764_2020-09-20_2020-09-22,2,4.0,622,556,20,22,16,4,18,20,0,5,13
fire_24332764,2020-09-21,fire_24332764_2020-09-21_2020-09-23,0,2.0,911,320,22,0,22,0,0,22,0,0,0
fire_24332764,2020-09-22,fire_24332764_2020-09-21_2020-09-23,1,3.0,622,349,20,22,16,4,18,20,0,5,13
fire_24332764,2020-09-23,fire_24332764_2020-09-21_2020-09-23,2,4.0,830,764,7,20,5,2,18,7,0,2,16
fire_24332768,2020-08-21,fire_24332768_2020-08-21_2020-08-23,0,2.0,1317,637,0,0,0,0,0,0,0,0,0
fire_24332768,2020-08-22,fire_24332768_2020-08-21_2020-08-23,1,3.0,1468,1043,0,0,0,0,0,0,0,0,0
fire_24332768,2020-08-23,fire_24332768_2020-08-21_2020-08-23,2,4.0,1389,1389,0,0,0,0,0,0,0,0,0
fire_24332768,2020-08-22,fire_24332768_2020-08-22_2020-08-24,0,2.0,1468,665,0,0,0,0,0,0,0,0,0
fire_24332768,2020-08-23,fire_24332768_2020-08-22_2020-08-24,1,3.0,1389,907,0,0,0,0,0,0,0,0,0
fire_24332768,2020-08-24,fire_24332768_2020-08-22_2020-08-24,2,4.0,1015,992,0,0,0,0,0,0,0,0,0
fire_24332776,2020-08-20,fire_24332776_2020-08-20_2020-08-22,0,2.0,1503,649,0,0,0,0,0,0,0,0,0
fire_24332776,2020-08-21,fire_24332776_2020-08-20_2020-08-22,1,3.0,390,206,0,0,0,0,0,0,0,0,0
fire_24332776,2020-08-22,fire_24332776_2020-08-20_2020-08-22,2,4.0,370,304,0,0,0,0,0,0,0,0,0
fire_24332776,2020-08-21,fire_24332776_2020-08-21_2020-08-23,0,2.0,390,108,0,0,0,0,0,0,0,0,0
fire_24332776,2020-08-22,fire_24332776_2020-08-21_2020-08-23,1,3.0,370,192,0,0,0,0,0,0,0,0,0
fire_24332776,2020-08-23,fire_24332776_2020-08-21_2020-08-23,2,4.0,394,328,0,0,0,0,0,0,0,0,0
fire_24332776,2020-08-22,fire_24332776_2020-08-22_2020-08-24,0,2.0,370,104,0,0,0,0,0,0,0,0,0
fire_24332776,2020-08-23,fire_24332776_2020-08-22_2020-08-24,1,3.0,394,210,0,0,0,0,0,0,0,0,0
fire_24332776,2020-08-24,fire_24332776_2020-08-22_2020-08-24,2,4.0,379,313,0,0,0,0,0,0,0,0,0
fire_24332776,2020-08-23,fire_24332776_2020-08-23_2020-08-25,0,2.0,394,117,0,0,0,0,0,0,0,0,0
fire_24332776,2020-08-24,fire_24332776_2020-08-23_2020-08-25,1,3.0,379,199,0,0,0,0,0,0,0,0,0
fire_24332776,2020-08-25,fire_24332776_2020-08-23_2020-08-25,2,4.0,378,312,0,0,0,0,0,0,0,0,0
fire_24332776,2020-08-24,fire_24332776_2020-08-24_2020-08-26,0,2.0,379,110,0,0,0,0,0,0,0,0,0
fire_24332776,2020-08-25,fire_24332776_2020-08-24_2020-08-26,1,3.0,378,199,0,0,0,0,0,0,0,0,0
fire_24332776,2020-08-26,fire_24332776_2020-08-24_2020-08-26,2,4.0,399,333,0,0,0,0,0,0,0,0,0
fire_24332776,2020-08-25,fire_24332776_2020-08-25_2020-08-27,0,2.0,378,110,0,0,0,0,0,0,0,0,0
fire_24332776,2020-08-26,fire_24332776_2020-08-25_2020-08-27,1,3.0,399,215,0,0,0,0,0,0,0,0,0
fire_24332776,2020-08-27,fire_24332776_2020-08-25_2020-08-27,2,4.0,370,304,0,0,0,0,0,0,0,0,0
fire_24332776,2020-08-26,fire_24332776_2020-08-26_2020-08-28,0,2.0,399,120,0,0,0,0,0,0,0,0,0
fire_24332776,2020-08-27,fire_24332776_2020-08-26_2020-08-28,1,3.0,370,192,0,0,0,0,0,0,0,0,0
fire_24332776,2020-08-28,fire_24332776_2020-08-26_2020-08-28,2,4.0,370,304,0,0,0,0,0,0,0,0,0
fire_24332779,2020-08-05,fire_24332779_2020-08-05_2020-08-07,0,2.0,872,344,47,0,47,0,0,47,0,0,0
fire_24332779,2020-08-06,fire_24332779_2020-08-05_2020-08-07,1,3.0,1111,695,42,47,31,11,36,42,0,18,18
fire_24332779,2020-08-07,fire_24332779_2020-08-05_2020-08-07,2,4.0,963,963,72,42,60,12,30,72,0,14,16
fire_24332779,2020-08-06,fire_24332779_2020-08-06_2020-08-08,0,2.0,1111,373,42,0,42,0,0,42,0,0,0
fire_24332779,2020-08-07,fire_24332779_2020-08-06_2020-08-08,1,3.0,963,664,72,42,60,12,30,72,0,14,16
fire_24332779,2020-08-08,fire_24332779_2020-08-06_2020-08-08,2,4.0,679,679,19,72,9,10,62,19,0,2,60
fire_24332779,2020-08-07,fire_24332779_2020-08-07_2020-08-09,0,2.0,963,400,72,0,72,0,0,72,0,0,0
fire_24332779,2020-08-08,fire_24332779_2020-08-07_2020-08-09,1,3.0,679,443,19,72,9,10,62,19,0,17,45
fire_24332779,2020-08-09,fire_24332779_2020-08-07_2020-08-09,2,4.0,396,396,4,19,4,0,19,4,0,10,9
fire_24332779,2020-08-08,fire_24332779_2020-08-08_2020-08-10,0,2.0,679,250,19,0,19,0,0,19,0,0,0
fire_24332779,2020-08-09,fire_24332779_2020-08-08_2020-08-10,1,3.0,396,228,4,19,4,0,19,4,0,16,3
fire_24332779,2020-08-10,fire_24332779_2020-08-08_2020-08-10,2,4.0,792,792,1,4,1,0,4,1,0,0,4
fire_24332779,2020-08-09,fire_24332779_2020-08-09_2020-08-14,0,2.0,396,108,4,0,4,0,0,4,0,0,0
fire_24332779,2020-08-10,fire_24332779_2020-08-09_2020-08-14,1,3.0,792,456,1,4,1,0,4,1,0,0,4
fire_24332779,2020-08-14,fire_24332779_2020-08-09_2020-08-14,2,4.0,462,396,0,1,0,0,1,0,0,1,0
fire_24332783,2020-08-17,fire_24332783_2020-08-17_2020-08-19,0,2.0,1409,681,0,0,0,0,0,0,0,0,0
fire_24332783,2020-08-18,fire_24332783_2020-08-17_2020-08-19,1,3.0,2114,1426,0,0,0,0,0,0,0,0,0
fire_24332783,2020-08-19,fire_24332783_2020-08-17_2020-08-19,2,4.0,516,451,0,0,0,0,0,0,0,0,0
fire_24332783,2020-08-18,fire_24332783_2020-08-18_2020-08-20,0,2.0,2114,795,0,0,0,0,0,0,0,0,0
fire_24332783,2020-08-19,fire_24332783_2020-08-18_2020-08-20,1,3.0,516,271,0,0,0,0,0,0,0,0,0
fire_24332783,2020-08-20,fire_24332783_2020-08-18_2020-08-20,2,4.0,893,827,0,0,0,0,0,0,0,0,0
fire_24332784,2020-08-19,fire_24332784_2020-08-19_2020-08-21,0,2.0,528,149,0,0,0,0,0,0,0,0,0
fire_24332784,2020-08-20,fire_24332784_2020-08-19_2020-08-21,1,3.0,736,485,0,0,0,0,0,0,0,0,0
fire_24332784,2020-08-21,fire_24332784_2020-08-19_2020-08-21,2,4.0,1156,1156,0,0,0,0,0,0,0,0,0
fire_24332784,2020-08-20,fire_24332784_2020-08-20_2020-08-22,0,2.0,736,277,0,0,0,0,0,0,0,0,0
fire_24332784,2020-08-21,fire_24332784_2020-08-20_2020-08-22,1,3.0,1156,733,0,0,0,0,0,0,0,0,0
fire_24332784,2020-08-22,fire_24332784_2020-08-20_2020-08-22,2,4.0,464,462,0,0,0,0,0,0,0,0,0
fire_24332785,2020-08-25,fire_24332785_2020-08-25_2020-08-27,0,2.0,1047,444,0,0,0,0,0,0,0,0,0
fire_24332785,2020-08-26,fire_24332785_2020-08-25_2020-08-27,1,3.0,1515,1028,0,0,0,0,0,0,0,0,0
fire_24332785,2020-08-27,fire_24332785_2020-08-25_2020-08-27,2,4.0,1029,963,0,0,0,0,0,0,0,0,0
fire_24332785,2020-08-26,fire_24332785_2020-08-26_2020-08-28,0,2.0,1515,616,0,0,0,0,0,0,0,0,0
fire_24332785,2020-08-27,fire_24332785_2020-08-26_2020-08-28,1,3.0,1029,657,0,0,0,0,0,0,0,0,0
fire_24332785,2020-08-28,fire_24332785_2020-08-26_2020-08-28,2,4.0,1437,1371,1,0,1,0,0,1,0,0,0
fire_24332785,2020-08-27,fire_24332785_2020-08-27_2020-08-29,0,2.0,1029,396,0,0,0,0,0,0,0,0,0
fire_24332785,2020-08-28,fire_24332785_2020-08-27_2020-08-29,1,3.0,1437,904,1,0,1,0,0,1,0,0,0
fire_24332785,2020-08-29,fire_24332785_2020-08-27_2020-08-29,2,4.0,975,909,0,1,0,0,1,0,0,1,0
fire_24332785,2020-08-28,fire_24332785_2020-08-28_2020-08-30,0,2.0,1437,516,1,0,1,0,0,1,0,0,0
fire_24332785,2020-08-29,fire_24332785_2020-08-28_2020-08-30,1,3.0,975,609,0,1,0,0,1,0,0,1,0
fire_24332785,2020-08-30,fire_24332785_2020-08-28_2020-08-30,2,4.0,482,416,0,0,0,0,0,0,0,0,0
fire_24332787,2020-08-12,fire_24332787_2020-08-12_2020-08-14,0,2.0,2000,562,0,0,0,0,0,0,0,0,0
fire_24332787,2020-08-13,fire_24332787_2020-08-12_2020-08-14,1,3.0,1492,830,0,0,0,0,0,0,0,0,0
fire_24332787,2020-08-14,fire_24332787_2020-08-12_2020-08-14,2,4.0,1276,1276,0,0,0,0,0,0,0,0,0
fire_24332787,2020-08-13,fire_24332787_2020-08-13_2020-08-15,0,2.0,1492,398,0,0,0,0,0,0,0,0,0
fire_24332787,2020-08-14,fire_24332787_2020-08-13_2020-08-15,1,3.0,1276,894,0,0,0,0,0,0,0,0,0
fire_24332787,2020-08-15,fire_24332787_2020-08-13_2020-08-15,2,4.0,1195,1195,0,0,0,0,0,0,0,0,0
fire_24332787,2020-08-14,fire_24332787_2020-08-14_2020-08-16,0,2.0,1276,548,0,0,0,0,0,0,0,0,0
fire_24332787,2020-08-15,fire_24332787_2020-08-14_2020-08-16,1,3.0,1195,823,0,0,0,0,0,0,0,0,0
fire_24332787,2020-08-16,fire_24332787_2020-08-14_2020-08-16,2,4.0,2463,2463,0,0,0,0,0,0,0,0,0
fire_24332787,2020-08-15,fire_24332787_2020-08-15_2020-08-17,0,2.0,1195,489,0,0,0,0,0,0,0,0,0
fire_24332787,2020-08-16,fire_24332787_2020-08-15_2020-08-17,1,3.0,2463,1575,0,0,0,0,0,0,0,0,0
fire_24332787,2020-08-17,fire_24332787_2020-08-15_2020-08-17,2,4.0,1430,1430,0,0,0,0,0,0,0,0,0
fire_24332787,2020-08-16,fire_24332787_2020-08-16_2020-08-18,0,2.0,2463,873,0,0,0,0,0,0,0,0,0
fire_24332787,2020-08-17,fire_24332787_2020-08-16_2020-08-18,1,3.0,1430,945,0,0,0,0,0,0,0,0,0
fire_24332787,2020-08-18,fire_24332787_2020-08-16_2020-08-18,2,4.0,1610,1610,0,0,0,0,0,0,0,0,0
fire_24332787,2020-08-17,fire_24332787_2020-08-17_2020-08-19,0,2.0,1430,551,0,0,0,0,0,0,0,0,0
fire_24332787,2020-08-18,fire_24332787_2020-08-17_2020-08-19,1,3.0,1610,1004,0,0,0,0,0,0,0,0,0
fire_24332787,2020-08-19,fire_24332787_2020-08-17_2020-08-19,2,4.0,2628,2628,0,0,0,0,0,0,0,0,0
fire_24332787,2020-08-18,fire_24332787_2020-08-18_2020-08-20,0,2.0,1610,538,0,0,0,0,0,0,0,0,0
fire_24332787,2020-08-19,fire_24332787_2020-08-18_2020-08-20,1,3.0,2628,1718,0,0,0,0,0,0,0,0,0
fire_24332787,2020-08-20,fire_24332787_2020-08-18_2020-08-20,2,4.0,1530,1530,0,0,0,0,0,0,0,0,0
fire_24332787,2020-08-19,fire_24332787_2020-08-19_2020-08-21,0,2.0,2628,975,0,0,0,0,0,0,0,0,0
fire_24332787,2020-08-20,fire_24332787_2020-08-19_2020-08-21,1,3.0,1530,1027,0,0,0,0,0,0,0,0,0
fire_24332787,2020-08-21,fire_24332787_2020-08-19_2020-08-21,2,4.0,2318,2318,0,0,0,0,0,0,0,0,0
fire_24332787,2020-08-20,fire_24332787_2020-08-20_2020-08-22,0,2.0,1530,611,0,0,0,0,0,0,0,0,0
fire_24332787,2020-08-21,fire_24332787_2020-08-20_2020-08-22,1,3.0,2318,1481,0,0,0,0,0,0,0,0,0
fire_24332787,2020-08-22,fire_24332787_2020-08-20_2020-08-22,2,4.0,3079,3079,41,0,41,0,0,41,0,0,0
fire_24332787,2020-08-21,fire_24332787_2020-08-21_2020-08-23,0,2.0,2318,805,0,0,0,0,0,0,0,0,0
fire_24332787,2020-08-22,fire_24332787_2020-08-21_2020-08-23,1,3.0,3079,1994,41,0,41,0,0,41,0,0,0
fire_24332787,2020-08-23,fire_24332787_2020-08-21_2020-08-23,2,4.0,1824,1808,4,41,3,1,40,4,0,2,38
fire_24332787,2020-08-22,fire_24332787_2020-08-22_2020-08-24,0,2.0,3079,1080,41,0,41,0,0,41,0,0,0
fire_24332787,2020-08-23,fire_24332787_2020-08-22_2020-08-24,1,3.0,1824,1143,4,41,3,1,40,4,0,7,33
fire_24332787,2020-08-24,fire_24332787_2020-08-22_2020-08-24,2,4.0,893,827,0,4,0,0,4,0,0,4,0
fire_24332787,2020-08-23,fire_24332787_2020-08-23_2020-08-25,0,2.0,1824,604,4,0,4,0,0,4,0,0,0
fire_24332787,2020-08-24,fire_24332787_2020-08-23_2020-08-25,1,3.0,893,483,0,4,0,0,4,0,0,4,0
fire_24332787,2020-08-25,fire_24332787_2020-08-23_2020-08-25,2,4.0,878,812,0,0,0,0,0,0,0,0,0
fire_24332787,2020-08-24,fire_24332787_2020-08-24_2020-08-26,0,2.0,893,233,0,0,0,0,0,0,0,0,0
fire_24332787,2020-08-25,fire_24332787_2020-08-24_2020-08-26,1,3.0,878,472,0,0,0,0,0,0,0,0,0
fire_24332787,2020-08-26,fire_24332787_2020-08-24_2020-08-26,2,4.0,1254,1188,0,0,0,0,0,0,0,0,0
fire_24332787,2020-08-25,fire_24332787_2020-08-25_2020-08-27,0,2.0,878,226,0,0,0,0,0,0,0,0,0
fire_24332787,2020-08-26,fire_24332787_2020-08-25_2020-08-27,1,3.0,1254,684,0,0,0,0,0,0,0,0,0
fire_24332787,2020-08-27,fire_24332787_2020-08-25_2020-08-27,2,4.0,2392,2326,0,0,0,0,0,0,0,0,0
fire_24332787,2020-08-26,fire_24332787_2020-08-26_2020-08-28,0,2.0,1254,324,0,0,0,0,0,0,0,0,0
fire_24332787,2020-08-27,fire_24332787_2020-08-26_2020-08-28,1,3.0,2392,1365,0,0,0,0,0,0,0,0,0
fire_24332787,2020-08-28,fire_24332787_2020-08-26_2020-08-28,2,4.0,1600,1534,0,0,0,0,0,0,0,0,0
fire_24332791,2020-08-14,fire_24332791_2020-08-14_2020-08-16,0,2.0,477,115,0,0,0,0,0,0,0,0,0
fire_24332791,2020-08-15,fire_24332791_2020-08-14_2020-08-16,1,3.0,1097,687,0,0,0,0,0,0,0,0,0
fire_24332791,2020-08-16,fire_24332791_2020-08-14_2020-08-16,2,4.0,1614,1614,0,0,0,0,0,0,0,0,0
fire_24332791,2020-08-15,fire_24332791_2020-08-15_2020-08-17,0,2.0,1097,368,0,0,0,0,0,0,0,0,0
fire_24332791,2020-08-16,fire_24332791_2020-08-15_2020-08-17,1,3.0,1614,934,0,0,0,0,0,0,0,0,0
fire_24332791,2020-08-17,fire_24332791_2020-08-15_2020-08-17,2,4.0,1838,1838,0,0,0,0,0,0,0,0,0
fire_24332791,2020-08-16,fire_24332791_2020-08-16_2020-08-18,0,2.0,1614,446,0,0,0,0,0,0,0,0,0
fire_24332791,2020-08-17,fire_24332791_2020-08-16_2020-08-18,1,3.0,1838,1108,0,0,0,0,0,0,0,0,0
fire_24332791,2020-08-18,fire_24332791_2020-08-16_2020-08-18,2,4.0,1871,1871,0,0,0,0,0,0,0,0,0
fire_24332791,2020-08-17,fire_24332791_2020-08-17_2020-08-19,0,2.0,1838,561,0,0,0,0,0,0,0,0,0
fire_24332791,2020-08-18,fire_24332791_2020-08-17_2020-08-19,1,3.0,1871,1138,0,0,0,0,0,0,0,0,0
fire_24332791,2020-08-19,fire_24332791_2020-08-17_2020-08-19,2,4.0,1347,1347,0,0,0,0,0,0,0,0,0
fire_24332791,2020-08-18,fire_24332791_2020-08-18_2020-08-20,0,2.0,1871,586,0,0,0,0,0,0,0,0,0
fire_24332791,2020-08-19,fire_24332791_2020-08-18_2020-08-20,1,3.0,1347,803,0,0,0,0,0,0,0,0,0
fire_24332791,2020-08-20,fire_24332791_2020-08-18_2020-08-20,2,4.0,1735,1710,0,0,0,0,0,0,0,0,0
fire_24332791,2020-08-19,fire_24332791_2020-08-19_2020-08-21,0,2.0,1347,401,0,0,0,0,0,0,0,0,0
fire_24332791,2020-08-20,fire_24332791_2020-08-19_2020-08-21,1,3.0,1735,1035,0,0,0,0,0,0,0,0,0
fire_24332791,2020-08-21,fire_24332791_2020-08-19_2020-08-21,2,4.0,2214,2210,0,0,0,0,0,0,0,0,0
fire_24332791,2020-08-20,fire_24332791_2020-08-20_2020-08-22,0,2.0,1735,515,0,0,0,0,0,0,0,0,0
fire_24332791,2020-08-21,fire_24332791_2020-08-20_2020-08-22,1,3.0,2214,1286,0,0,0,0,0,0,0,0,0
fire_24332791,2020-08-22,fire_24332791_2020-08-20_2020-08-22,2,4.0,1254,1188,0,0,0,0,0,0,0,0,0
fire_24332791,2020-08-21,fire_24332791_2020-08-21_2020-08-23,0,2.0,2214,614,0,0,0,0,0,0,0,0,0
fire_24332791,2020-08-22,fire_24332791_2020-08-21_2020-08-23,1,3.0,1254,684,0,0,0,0,0,0,0,0,0
fire_24332791,2020-08-23,fire_24332791_2020-08-21_2020-08-23,2,4.0,858,792,0,0,0,0,0,0,0,0,0
fire_24332791,2020-08-22,fire_24332791_2020-08-22_2020-08-24,0,2.0,1254,324,0,0,0,0,0,0,0,0,0
fire_24332791,2020-08-23,fire_24332791_2020-08-22_2020-08-24,1,3.0,858,456,0,0,0,0,0,0,0,0,0
fire_24332791,2020-08-24,fire_24332791_2020-08-22_2020-08-24,2,4.0,462,396,0,0,0,0,0,0,0,0,0
fire_24332793,2020-08-21,fire_24332793_2020-08-21_2020-08-23,0,2.0,748,279,0,0,0,0,0,0,0,0,0
fire_24332793,2020-08-22,fire_24332793_2020-08-21_2020-08-23,1,3.0,1150,826,0,0,0,0,0,0,0,0,0
fire_24332793,2020-08-23,fire_24332793_2020-08-21_2020-08-23,2,4.0,844,844,0,0,0,0,0,0,0,0,0
fire_24332793,2020-08-22,fire_24332793_2020-08-22_2020-08-24,0,2.0,1150,532,0,0,0,0,0,0,0,0,0
fire_24332793,2020-08-23,fire_24332793_2020-08-22_2020-08-24,1,3.0,844,574,0,0,0,0,0,0,0,0,0
fire_24332793,2020-08-24,fire_24332793_2020-08-22_2020-08-24,2,4.0,845,845,0,0,0,0,0,0,0,0,0
fire_24332793,2020-08-23,fire_24332793_2020-08-23_2020-08-29,0,2.0,844,353,0,0,0,0,0,0,0,0,0
fire_24332793,2020-08-24,fire_24332793_2020-08-23_2020-08-29,1,3.0,845,548,0,0,0,0,0,0,0,0,0
fire_24332793,2020-08-29,fire_24332793_2020-08-23_2020-08-29,2,4.0,462,396,0,0,0,0,0,0,0,0,0
fire_24332796,2020-08-26,fire_24332796_2020-08-26_2020-08-28,0,2.0,1436,556,0,0,0,0,0,0,0,0,0
fire_24332796,2020-08-27,fire_24332796_2020-08-26_2020-08-28,1,3.0,1560,949,0,0,0,0,0,0,0,0,0
fire_24332796,2020-08-28,fire_24332796_2020-08-26_2020-08-28,2,4.0,852,852,0,0,0,0,0,0,0,0,0
fire_24332796,2020-08-27,fire_24332796_2020-08-27_2020-08-29,0,2.0,1560,509,0,0,0,0,0,0,0,0,0
fire_24332796,2020-08-28,fire_24332796_2020-08-27_2020-08-29,1,3.0,852,533,0,0,0,0,0,0,0,0,0
fire_24332796,2020-08-29,fire_24332796_2020-08-27_2020-08-29,2,4.0,737,737,0,0,0,0,0,0,0,0,0
fire_24332796,2020-08-28,fire_24332796_2020-08-28_2020-08-30,0,2.0,852,277,0,0,0,0,0,0,0,0,0
fire_24332796,2020-08-29,fire_24332796_2020-08-28_2020-08-30,1,3.0,737,486,0,0,0,0,0,0,0,0,0
fire_24332796,2020-08-30,fire_24332796_2020-08-28_2020-08-30,2,4.0,1244,1244,0,0,0,0,0,0,0,0,0
fire_24332796,2020-08-29,fire_24332796_2020-08-29_2020-09-01,0,2.0,737,281,0,0,0,0,0,0,0,0,0
fire_24332796,2020-08-30,fire_24332796_2020-08-29_2020-09-01,1,3.0,1244,801,0,0,0,0,0,0,0,0,0
fire_24332796,2020-09-01,fire_24332796_2020-08-29_2020-09-01,2,4.0,720,720,0,0,0,0,0,0,0,0,0
fire_24332796,2020-08-30,fire_24332796_2020-08-30_2020-09-02,0,2.0,1244,452,0,0,0,0,0,0,0,0,0
fire_24332796,2020-09-01,fire_24332796_2020-08-30_2020-09-02,1,3.0,720,477,0,0,0,0,0,0,0,0,0
fire_24332796,2020-09-02,fire_24332796_2020-08-30_2020-09-02,2,4.0,772,721,0,0,0,0,0,0,0,0,0
fire_24332796,2020-09-01,fire_24332796_2020-09-01_2020-09-03,0,2.0,720,276,0,0,0,0,0,0,0,0,0
fire_24332796,2020-09-02,fire_24332796_2020-09-01_2020-09-03,1,3.0,772,472,0,0,0,0,0,0,0,0,0
fire_24332796,2020-09-03,fire_24332796_2020-09-01_2020-09-03,2,4.0,759,759,0,0,0,0,0,0,0,0,0
fire_24332796,2020-09-02,fire_24332796_2020-09-02_2020-09-04,0,2.0,772,266,0,0,0,0,0,0,0,0,0
fire_24332796,2020-09-03,fire_24332796_2020-09-02_2020-09-04,1,3.0,759,507,0,0,0,0,0,0,0,0,0
fire_24332796,2020-09-04,fire_24332796_2020-09-02_2020-09-04,2,4.0,578,578,0,0,0,0,0,0,0,0,0
fire_24332796,2020-09-03,fire_24332796_2020-09-03_2020-09-05,0,2.0,759,294,0,0,0,0,0,0,0,0,0
fire_24332796,2020-09-04,fire_24332796_2020-09-03_2020-09-05,1,3.0,578,365,0,0,0,0,0,0,0,0,0
fire_24332796,2020-09-05,fire_24332796_2020-09-03_2020-09-05,2,4.0,426,426,10,0,10,0,0,10,0,0,0
fire_24332796,2020-09-04,fire_24332796_2020-09-04_2020-09-06,0,2.0,578,200,0,0,0,0,0,0,0,0,0
fire_24332796,2020-09-05,fire_24332796_2020-09-04_2020-09-06,1,3.0,426,250,10,0,10,0,0,10,0,0,0
fire_24332796,2020-09-06,fire_24332796_2020-09-04_2020-09-06,2,4.0,699,699,15,10,12,3,7,15,0,3,4
fire_24332798,2020-08-23,fire_24332798_2020-08-23_2020-08-25,0,2.0,2960,1191,0,0,0,0,0,0,0,0,0
fire_24332798,2020-08-24,fire_24332798_2020-08-23_2020-08-25,1,3.0,2527,1657,0,0,0,0,0,0,0,0,0
fire_24332798,2020-08-25,fire_24332798_2020-08-23_2020-08-25,2,4.0,3493,3493,0,0,0,0,0,0,0,0,0
fire_24332798,2020-08-24,fire_24332798_2020-08-24_2020-08-26,0,2.0,2527,940,0,0,0,0,0,0,0,0,0
fire_24332798,2020-08-25,fire_24332798_2020-08-24_2020-08-26,1,3.0,3493,2323,0,0,0,0,0,0,0,0,0
fire_24332798,2020-08-26,fire_24332798_2020-08-24_2020-08-26,2,4.0,4661,4595,0,0,0,0,0,0,0,0,0
fire_24332798,2020-08-25,fire_24332798_2020-08-25_2020-08-27,0,2.0,3493,1328,0,0,0,0,0,0,0,0,0
fire_24332798,2020-08-26,fire_24332798_2020-08-25_2020-08-27,1,3.0,4661,3159,0,0,0,0,0,0,0,0,0
fire_24332798,2020-08-27,fire_24332798_2020-08-25_2020-08-27,2,4.0,3855,3854,0,0,0,0,0,0,0,0,0
fire_24332798,2020-08-26,fire_24332798_2020-08-26_2020-08-28,0,2.0,4661,1896,0,0,0,0,0,0,0,0,0
fire_24332798,2020-08-27,fire_24332798_2020-08-26_2020-08-28,1,3.0,3855,2574,0,0,0,0,0,0,0,0,0
fire_24332798,2020-08-28,fire_24332798_2020-08-26_2020-08-28,2,4.0,738,672,0,0,0,0,0,0,0,0,0
fire_24332798,2020-08-27,fire_24332798_2020-08-27_2020-08-29,0,2.0,3855,1504,0,0,0,0,0,0,0,0,0
fire_24332798,2020-08-28,fire_24332798_2020-08-27_2020-08-29,1,3.0,738,400,0,0,0,0,0,0,0,0,0
fire_24332798,2020-08-29,fire_24332798_2020-08-27_2020-08-29,2,4.0,1125,1059,0,0,0,0,0,0,0,0,0
fire_24332798,2020-08-28,fire_24332798_2020-08-28_2020-08-30,0,2.0,738,199,0,0,0,0,0,0,0,0,0
fire_24332798,2020-08-29,fire_24332798_2020-08-28_2020-08-30,1,3.0,1125,660,0,0,0,0,0,0,0,0,0
fire_24332798,2020-08-30,fire_24332798_2020-08-28_2020-08-30,2,4.0,1821,1755,0,0,0,0,0,0,0,0,0
fire_24332798,2020-08-29,fire_24332798_2020-08-29_2020-08-31,0,2.0,1125,352,0,0,0,0,0,0,0,0,0
fire_24332798,2020-08-30,fire_24332798_2020-08-29_2020-08-31,1,3.0,1821,1121,0,0,0,0,0,0,0,0,0
fire_24332798,2020-08-31,fire_24332798_2020-08-29_2020-08-31,2,4.0,328,262,0,0,0,0,0,0,0,0,0
fire_24332798,2020-08-30,fire_24332798_2020-08-30_2020-09-01,0,2.0,1821,625,0,0,0,0,0,0,0,0,0
fire_24332798,2020-08-31,fire_24332798_2020-08-30_2020-09-01,1,3.0,328,162,0,0,0,0,0,0,0,0,0
fire_24332798,2020-09-01,fire_24332798_2020-08-30_2020-09-01,2,4.0,878,812,0,0,0,0,0,0,0,0,0
fire_24332798,2020-08-31,fire_24332798_2020-08-31_2020-09-02,0,2.0,328,86,0,0,0,0,0,0,0,0,0
fire_24332798,2020-09-01,fire_24332798_2020-08-31_2020-09-02,1,3.0,878,555,0,0,0,0,0,0,0,0,0
fire_24332798,2020-09-02,fire_24332798_2020-08-31_2020-09-02,2,4.0,680,614,0,0,0,0,0,0,0,0,0
fire_24332800,2020-08-25,fire_24332800_2020-08-25_2020-08-27,0,2.0,3666,1368,0,0,0,0,0,0,0,0,0
fire_24332800,2020-08-26,fire_24332800_2020-08-25_2020-08-27,1,3.0,4826,3248,0,0,0,0,0,0,0,0,0
fire_24332800,2020-08-27,fire_24332800_2020-08-25_2020-08-27,2,4.0,4194,4193,0,0,0,0,0,0,0,0,0
fire_24332800,2020-08-26,fire_24332800_2020-08-26_2020-08-28,0,2.0,4826,1932,0,0,0,0,0,0,0,0,0
fire_24332800,2020-08-27,fire_24332800_2020-08-26_2020-08-28,1,3.0,4194,2758,0,0,0,0,0,0,0,0,0
fire_24332800,2020-08-28,fire_24332800_2020-08-26_2020-08-28,2,4.0,986,920,0,0,0,0,0,0,0,0,0
fire_24332800,2020-08-27,fire_24332800_2020-08-27_2020-08-29,0,2.0,4194,1582,0,0,0,0,0,0,0,0,0
fire_24332800,2020-08-28,fire_24332800_2020-08-27_2020-08-29,1,3.0,986,552,0,0,0,0,0,0,0,0,0
fire_24332800,2020-08-29,fire_24332800_2020-08-27_2020-08-29,2,4.0,1629,1597,0,0,0,0,0,0,0,0,0
fire_24332800,2020-08-28,fire_24332800_2020-08-28_2020-08-30,0,2.0,986,277,0,0,0,0,0,0,0,0,0
fire_24332800,2020-08-29,fire_24332800_2020-08-28_2020-08-30,1,3.0,1629,994,0,0,0,0,0,0,0,0,0
fire_24332800,2020-08-30,fire_24332800_2020-08-28_2020-08-30,2,4.0,2222,2157,0,0,0,0,0,0,0,0,0
fire_24332800,2020-08-29,fire_24332800_2020-08-29_2020-08-31,0,2.0,1629,530,0,0,0,0,0,0,0,0,0
fire_24332800,2020-08-30,fire_24332800_2020-08-29_2020-08-31,1,3.0,2222,1350,0,0,0,0,0,0,0,0,0
fire_24332800,2020-08-31,fire_24332800_2020-08-29_2020-08-31,2,4.0,462,396,0,0,0,0,0,0,0,0,0
fire_24332800,2020-08-30,fire_24332800_2020-08-30_2020-09-01,0,2.0,2222,727,0,0,0,0,0,0,0,0,0
fire_24332800,2020-08-31,fire_24332800_2020-08-30_2020-09-01,1,3.0,462,228,0,0,0,0,0,0,0,0,0
fire_24332800,2020-09-01,fire_24332800_2020-08-30_2020-09-01,2,4.0,1144,1136,0,0,0,0,0,0,0,0,0
fire_24332800,2020-08-31,fire_24332800_2020-08-31_2020-09-02,0,2.0,462,108,0,0,0,0,0,0,0,0,0
fire_24332800,2020-09-01,fire_24332800_2020-08-31_2020-09-02,1,3.0,1144,717,0,0,0,0,0,0,0,0,0
fire_24332800,2020-09-02,fire_24332800_2020-08-31_2020-09-02,2,4.0,787,721,0,0,0,0,0,0,0,0,0
fire_24332801,2020-08-18,fire_24332801_2020-08-18_2020-08-20,0,2.0,564,158,0,0,0,0,0,0,0,0,0
fire_24332801,2020-08-19,fire_24332801_2020-08-18_2020-08-20,1,3.0,1852,1162,0,0,0,0,0,0,0,0,0
fire_24332801,2020-08-20,fire_24332801_2020-08-18_2020-08-20,2,4.0,3378,3312,0,0,0,0,0,0,0,0,0
fire_24332801,2020-08-19,fire_24332801_2020-08-19_2020-08-21,0,2.0,1852,594,0,0,0,0,0,0,0,0,0
fire_24332801,2020-08-20,fire_24332801_2020-08-19_2020-08-21,1,3.0,3378,2194,0,0,0,0,0,0,0,0,0
fire_24332801,2020-08-21,fire_24332801_2020-08-19_2020-08-21,2,4.0,3515,3515,0,0,0,0,0,0,0,0,0
fire_24332801,2020-08-20,fire_24332801_2020-08-20_2020-08-22,0,2.0,3378,1251,0,0,0,0,0,0,0,0,0
fire_24332801,2020-08-21,fire_24332801_2020-08-20_2020-08-22,1,3.0,3515,2374,0,0,0,0,0,0,0,0,0
fire_24332801,2020-08-22,fire_24332801_2020-08-20_2020-08-22,2,4.0,2900,2900,0,0,0,0,0,0,0,0,0
fire_24332801,2020-08-21,fire_24332801_2020-08-21_2020-08-23,0,2.0,3515,1388,0,0,0,0,0,0,0,0,0
fire_24332801,2020-08-22,fire_24332801_2020-08-21_2020-08-23,1,3.0,2900,1941,0,0,0,0,0,0,0,0,0
fire_24332801,2020-08-23,fire_24332801_2020-08-21_2020-08-23,2,4.0,2964,2936,0,0,0,0,0,0,0,0,0
fire_24332801,2020-08-22,fire_24332801_2020-08-22_2020-08-24,0,2.0,2900,1110,0,0,0,0,0,0,0,0,0
fire_24332801,2020-08-23,fire_24332801_2020-08-22_2020-08-24,1,3.0,2964,1972,0,0,0,0,0,0,0,0,0
fire_24332801,2020-08-24,fire_24332801_2020-08-22_2020-08-24,2,4.0,2669,2669,0,0,0,0,0,0,0,0,0
fire_24332801,2020-08-23,fire_24332801_2020-08-23_2020-08-25,0,2.0,2964,1191,0,0,0,0,0,0,0,0,0
fire_24332801,2020-08-24,fire_24332801_2020-08-23_2020-08-25,1,3.0,2669,1729,0,0,0,0,0,0,0,0,0
fire_24332801,2020-08-25,fire_24332801_2020-08-23_2020-08-25,2,4.0,3666,3666,0,0,0,0,0,0,0,0,0
fire_24332801,2020-08-24,fire_24332801_2020-08-24_2020-08-26,0,2.0,2669,965,0,0,0,0,0,0,0,0,0
fire_24332801,2020-08-25,fire_24332801_2020-08-24_2020-08-26,1,3.0,3666,2417,0,0,0,0,0,0,0,0,0
fire_24332801,2020-08-26,fire_24332801_2020-08-24_2020-08-26,2,4.0,4760,4760,0,0,0,0,0,0,0,0,0
fire_24332801,2020-08-25,fire_24332801_2020-08-25_2020-08-27,0,2.0,3666,1368,0,0,0,0,0,0,0,0,0
fire_24332801,2020-08-26,fire_24332801_2020-08-25_2020-08-27,1,3.0,4760,3248,0,0,0,0,0,0,0,0,0
fire_24332801,2020-08-27,fire_24332801_2020-08-25_2020-08-27,2,4.0,3747,3747,0,0,0,0,0,0,0,0,0
fire_24332801,2020-08-26,fire_24332801_2020-08-26_2020-08-28,0,2.0,4760,1932,0,0,0,0,0,0,0,0,0
fire_24332801,2020-08-27,fire_24332801_2020-08-26_2020-08-28,1,3.0,3747,2492,0,0,0,0,0,0,0,0,0
fire_24332801,2020-08-28,fire_24332801_2020-08-26_2020-08-28,2,4.0,472,406,0,0,0,0,0,0,0,0,0
fire_24332801,2020-08-27,fire_24332801_2020-08-27_2020-08-29,0,2.0,3747,1450,0,0,0,0,0,0,0,0,0
fire_24332801,2020-08-28,fire_24332801_2020-08-27_2020-08-29,1,3.0,472,234,0,0,0,0,0,0,0,0,0
fire_24332801,2020-08-29,fire_24332801_2020-08-27_2020-08-29,2,4.0,926,860,0,0,0,0,0,0,0,0,0
fire_24332801,2020-08-28,fire_24332801_2020-08-28_2020-08-30,0,2.0,472,112,0,0,0,0,0,0,0,0,0
fire_24332801,2020-08-29,fire_24332801_2020-08-28_2020-08-30,1,3.0,926,508,0,0,0,0,0,0,0,0,0
fire_24332801,2020-08-30,fire_24332801_2020-08-28_2020-08-30,2,4.0,1476,1410,0,0,0,0,0,0,0,0,0
fire_24332801,2020-08-29,fire_24332801_2020-08-29_2020-08-31,0,2.0,926,249,0,0,0,0,0,0,0,0,0
fire_24332801,2020-08-30,fire_24332801_2020-08-29_2020-08-31,1,3.0,1476,854,0,0,0,0,0,0,0,0,0
fire_24332801,2020-08-31,fire_24332801_2020-08-29_2020-08-31,2,4.0,462,396,0,0,0,0,0,0,0,0,0
fire_24332801,2020-08-30,fire_24332801_2020-08-30_2020-09-01,0,2.0,1476,432,0,0,0,0,0,0,0,0,0
fire_24332801,2020-08-31,fire_24332801_2020-08-30_2020-09-01,1,3.0,462,228,0,0,0,0,0,0,0,0,0
fire_24332801,2020-09-01,fire_24332801_2020-08-30_2020-09-01,2,4.0,482,416,0,0,0,0,0,0,0,0,0
fire_24332803,2020-08-19,fire_24332803_2020-08-19_2020-08-21,0,2.0,1852,594,0,0,0,0,0,0,0,0,0
fire_24332803,2020-08-20,fire_24332803_2020-08-19_2020-08-21,1,3.0,2896,1950,0,0,0,0,0,0,0,0,0
fire_24332803,2020-08-21,fire_24332803_2020-08-19_2020-08-21,2,4.0,3439,3439,0,0,0,0,0,0,0,0,0
fire_24332803,2020-08-20,fire_24332803_2020-08-20_2020-08-22,0,2.0,2896,1133,0,0,0,0,0,0,0,0,0
fire_24332803,2020-08-21,fire_24332803_2020-08-20_2020-08-22,1,3.0,3439,2318,0,0,0,0,0,0,0,0,0
fire_24332803,2020-08-22,fire_24332803_2020-08-20_2020-08-22,2,4.0,2900,2900,0,0,0,0,0,0,0,0,0
fire_24332803,2020-08-21,fire_24332803_2020-08-21_2020-08-23,0,2.0,3439,1352,0,0,0,0,0,0,0,0,0
fire_24332803,2020-08-22,fire_24332803_2020-08-21_2020-08-23,1,3.0,2900,1941,0,0,0,0,0,0,0,0,0
fire_24332803,2020-08-23,fire_24332803_2020-08-21_2020-08-23,2,4.0,2969,2936,0,0,0,0,0,0,0,0,0
fire_24332803,2020-08-22,fire_24332803_2020-08-22_2020-08-24,0,2.0,2900,1110,0,0,0,0,0,0,0,0,0
fire_24332803,2020-08-23,fire_24332803_2020-08-22_2020-08-24,1,3.0,2969,1972,0,0,0,0,0,0,0,0,0
fire_24332803,2020-08-24,fire_24332803_2020-08-22_2020-08-24,2,4.0,3105,3105,0,0,0,0,0,0,0,0,0
fire_24332803,2020-08-23,fire_24332803_2020-08-23_2020-08-25,0,2.0,2969,1191,0,0,0,0,0,0,0,0,0
fire_24332803,2020-08-24,fire_24332803_2020-08-23_2020-08-25,1,3.0,3105,1993,0,0,0,0,0,0,0,0,0
fire_24332803,2020-08-25,fire_24332803_2020-08-23_2020-08-25,2,4.0,4162,4117,0,0,0,0,0,0,0,0,0
fire_24332803,2020-08-24,fire_24332803_2020-08-24_2020-08-26,0,2.0,3105,1096,0,0,0,0,0,0,0,0,0
fire_24332803,2020-08-25,fire_24332803_2020-08-24_2020-08-26,1,3.0,4162,2723,0,0,0,0,0,0,0,0,0
fire_24332803,2020-08-26,fire_24332803_2020-08-24_2020-08-26,2,4.0,5190,5124,0,0,0,0,0,0,0,0,0
fire_24332803,2020-08-25,fire_24332803_2020-08-25_2020-08-27,0,2.0,4162,1541,0,0,0,0,0,0,0,0,0
fire_24332803,2020-08-26,fire_24332803_2020-08-25_2020-08-27,1,3.0,5190,3486,0,0,0,0,0,0,0,0,0
fire_24332803,2020-08-27,fire_24332803_2020-08-25_2020-08-27,2,4.0,4534,4483,0,0,0,0,0,0,0,0,0
fire_24332803,2020-08-26,fire_24332803_2020-08-26_2020-08-28,0,2.0,5190,2060,0,0,0,0,0,0,0,0,0
fire_24332803,2020-08-27,fire_24332803_2020-08-26_2020-08-28,1,3.0,4534,2971,0,0,0,0,0,0,0,0,0
fire_24332803,2020-08-28,fire_24332803_2020-08-26_2020-08-28,2,4.0,1325,1259,0,0,0,0,0,0,0,0,0
fire_24332803,2020-08-27,fire_24332803_2020-08-27_2020-08-29,0,2.0,4534,1707,0,0,0,0,0,0,0,0,0
fire_24332803,2020-08-28,fire_24332803_2020-08-27_2020-08-29,1,3.0,1325,810,0,0,0,0,0,0,0,0,0
fire_24332803,2020-08-29,fire_24332803_2020-08-27_2020-08-29,2,4.0,1772,1706,0,0,0,0,0,0,0,0,0
fire_24332803,2020-08-28,fire_24332803_2020-08-28_2020-08-30,0,2.0,1325,444,0,0,0,0,0,0,0,0,0
fire_24332803,2020-08-29,fire_24332803_2020-08-28_2020-08-30,1,3.0,1772,1084,0,0,0,0,0,0,0,0,0
fire_24332803,2020-08-30,fire_24332803_2020-08-28_2020-08-30,2,4.0,1814,1748,0,0,0,0,0,0,0,0,0
fire_24332803,2020-08-29,fire_24332803_2020-08-29_2020-08-31,0,2.0,1772,591,0,0,0,0,0,0,0,0,0
fire_24332803,2020-08-30,fire_24332803_2020-08-29_2020-08-31,1,3.0,1814,1109,0,0,0,0,0,0,0,0,0
fire_24332803,2020-08-31,fire_24332803_2020-08-29_2020-08-31,2,4.0,462,396,0,0,0,0,0,0,0,0,0
fire_24332808,2020-08-22,fire_24332808_2020-08-22_2020-08-24,0,2.0,846,278,0,0,0,0,0,0,0,0,0
fire_24332808,2020-08-23,fire_24332808_2020-08-22_2020-08-24,1,3.0,376,198,0,0,0,0,0,0,0,0,0
fire_24332808,2020-08-24,fire_24332808_2020-08-22_2020-08-24,2,4.0,510,444,0,0,0,0,0,0,0,0,0
fire_24332808,2020-08-23,fire_24332808_2020-08-23_2020-08-25,0,2.0,376,109,0,0,0,0,0,0,0,0,0
fire_24332808,2020-08-24,fire_24332808_2020-08-23_2020-08-25,1,3.0,510,264,0,0,0,0,0,0,0,0,0
fire_24332808,2020-08-25,fire_24332808_2020-08-23_2020-08-25,2,4.0,579,579,0,0,0,0,0,0,0,0,0
fire_24332808,2020-08-24,fire_24332808_2020-08-24_2020-08-26,0,2.0,510,131,0,0,0,0,0,0,0,0,0
fire_24332808,2020-08-25,fire_24332808_2020-08-24_2020-08-26,1,3.0,579,367,0,0,0,0,0,0,0,0,0
fire_24332808,2020-08-26,fire_24332808_2020-08-24_2020-08-26,2,4.0,590,577,0,0,0,0,0,0,0,0,0
fire_24332808,2020-08-25,fire_24332808_2020-08-25_2020-08-27,0,2.0,579,199,0,0,0,0,0,0,0,0,0
fire_24332808,2020-08-26,fire_24332808_2020-08-25_2020-08-27,1,3.0,590,363,0,0,0,0,0,0,0,0,0
fire_24332808,2020-08-27,fire_24332808_2020-08-25_2020-08-27,2,4.0,995,993,0,0,0,0,0,0,0,0,0
fire_24332808,2020-08-26,fire_24332808_2020-08-26_2020-08-28,0,2.0,590,198,0,0,0,0,0,0,0,0,0
fire_24332808,2020-08-27,fire_24332808_2020-08-26_2020-08-28,1,3.0,995,680,0,0,0,0,0,0,0,0,0
fire_24332808,2020-08-28,fire_24332808_2020-08-26_2020-08-28,2,4.0,725,659,0,0,0,0,0,0,0,0,0
fire_24332808,2020-08-27,fire_24332808_2020-08-27_2020-08-29,0,2.0,995,413,0,0,0,0,0,0,0,0,0
fire_24332808,2020-08-28,fire_24332808_2020-08-27_2020-08-29,1,3.0,725,425,0,0,0,0,0,0,0,0,0
fire_24332808,2020-08-29,fire_24332808_2020-08-27_2020-08-29,2,4.0,572,506,0,0,0,0,0,0,0,0,0
fire_24332815,2020-08-27,fire_24332815_2020-08-27_2020-08-30,0,2.0,1740,676,0,0,0,0,0,0,0,0,0
fire_24332815,2020-08-29,fire_24332815_2020-08-27_2020-08-30,1,3.0,510,264,0,0,0,0,0,0,0,0,0
fire_24332815,2020-08-30,fire_24332815_2020-08-27_2020-08-30,2,4.0,482,416,0,0,0,0,0,0,0,0,0
fire_24332815,2020-08-29,fire_24332815_2020-08-29_2020-08-31,0,2.0,510,131,0,0,0,0,0,0,0,0,0
fire_24332815,2020-08-30,fire_24332815_2020-08-29_2020-08-31,1,3.0,482,244,0,0,0,0,0,0,0,0,0
fire_24332815,2020-08-31,fire_24332815_2020-08-29_2020-08-31,2,4.0,462,396,0,0,0,0,0,0,0,0,0
fire_24332815,2020-08-30,fire_24332815_2020-08-30_2020-09-01,0,2.0,482,118,0,0,0,0,0,0,0,0,0
fire_24332815,2020-08-31,fire_24332815_2020-08-30_2020-09-01,1,3.0,462,228,0,0,0,0,0,0,0,0,0
fire_24332815,2020-09-01,fire_24332815_2020-08-30_2020-09-01,2,4.0,482,416,0,0,0,0,0,0,0,0,0
fire_24332815,2020-08-31,fire_24332815_2020-08-31_2020-09-04,0,2.0,462,108,0,0,0,0,0,0,0,0,0
fire_24332815,2020-09-01,fire_24332815_2020-08-31_2020-09-04,1,3.0,482,240,0,0,0,0,0,0,0,0,0
fire_24332815,2020-09-04,fire_24332815_2020-08-31_2020-09-04,2,4.0,462,396,0,0,0,0,0,0,0,0,0
fire_24332815,2020-09-01,fire_24332815_2020-09-01_2020-09-05,0,2.0,482,116,0,0,0,0,0,0,0,0,0
fire_24332815,2020-09-04,fire_24332815_2020-09-01_2020-09-05,1,3.0,462,228,0,0,0,0,0,0,0,0,0
fire_24332815,2020-09-05,fire_24332815_2020-09-01_2020-09-05,2,4.0,462,396,0,0,0,0,0,0,0,0,0
fire_24332815,2020-09-04,fire_24332815_2020-09-04_2020-09-06,0,2.0,462,108,0,0,0,0,0,0,0,0,0
fire_24332815,2020-09-05,fire_24332815_2020-09-04_2020-09-06,1,3.0,462,228,0,0,0,0,0,0,0,0,0
fire_24332815,2020-09-06,fire_24332815_2020-09-04_2020-09-06,2,4.0,542,476,0,0,0,0,0,0,0,0,0
fire_24332872,2020-09-02,fire_24332872_2020-09-02_2020-09-08,0,2.0,66,0,0,0,0,0,0,0,0,0,0
fire_24332872,2020-09-06,fire_24332872_2020-09-02_2020-09-08,1,3.0,66,0,0,0,0,0,0,0,0,0,0
fire_24332872,2020-09-08,fire_24332872_2020-09-02_2020-09-08,2,4.0,1231,1231,0,0,0,0,0,0,0,0,0
fire_24332872,2020-09-06,fire_24332872_2020-09-06_2020-09-09,0,2.0,66,0,0,0,0,0,0,0,0,0,0
fire_24332872,2020-09-08,fire_24332872_2020-09-06_2020-09-09,1,3.0,1231,788,0,0,0,0,0,0,0,0,0
fire_24332872,2020-09-09,fire_24332872_2020-09-06_2020-09-09,2,4.0,5858,5857,0,0,0,0,0,0,0,0,0
fire_24332872,2020-09-08,fire_24332872_2020-09-08_2020-09-10,0,2.0,1231,434,0,0,0,0,0,0,0,0,0
fire_24332872,2020-09-09,fire_24332872_2020-09-08_2020-09-10,1,3.0,5858,4755,0,0,0,0,0,0,0,0,0
fire_24332872,2020-09-10,fire_24332872_2020-09-08_2020-09-10,2,4.0,3489,3451,0,0,0,0,0,0,0,0,0
fire_24332872,2020-09-09,fire_24332872_2020-09-09_2020-09-11,0,2.0,5858,3441,0,0,0,0,0,0,0,0,0
fire_24332872,2020-09-10,fire_24332872_2020-09-09_2020-09-11,1,3.0,3489,2315,0,0,0,0,0,0,0,0,0
fire_24332872,2020-09-11,fire_24332872_2020-09-09_2020-09-11,2,4.0,567,512,0,0,0,0,0,0,0,0,0
fire_24332880,2020-08-27,fire_24332880_2020-08-27_2020-08-31,0,2.0,789,224,8,0,8,0,0,8,0,0,0
fire_24332880,2020-08-28,fire_24332880_2020-08-27_2020-08-31,1,3.0,502,260,0,8,0,0,8,0,0,8,0
fire_24332880,2020-08-31,fire_24332880_2020-08-27_2020-08-31,2,4.0,462,396,0,0,0,0,0,0,0,0,0
fire_24332880,2020-08-28,fire_24332880_2020-08-28_2020-09-02,0,2.0,502,128,0,0,0,0,0,0,0,0,0
fire_24332880,2020-08-31,fire_24332880_2020-08-28_2020-09-02,1,3.0,462,228,0,0,0,0,0,0,0,0,0
fire_24332880,2020-09-02,fire_24332880_2020-08-28_2020-09-02,2,4.0,1163,1163,3,0,3,0,0,3,0,0,0
fire_24332880,2020-08-31,fire_24332880_2020-08-31_2020-09-03,0,2.0,462,108,0,0,0,0,0,0,0,0,0
fire_24332880,2020-09-02,fire_24332880_2020-08-31_2020-09-03,1,3.0,1163,812,3,0,3,0,0,3,0,0,0
fire_24332880,2020-09-03,fire_24332880_2020-08-31_2020-09-03,2,4.0,3029,3029,39,3,39,0,3,39,0,3,0
fire_24332880,2020-09-02,fire_24332880_2020-09-02_2020-09-04,0,2.0,1163,507,3,0,3,0,0,3,0,0,0
fire_24332880,2020-09-03,fire_24332880_2020-09-02_2020-09-04,1,3.0,3029,2407,39,3,39,0,3,39,0,3,0
fire_24332880,2020-09-04,fire_24332880_2020-09-02_2020-09-04,2,4.0,3439,3439,72,39,72,0,39,72,0,27,12
fire_24332880,2020-09-03,fire_24332880_2020-09-03_2020-09-05,0,2.0,3029,1819,39,0,39,0,0,39,0,0,0
fire_24332880,2020-09-04,fire_24332880_2020-09-03_2020-09-05,1,3.0,3439,2688,72,39,72,0,39,72,0,27,12
fire_24332880,2020-09-05,fire_24332880_2020-09-03_2020-09-05,2,4.0,3609,3609,54,72,49,5,67,54,0,19,48
fire_24332880,2020-09-04,fire_24332880_2020-09-04_2020-09-06,0,2.0,3439,1831,72,0,72,0,0,72,0,0,0
fire_24332880,2020-09-05,fire_24332880_2020-09-04_2020-09-06,1,3.0,3609,2612,54,72,49,5,67,54,0,19,48
fire_24332880,2020-09-06,fire_24332880_2020-09-04_2020-09-06,2,4.0,1668,1667,34,54,24,10,44,34,0,11,33
fire_24332880,2020-09-05,fire_24332880_2020-09-05_2020-09-07,0,2.0,3609,1663,54,0,54,0,0,54,0,0,0
fire_24332880,2020-09-06,fire_24332880_2020-09-05_2020-09-07,1,3.0,1668,1071,34,54,24,10,44,34,0,11,33
fire_24332880,2020-09-07,fire_24332880_2020-09-05_2020-09-07,2,4.0,846,838,8,34,6,2,32,8,0,6,26
fire_24332880,2020-09-06,fire_24332880_2020-09-06_2020-09-08,0,2.0,1668,595,34,0,34,0,0,34,0,0,0
fire_24332880,2020-09-07,fire_24332880_2020-09-06_2020-09-08,1,3.0,846,490,8,34,6,2,32,8,0,13,19
fire_24332880,2020-09-08,fire_24332880_2020-09-06_2020-09-08,2,4.0,888,822,0,8,0,0,8,0,0,8,0
fire_24332880,2020-09-07,fire_24332880_2020-09-07_2020-09-11,0,2.0,846,238,8,0,8,0,0,8,0,0,0
fire_24332880,2020-09-08,fire_24332880_2020-09-07_2020-09-11,1,3.0,888,478,0,8,0,0,8,0,0,8,0
fire_24332880,2020-09-11,fire_24332880_2020-09-07_2020-09-11,2,4.0,462,396,0,0,0,0,0,0,0,0,0
fire_24332922,2020-08-29,fire_24332922_2020-08-29_2020-08-31,0,2.0,482,118,10,0,10,0,0,10,0,0,0
fire_24332922,2020-08-30,fire_24332922_2020-08-29_2020-08-31,1,3.0,547,293,15,10,12,3,7,15,0,7,0
fire_24332922,2020-08-31,fire_24332922_2020-08-29_2020-08-31,2,4.0,665,599,27,15,24,3,12,27,0,10,2
fire_24332922,2020-08-30,fire_24332922_2020-08-30_2020-09-02,0,2.0,547,149,15,0,15,0,0,15,0,0,0
fire_24332922,2020-08-31,fire_24332922_2020-08-30_2020-09-02,1,3.0,665,381,27,15,24,3,12,27,0,10,2
fire_24332922,2020-09-02,fire_24332922_2020-08-30_2020-09-02,2,4.0,66,0,0,27,0,0,27,0,0,27,0
fire_24332922,2020-08-31,fire_24332922_2020-08-31_2020-09-03,0,2.0,665,208,27,0,27,0,0,27,0,0,0
fire_24332922,2020-09-02,fire_24332922_2020-08-31_2020-09-03,1,3.0,66,0,0,27,0,0,27,0,0,27,0
fire_24332922,2020-09-03,fire_24332922_2020-08-31_2020-09-03,2,4.0,66,0,0,0,0,0,0,0,0,0,0
fire_24332922,2020-09-02,fire_24332922_2020-09-02_2020-09-04,0,2.0,66,0,0,0,0,0,0,0,0,0,0
fire_24332922,2020-09-03,fire_24332922_2020-09-02_2020-09-04,1,3.0,66,0,0,0,0,0,0,0,0,0,0
fire_24332922,2020-09-04,fire_24332922_2020-09-02_2020-09-04,2,4.0,609,543,24,0,24,0,0,24,0,0,0
fire_24332922,2020-09-03,fire_24332922_2020-09-03_2020-09-05,0,2.0,66,0,0,0,0,0,0,0,0,0,0
fire_24332922,2020-09-04,fire_24332922_2020-09-03_2020-09-05,1,3.0,609,338,24,0,24,0,0,24,0,0,0
fire_24332922,2020-09-05,fire_24332922_2020-09-03_2020-09-05,2,4.0,800,734,42,24,38,4,20,42,0,15,5
fire_24332922,2020-09-04,fire_24332922_2020-09-04_2020-09-06,0,2.0,609,180,24,0,24,0,0,24,0,0,0
fire_24332922,2020-09-05,fire_24332922_2020-09-04_2020-09-06,1,3.0,800,484,42,24,38,4,20,42,0,15,5
fire_24332922,2020-09-06,fire_24332922_2020-09-04_2020-09-06,2,4.0,790,790,53,42,41,12,30,53,0,20,10
fire_24332922,2020-09-05,fire_24332922_2020-09-05_2020-09-07,0,2.0,800,277,42,0,42,0,0,42,0,0,0
fire_24332922,2020-09-06,fire_24332922_2020-09-05_2020-09-07,1,3.0,790,529,53,42,41,12,30,53,0,20,10
fire_24332922,2020-09-07,fire_24332922_2020-09-05_2020-09-07,2,4.0,1695,1695,45,53,41,4,49,45,0,23,26
fire_24332922,2020-09-06,fire_24332922_2020-09-06_2020-09-08,0,2.0,790,309,53,0,53,0,0,53,0,0,0
fire_24332922,2020-09-07,fire_24332922_2020-09-06_2020-09-08,1,3.0,1695,1104,45,53,41,4,49,45,0,23,26
fire_24332922,2020-09-08,fire_24332922_2020-09-06_2020-09-08,2,4.0,1398,1398,0,45,0,0,45,0,0,15,30
fire_24332922,2020-09-07,fire_24332922_2020-09-07_2020-09-09,0,2.0,1695,636,45,0,45,0,0,45,0,0,0
fire_24332922,2020-09-08,fire_24332922_2020-09-07_2020-09-09,1,3.0,1398,972,0,45,0,0,45,0,0,15,30
fire_24332922,2020-09-09,fire_24332922_2020-09-07_2020-09-09,2,4.0,474,436,0,0,0,0,0,0,0,0,0
fire_24332922,2020-09-08,fire_24332922_2020-09-08_2020-09-10,0,2.0,1398,610,0,0,0,0,0,0,0,0,0
fire_24332922,2020-09-09,fire_24332922_2020-09-08_2020-09-10,1,3.0,474,260,0,0,0,0,0,0,0,0,0
fire_24332922,2020-09-10,fire_24332922_2020-09-08_2020-09-10,2,4.0,935,935,35,0,35,0,0,35,0,0,0
fire_24332922,2020-09-09,fire_24332922_2020-09-09_2020-09-11,0,2.0,474,128,0,0,0,0,0,0,0,0,0
fire_24332922,2020-09-10,fire_24332922_2020-09-09_2020-09-11,1,3.0,935,635,35,0,35,0,0,35,0,0,0
fire_24332922,2020-09-11,fire_24332922_2020-09-09_2020-09-11,2,4.0,1030,1030,45,35,30,15,20,45,0,5,15
fire_24332922,2020-09-10,fire_24332922_2020-09-10_2020-09-12,0,2.0,935,368,35,0,35,0,0,35,0,0,0
fire_24332922,2020-09-11,fire_24332922_2020-09-10_2020-09-12,1,3.0,1030,694,45,35,30,15,20,45,0,6,14
fire_24332922,2020-09-12,fire_24332922_2020-09-10_2020-09-12,2,4.0,1250,1250,96,45,80,16,29,96,0,17,12
fire_24332922,2020-09-11,fire_24332922_2020-09-11_2020-09-13,0,2.0,1030,377,45,0,45,0,0,45,0,0,0
fire_24332922,2020-09-12,fire_24332922_2020-09-11_2020-09-13,1,3.0,1250,900,96,45,80,16,29,96,0,17,12
fire_24332922,2020-09-13,fire_24332922_2020-09-11_2020-09-13,2,4.0,1213,1213,105,96,64,41,55,105,0,17,38
fire_24332922,2020-09-12,fire_24332922_2020-09-12_2020-09-14,0,2.0,1250,589,96,0,96,0,0,96,0,0,0
fire_24332922,2020-09-13,fire_24332922_2020-09-12_2020-09-14,1,3.0,1213,875,105,96,64,41,55,105,0,17,38
fire_24332922,2020-09-14,fire_24332922_2020-09-12_2020-09-14,2,4.0,1294,1294,125,105,82,43,62,125,0,21,41
fire_24332922,2020-09-13,fire_24332922_2020-09-13_2020-09-15,0,2.0,1213,576,105,0,105,0,0,105,0,0,0
fire_24332922,2020-09-14,fire_24332922_2020-09-13_2020-09-15,1,3.0,1294,937,125,105,82,43,62,125,0,21,41
fire_24332922,2020-09-15,fire_24332922_2020-09-13_2020-09-15,2,4.0,1906,1906,211,125,173,38,87,211,0,34,53
fire_24332922,2020-09-14,fire_24332922_2020-09-14_2020-09-16,0,2.0,1294,616,125,0,125,0,0,125,0,0,0
fire_24332922,2020-09-15,fire_24332922_2020-09-14_2020-09-16,1,3.0,1906,1365,211,125,173,38,87,211,0,39,48
fire_24332922,2020-09-16,fire_24332922_2020-09-14_2020-09-16,2,4.0,2625,2625,261,211,193,68,143,261,0,111,32
fire_24332922,2020-09-15,fire_24332922_2020-09-15_2020-09-17,0,2.0,1906,885,211,0,211,0,0,211,0,0,0
fire_24332922,2020-09-16,fire_24332922_2020-09-15_2020-09-17,1,3.0,2625,1911,261,211,193,68,143,261,0,113,30
fire_24332922,2020-09-17,fire_24332922_2020-09-15_2020-09-17,2,4.0,2409,2409,238,261,127,111,150,238,0,46,104
fire_24332922,2020-09-16,fire_24332922_2020-09-16_2020-09-18,0,2.0,2625,1242,261,0,261,0,0,261,0,0,0
fire_24332922,2020-09-17,fire_24332922_2020-09-16_2020-09-18,1,3.0,2409,1740,238,261,127,111,150,238,0,52,98
fire_24332922,2020-09-18,fire_24332922_2020-09-16_2020-09-18,2,4.0,2512,2502,246,238,160,86,152,246,0,52,100
fire_24332922,2020-09-17,fire_24332922_2020-09-17_2020-09-19,0,2.0,2409,1115,238,0,238,0,0,238,0,0,0
fire_24332922,2020-09-18,fire_24332922_2020-09-17_2020-09-19,1,3.0,2512,1856,246,238,160,86,152,246,0,52,100
fire_24332922,2020-09-19,fire_24332922_2020-09-17_2020-09-19,2,4.0,2612,2546,0,246,0,0,246,0,0,36,210
fire_24332923,2020-08-19,fire_24332923_2020-08-19_2020-08-21,0,2.0,1245,398,1,0,1,0,0,1,0,0,0
fire_24332923,2020-08-20,fire_24332923_2020-08-19_2020-08-21,1,3.0,2348,1525,42,1,42,0,1,42,0,1,0
fire_24332923,2020-08-21,fire_24332923_2020-08-19_2020-08-21,2,4.0,1200,1134,5,42,4,1,41,5,0,20,21
fire_24332923,2020-08-20,fire_24332923_2020-08-20_2020-08-22,0,2.0,2348,860,42,0,42,0,0,42,0,0,0
fire_24332923,2020-08-21,fire_24332923_2020-08-20_2020-08-22,1,3.0,1200,683,5,42,4,1,41,5,0,20,21
fire_24332923,2020-08-22,fire_24332923_2020-08-20_2020-08-22,2,4.0,1825,1791,2,5,2,0,5,2,0,1,4
fire_24332923,2020-08-21,fire_24332923_2020-08-21_2020-08-23,0,2.0,1200,342,5,0,5,0,0,5,0,0,0
fire_24332923,2020-08-22,fire_24332923_2020-08-21_2020-08-23,1,3.0,1825,1238,2,5,2,0,5,2,0,1,4
fire_24332923,2020-08-23,fire_24332923_2020-08-21_2020-08-23,2,4.0,1823,1819,0,2,0,0,2,0,0,0,2
fire_24332923,2020-08-22,fire_24332923_2020-08-22_2020-08-24,0,2.0,1825,719,2,0,2,0,0,2,0,0,0
fire_24332923,2020-08-23,fire_24332923_2020-08-22_2020-08-24,1,3.0,1823,1271,0,2,0,0,2,0,0,0,2
fire_24332923,2020-08-24,fire_24332923_2020-08-22_2020-08-24,2,4.0,1569,1503,0,0,0,0,0,0,0,0,0
fire_24332923,2020-08-23,fire_24332923_2020-08-23_2020-08-25,0,2.0,1823,759,0,0,0,0,0,0,0,0,0
fire_24332923,2020-08-24,fire_24332923_2020-08-23_2020-08-25,1,3.0,1569,974,0,0,0,0,0,0,0,0,0
fire_24332923,2020-08-25,fire_24332923_2020-08-23_2020-08-25,2,4.0,1875,1809,94,0,94,0,0,94,0,0,0
fire_24332923,2020-08-24,fire_24332923_2020-08-24_2020-08-26,0,2.0,1569,540,0,0,0,0,0,0,0,0,0
fire_24332923,2020-08-25,fire_24332923_2020-08-24_2020-08-26,1,3.0,1875,1251,94,0,94,0,0,94,0,0,0
fire_24332923,2020-08-26,fire_24332923_2020-08-24_2020-08-26,2,4.0,1687,1621,83,94,68,15,79,83,0,21,58
fire_24332923,2020-08-25,fire_24332923_2020-08-25_2020-08-27,0,2.0,1875,740,94,0,94,0,0,94,0,0,0
fire_24332923,2020-08-26,fire_24332923_2020-08-25_2020-08-27,1,3.0,1687,1050,83,94,68,15,79,83,0,29,50
fire_24332923,2020-08-27,fire_24332923_2020-08-25_2020-08-27,2,4.0,2604,2582,118,83,91,27,56,118,0,29,27
fire_24332923,2020-08-26,fire_24332923_2020-08-26_2020-08-28,0,2.0,1687,595,83,0,83,0,0,83,0,0,0
fire_24332923,2020-08-27,fire_24332923_2020-08-26_2020-08-28,1,3.0,2604,1765,118,83,91,27,56,118,0,29,27
fire_24332923,2020-08-28,fire_24332923_2020-08-26_2020-08-28,2,4.0,1871,1871,114,118,79,35,83,114,0,35,48
fire_24332923,2020-08-27,fire_24332923_2020-08-27_2020-08-29,0,2.0,2604,1027,118,0,118,0,0,118,0,0,0
fire_24332923,2020-08-28,fire_24332923_2020-08-27_2020-08-29,1,3.0,1871,1273,114,118,79,35,83,114,0,35,48
fire_24332923,2020-08-29,fire_24332923_2020-08-27_2020-08-29,2,4.0,2037,2037,2,114,2,0,114,2,0,37,77
fire_24332923,2020-08-28,fire_24332923_2020-08-28_2020-08-30,0,2.0,1871,763,114,0,114,0,0,114,0,0,0
fire_24332923,2020-08-29,fire_24332923_2020-08-28_2020-08-30,1,3.0,2037,1399,2,114,2,0,114,2,0,40,74
fire_24332923,2020-08-30,fire_24332923_2020-08-28_2020-08-30,2,4.0,1924,1924,155,2,154,1,1,155,0,0,1
fire_24332923,2020-08-29,fire_24332923_2020-08-29_2020-08-31,0,2.0,2037,828,2,0,2,0,0,2,0,0,0
fire_24332923,2020-08-30,fire_24332923_2020-08-29_2020-08-31,1,3.0,1924,1377,155,2,154,1,1,155,0,0,1
fire_24332923,2020-08-31,fire_24332923_2020-08-29_2020-08-31,2,4.0,2218,2218,114,155,67,47,108,114,0,31,77
fire_24332923,2020-08-30,fire_24332923_2020-08-30_2020-09-01,0,2.0,1924,869,155,0,155,0,0,155,0,0,0
fire_24332923,2020-08-31,fire_24332923_2020-08-30_2020-09-01,1,3.0,2218,1588,114,155,67,47,108,114,0,31,77
fire_24332923,2020-09-01,fire_24332923_2020-08-30_2020-09-01,2,4.0,569,532,13,114,10,3,111,13,0,46,65
fire_24332923,2020-08-31,fire_24332923_2020-08-31_2020-09-02,0,2.0,2218,982,114,0,114,0,0,114,0,0,0
fire_24332923,2020-09-01,fire_24332923_2020-08-31_2020-09-02,1,3.0,569,330,13,114,10,3,111,13,0,61,50
fire_24332923,2020-09-02,fire_24332923_2020-08-31_2020-09-02,2,4.0,677,676,5,13,5,0,13,5,0,6,7
fire_24332923,2020-09-01,fire_24332923_2020-09-01_2020-09-03,0,2.0,569,176,13,0,13,0,0,13,0,0,0
fire_24332923,2020-09-02,fire_24332923_2020-09-01_2020-09-03,1,3.0,677,439,5,13,5,0,13,5,0,6,7
fire_24332923,2020-09-03,fire_24332923_2020-09-01_2020-09-03,2,4.0,730,730,45,5,41,4,1,45,0,1,0
fire_24332923,2020-09-02,fire_24332923_2020-09-02_2020-09-04,0,2.0,677,249,5,0,5,0,0,5,0,0,0
fire_24332923,2020-09-03,fire_24332923_2020-09-02_2020-09-04,1,3.0,730,482,45,5,41,4,1,45,0,1,0
fire_24332923,2020-09-04,fire_24332923_2020-09-02_2020-09-04,2,4.0,623,623,8,45,5,3,42,8,0,5,37
fire_24332923,2020-09-03,fire_24332923_2020-09-03_2020-09-05,0,2.0,730,279,45,0,45,0,0,45,0,0,0
fire_24332923,2020-09-04,fire_24332923_2020-09-03_2020-09-05,1,3.0,623,399,8,45,5,3,42,8,0,5,37
fire_24332923,2020-09-05,fire_24332923_2020-09-03_2020-09-05,2,4.0,596,579,0,8,0,0,8,0,0,3,5
fire_24332923,2020-09-04,fire_24332923_2020-09-04_2020-09-06,0,2.0,623,220,8,0,8,0,0,8,0,0,0
fire_24332923,2020-09-05,fire_24332923_2020-09-04_2020-09-06,1,3.0,596,366,0,8,0,0,8,0,0,3,5
fire_24332923,2020-09-06,fire_24332923_2020-09-04_2020-09-06,2,4.0,1562,1524,42,0,42,0,0,42,0,0,0
fire_24332923,2020-09-05,fire_24332923_2020-09-05_2020-09-07,0,2.0,596,201,0,0,0,0,0,0,0,0,0
fire_24332923,2020-09-06,fire_24332923_2020-09-05_2020-09-07,1,3.0,1562,952,42,0,42,0,0,42,0,0,0
fire_24332923,2020-09-07,fire_24332923_2020-09-05_2020-09-07,2,4.0,888,884,34,42,34,0,42,34,0,33,9
fire_24332923,2020-09-06,fire_24332923_2020-09-06_2020-09-08,0,2.0,1562,484,42,0,42,0,0,42,0,0,0
fire_24332923,2020-09-07,fire_24332923_2020-09-06_2020-09-08,1,3.0,888,563,34,42,34,0,42,34,0,33,9
fire_24332923,2020-09-08,fire_24332923_2020-09-06_2020-09-08,2,4.0,646,646,0,34,0,0,34,0,0,25,9
fire_24332923,2020-09-07,fire_24332923_2020-09-07_2020-09-09,0,2.0,888,306,34,0,34,0,0,34,0,0,0
fire_24332923,2020-09-08,fire_24332923_2020-09-07_2020-09-09,1,3.0,646,458,0,34,0,0,34,0,0,25,9
fire_24332923,2020-09-09,fire_24332923_2020-09-07_2020-09-09,2,4.0,1055,1055,32,0,32,0,0,32,0,0,0
fire_24332923,2020-09-08,fire_24332923_2020-09-08_2020-09-10,0,2.0,646,288,0,0,0,0,0,0,0,0,0
fire_24332923,2020-09-09,fire_24332923_2020-09-08_2020-09-10,1,3.0,1055,800,32,0,32,0,0,32,0,0,0
fire_24332923,2020-09-10,fire_24332923_2020-09-08_2020-09-10,2,4.0,1658,1658,140,32,133,7,25,140,0,10,15
fire_24332923,2020-09-09,fire_24332923_2020-09-09_2020-09-11,0,2.0,1055,553,32,0,32,0,0,32,0,0,0
fire_24332923,2020-09-10,fire_24332923_2020-09-09_2020-09-11,1,3.0,1658,1397,140,32,133,7,25,140,0,10,15
fire_24332923,2020-09-11,fire_24332923_2020-09-09_2020-09-11,2,4.0,2107,2107,64,140,43,21,119,64,0,25,94
fire_24332925,2020-08-12,fire_24332925_2020-08-12_2020-08-14,0,2.0,842,345,71,0,71,0,0,71,0,0,0
fire_24332925,2020-08-13,fire_24332925_2020-08-12_2020-08-14,1,3.0,869,587,96,71,78,18,53,96,0,24,29
fire_24332925,2020-08-14,fire_24332925_2020-08-12_2020-08-14,2,4.0,954,954,82,96,63,19,77,82,0,41,36
fire_24332925,2020-08-13,fire_24332925_2020-08-13_2020-08-15,0,2.0,869,349,96,0,96,0,0,96,0,0,0
fire_24332925,2020-08-14,fire_24332925_2020-08-13_2020-08-15,1,3.0,954,657,82,96,63,19,77,82,0,41,36
fire_24332925,2020-08-15,fire_24332925_2020-08-13_2020-08-15,2,4.0,1030,1030,40,82,32,8,74,40,0,10,64
fire_24332925,2020-08-14,fire_24332925_2020-08-14_2020-08-16,0,2.0,954,397,82,0,82,0,0,82,0,0,0
fire_24332925,2020-08-15,fire_24332925_2020-08-14_2020-08-16,1,3.0,1030,697,40,82,32,8,74,40,0,10,64
fire_24332925,2020-08-16,fire_24332925_2020-08-14_2020-08-16,2,4.0,1218,1218,111,40,90,21,19,111,0,11,8
fire_24332925,2020-08-15,fire_24332925_2020-08-15_2020-08-17,0,2.0,1030,388,40,0,40,0,0,40,0,0,0
fire_24332925,2020-08-16,fire_24332925_2020-08-15_2020-08-17,1,3.0,1218,865,111,40,90,21,19,111,0,11,8
fire_24332925,2020-08-17,fire_24332925_2020-08-15_2020-08-17,2,4.0,1185,1174,96,111,60,36,75,96,0,24,51
fire_24332925,2020-08-16,fire_24332925_2020-08-16_2020-08-18,0,2.0,1218,552,111,0,111,0,0,111,0,0,0
fire_24332925,2020-08-17,fire_24332925_2020-08-16_2020-08-18,1,3.0,1185,832,96,111,60,36,75,96,0,24,51
fire_24332925,2020-08-18,fire_24332925_2020-08-16_2020-08-18,2,4.0,1293,1293,120,96,96,24,72,120,0,21,51
fire_24332925,2020-08-17,fire_24332925_2020-08-17_2020-08-19,0,2.0,1185,530,96,0,96,0,0,96,0,0,0
fire_24332925,2020-08-18,fire_24332925_2020-08-17_2020-08-19,1,3.0,1293,935,120,96,96,24,72,120,0,21,51
fire_24332925,2020-08-19,fire_24332925_2020-08-17_2020-08-19,2,4.0,938,938,75,120,53,22,98,75,0,18,80
fire_24332925,2020-08-18,fire_24332925_2020-08-18_2020-08-21,0,2.0,1293,622,120,0,120,0,0,120,0,0,0
fire_24332925,2020-08-19,fire_24332925_2020-08-18_2020-08-21,1,3.0,938,648,75,120,53,22,98,75,0,24,74
fire_24332925,2020-08-21,fire_24332925_2020-08-18_2020-08-21,2,4.0,873,873,51,75,40,11,64,51,0,12,52
fire_24332925,2020-08-19,fire_24332925_2020-08-19_2020-08-22,0,2.0,938,398,75,0,75,0,0,75,0,0,0
fire_24332925,2020-08-21,fire_24332925_2020-08-19_2020-08-22,1,3.0,873,586,51,75,40,11,64,51,0,24,40
fire_24332925,2020-08-22,fire_24332925_2020-08-19_2020-08-22,2,4.0,812,812,94,51,75,19,32,94,0,18,14
fire_24332925,2020-08-21,fire_24332925_2020-08-21_2020-08-23,0,2.0,873,338,51,0,51,0,0,51,0,0,0
fire_24332925,2020-08-22,fire_24332925_2020-08-21_2020-08-23,1,3.0,812,544,94,51,75,19,32,94,0,18,14
fire_24332925,2020-08-23,fire_24332925_2020-08-21_2020-08-23,2,4.0,1155,1155,142,94,91,51,43,142,0,35,8
fire_24332925,2020-08-22,fire_24332925_2020-08-22_2020-08-24,0,2.0,812,319,94,0,94,0,0,94,0,0,0
fire_24332925,2020-08-23,fire_24332925_2020-08-22_2020-08-24,1,3.0,1155,821,142,94,91,51,43,142,0,35,8
fire_24332925,2020-08-24,fire_24332925_2020-08-22_2020-08-24,2,4.0,1078,1078,117,142,58,59,83,117,0,13,70
fire_24332925,2020-08-23,fire_24332925_2020-08-23_2020-08-25,0,2.0,1155,526,142,0,142,0,0,142,0,0,0
fire_24332925,2020-08-24,fire_24332925_2020-08-23_2020-08-25,1,3.0,1078,757,117,142,58,59,83,117,0,13,70
fire_24332925,2020-08-25,fire_24332925_2020-08-23_2020-08-25,2,4.0,911,845,60,117,39,21,96,60,0,21,75
fire_24332925,2020-08-24,fire_24332925_2020-08-24_2020-08-26,0,2.0,1078,480,117,0,117,0,0,117,0,0,0
fire_24332925,2020-08-25,fire_24332925_2020-08-24_2020-08-26,1,3.0,911,577,60,117,39,21,96,60,0,25,71
fire_24332925,2020-08-26,fire_24332925_2020-08-24_2020-08-26,2,4.0,396,396,0,60,0,0,60,0,0,5,55
fire_24332925,2020-08-25,fire_24332925_2020-08-25_2020-08-27,0,2.0,911,350,60,0,60,0,0,60,0,0,0
fire_24332925,2020-08-26,fire_24332925_2020-08-25_2020-08-27,1,3.0,396,228,0,60,0,0,60,0,0,14,46
fire_24332925,2020-08-27,fire_24332925_2020-08-25_2020-08-27,2,4.0,788,781,0,0,0,0,0,0,0,0,0
fire_24332925,2020-08-26,fire_24332925_2020-08-26_2020-08-29,0,2.0,396,108,0,0,0,0,0,0,0,0,0
fire_24332925,2020-08-27,fire_24332925_2020-08-26_2020-08-29,1,3.0,788,515,0,0,0,0,0,0,0,0,0
fire_24332925,2020-08-29,fire_24332925_2020-08-26_2020-08-29,2,4.0,462,396,8,0,8,0,0,8,0,0,0
fire_24332925,2020-08-27,fire_24332925_2020-08-27_2020-08-30,0,2.0,788,293,0,0,0,0,0,0,0,0,0
fire_24332925,2020-08-29,fire_24332925_2020-08-27_2020-08-30,1,3.0,462,228,8,0,8,0,0,8,0,0,0
fire_24332925,2020-08-30,fire_24332925_2020-08-27_2020-08-30,2,4.0,514,514,24,8,21,3,5,24,0,5,0
fire_24332925,2020-08-29,fire_24332925_2020-08-29_2020-08-31,0,2.0,462,108,8,0,8,0,0,8,0,0,0
fire_24332925,2020-08-30,fire_24332925_2020-08-29_2020-08-31,1,3.0,514,317,24,8,21,3,5,24,0,5,0
fire_24332925,2020-08-31,fire_24332925_2020-08-29_2020-08-31,2,4.0,549,510,18,24,10,8,16,18,0,5,11
fire_24332925,2020-08-30,fire_24332925_2020-08-30_2020-09-05,0,2.0,514,165,24,0,24,0,0,24,0,0,0
fire_24332925,2020-08-31,fire_24332925_2020-08-30_2020-09-05,1,3.0,549,314,18,24,10,8,16,18,0,5,11
fire_24332925,2020-09-05,fire_24332925_2020-08-30_2020-09-05,2,4.0,462,396,9,18,7,2,16,9,0,1,15
fire_24332925,2020-08-31,fire_24332925_2020-08-31_2020-09-06,0,2.0,549,163,18,0,18,0,0,18,0,0,0
fire_24332925,2020-09-05,fire_24332925_2020-08-31_2020-09-06,1,3.0,462,228,9,18,7,2,16,9,0,1,15
fire_24332925,2020-09-06,fire_24332925_2020-08-31_2020-09-06,2,4.0,1150,1150,83,9,81,2,7,83,0,7,0
fire_24332933,2020-08-18,fire_24332933_2020-08-18_2020-08-20,0,2.0,1283,384,0,0,0,0,0,0,0,0,0
fire_24332933,2020-08-19,fire_24332933_2020-08-18_2020-08-20,1,3.0,2080,1308,6,0,6,0,0,6,0,0,0
fire_24332933,2020-08-20,fire_24332933_2020-08-18_2020-08-20,2,4.0,4477,4477,99,6,98,1,5,99,0,5,0
fire_24332933,2020-08-19,fire_24332933_2020-08-19_2020-08-21,0,2.0,2080,689,6,0,6,0,0,6,0,0,0
fire_24332933,2020-08-20,fire_24332933_2020-08-19_2020-08-21,1,3.0,4477,2896,99,6,98,1,5,99,0,5,0
fire_24332933,2020-08-21,fire_24332933_2020-08-19_2020-08-21,2,4.0,2570,2570,20,99,17,3,96,20,0,48,48
fire_24332933,2020-08-20,fire_24332933_2020-08-20_2020-08-22,0,2.0,4477,1570,99,0,99,0,0,99,0,0,0
fire_24332933,2020-08-21,fire_24332933_2020-08-20_2020-08-22,1,3.0,2570,1596,20,99,17,3,96,20,0,48,48
fire_24332933,2020-08-22,fire_24332933_2020-08-20_2020-08-22,2,4.0,3409,3409,11,20,8,3,17,11,0,11,6
fire_24332933,2020-08-21,fire_24332933_2020-08-21_2020-08-23,0,2.0,2570,840,20,0,20,0,0,20,0,0,0
fire_24332933,2020-08-22,fire_24332933_2020-08-21_2020-08-23,1,3.0,3409,2295,11,20,8,3,17,11,0,11,6
fire_24332933,2020-08-23,fire_24332933_2020-08-21_2020-08-23,2,4.0,3213,3213,0,11,0,0,11,0,0,0,11
fire_24332933,2020-08-22,fire_24332933_2020-08-22_2020-08-24,0,2.0,3409,1317,11,0,11,0,0,11,0,0,0
fire_24332933,2020-08-23,fire_24332933_2020-08-22_2020-08-24,1,3.0,3213,2243,0,11,0,0,11,0,0,0,11
fire_24332933,2020-08-24,fire_24332933_2020-08-22_2020-08-24,2,4.0,2916,2916,0,0,0,0,0,0,0,0,0
fire_24332933,2020-08-23,fire_24332933_2020-08-23_2020-08-25,0,2.0,3213,1349,0,0,0,0,0,0,0,0,0
fire_24332933,2020-08-24,fire_24332933_2020-08-23_2020-08-25,1,3.0,2916,1949,0,0,0,0,0,0,0,0,0
fire_24332933,2020-08-25,fire_24332933_2020-08-23_2020-08-25,2,4.0,3138,3137,190,0,190,0,0,190,0,0,0
fire_24332933,2020-08-24,fire_24332933_2020-08-24_2020-08-26,0,2.0,2916,1137,0,0,0,0,0,0,0,0,0
fire_24332933,2020-08-25,fire_24332933_2020-08-24_2020-08-26,1,3.0,3138,2177,190,0,190,0,0,190,0,0,0
fire_24332933,2020-08-26,fire_24332933_2020-08-24_2020-08-26,2,4.0,2593,2593,167,190,126,41,149,167,0,44,105
fire_24332933,2020-08-25,fire_24332933_2020-08-25_2020-08-27,0,2.0,3138,1309,190,0,190,0,0,190,0,0,0
fire_24332933,2020-08-26,fire_24332933_2020-08-25_2020-08-27,1,3.0,2593,1704,167,190,126,41,149,167,0,67,82
fire_24332933,2020-08-27,fire_24332933_2020-08-25_2020-08-27,2,4.0,4181,4164,180,167,121,59,108,180,0,60,48
fire_24332933,2020-08-26,fire_24332933_2020-08-26_2020-08-28,0,2.0,2593,966,167,0,167,0,0,167,0,0,0
fire_24332933,2020-08-27,fire_24332933_2020-08-26_2020-08-28,1,3.0,4181,2786,180,167,121,59,108,180,0,60,48
fire_24332933,2020-08-28,fire_24332933_2020-08-26_2020-08-28,2,4.0,3268,3268,168,180,115,53,127,168,0,63,64
fire_24332933,2020-08-27,fire_24332933_2020-08-27_2020-08-29,0,2.0,4181,1582,180,0,180,0,0,180,0,0,0
fire_24332933,2020-08-28,fire_24332933_2020-08-27_2020-08-29,1,3.0,3268,2177,168,180,115,53,127,168,0,63,64
fire_24332933,2020-08-29,fire_24332933_2020-08-27_2020-08-29,2,4.0,3403,3403,1,168,1,0,168,1,0,44,124
fire_24332933,2020-08-28,fire_24332933_2020-08-28_2020-08-30,0,2.0,3268,1254,168,0,168,0,0,168,0,0,0
fire_24332933,2020-08-29,fire_24332933_2020-08-28_2020-08-30,1,3.0,3403,2290,1,168,1,0,168,1,0,49,119
fire_24332933,2020-08-30,fire_24332933_2020-08-28_2020-08-30,2,4.0,2650,2650,195,1,194,1,0,195,0,0,0
fire_24332933,2020-08-29,fire_24332933_2020-08-29_2020-08-31,0,2.0,3403,1323,1,0,1,0,0,1,0,0,0
fire_24332933,2020-08-30,fire_24332933_2020-08-29_2020-08-31,1,3.0,2650,1884,195,1,194,1,0,195,0,0,0
fire_24332933,2020-08-31,fire_24332933_2020-08-29_2020-08-31,2,4.0,3185,3185,187,195,125,62,133,187,0,47,86
fire_24332933,2020-08-30,fire_24332933_2020-08-30_2020-09-01,0,2.0,2650,1170,195,0,195,0,0,195,0,0,0
fire_24332933,2020-08-31,fire_24332933_2020-08-30_2020-09-01,1,3.0,3185,2279,187,195,125,62,133,187,0,47,86
fire_24332933,2020-09-01,fire_24332933_2020-08-30_2020-09-01,2,4.0,1773,1770,69,187,51,18,169,69,0,56,113
fire_24332933,2020-08-31,fire_24332933_2020-08-31_2020-09-02,0,2.0,3185,1409,187,0,187,0,0,187,0,0,0
fire_24332933,2020-09-01,fire_24332933_2020-08-31_2020-09-02,1,3.0,1773,1126,69,187,51,18,169,69,0,69,100
fire_24332933,2020-09-02,fire_24332933_2020-08-31_2020-09-02,2,4.0,1587,1521,42,69,26,16,53,42,0,19,34
fire_24332933,2020-09-01,fire_24332933_2020-09-01_2020-09-03,0,2.0,1773,616,69,0,69,0,0,69,0,0,0
fire_24332933,2020-09-02,fire_24332933_2020-09-01_2020-09-03,1,3.0,1587,1010,42,69,26,16,53,42,0,19,34
fire_24332933,2020-09-03,fire_24332933_2020-09-01_2020-09-03,2,4.0,1584,1584,111,42,84,27,15,111,0,9,6
fire_24332933,2020-09-02,fire_24332933_2020-09-02_2020-09-04,0,2.0,1587,584,42,0,42,0,0,42,0,0,0
fire_24332933,2020-09-03,fire_24332933_2020-09-02_2020-09-04,1,3.0,1584,1059,111,42,84,27,15,111,0,9,6
fire_24332933,2020-09-04,fire_24332933_2020-09-02_2020-09-04,2,4.0,1534,1534,0,111,0,0,111,0,0,25,86
fire_24332934,2020-08-29,fire_24332934_2020-08-29_2020-08-31,0,2.0,66,0,0,0,0,0,0,0,0,0,0
fire_24332934,2020-08-30,fire_24332934_2020-08-29_2020-08-31,1,3.0,527,327,38,0,38,0,0,38,0,0,0
fire_24332934,2020-08-31,fire_24332934_2020-08-29_2020-08-31,2,4.0,686,686,39,38,29,10,28,39,0,26,2
fire_24332934,2020-08-30,fire_24332934_2020-08-30_2020-09-02,0,2.0,527,171,38,0,38,0,0,38,0,0,0
fire_24332934,2020-08-31,fire_24332934_2020-08-30_2020-09-02,1,3.0,686,445,39,38,29,10,28,39,0,26,2
fire_24332934,2020-09-02,fire_24332934_2020-08-30_2020-09-02,2,4.0,519,519,27,39,20,7,32,27,0,6,26
fire_24332934,2020-08-31,fire_24332934_2020-08-31_2020-09-03,0,2.0,686,249,39,0,39,0,0,39,0,0,0
fire_24332934,2020-09-02,fire_24332934_2020-08-31_2020-09-03,1,3.0,519,322,27,39,20,7,32,27,0,6,26
fire_24332934,2020-09-03,fire_24332934_2020-08-31_2020-09-03,2,4.0,695,695,53,27,41,12,15,53,0,15,0
fire_24332934,2020-09-02,fire_24332934_2020-09-02_2020-09-04,0,2.0,519,169,27,0,27,0,0,27,0,0,0
fire_24332934,2020-09-03,fire_24332934_2020-09-02_2020-09-04,1,3.0,695,452,53,27,41,12,15,53,0,15,0
fire_24332934,2020-09-04,fire_24332934_2020-09-02_2020-09-04,2,4.0,943,943,69,53,41,28,25,69,0,13,12
fire_24332934,2020-09-03,fire_24332934_2020-09-03_2020-09-05,0,2.0,695,258,53,0,53,0,0,53,0,0,0
fire_24332934,2020-09-04,fire_24332934_2020-09-03_2020-09-05,1,3.0,943,607,69,53,41,28,25,69,0,13,12
fire_24332934,2020-09-05,fire_24332934_2020-09-03_2020-09-05,2,4.0,990,990,55,69,28,27,42,55,0,19,23
fire_24332934,2020-09-04,fire_24332934_2020-09-04_2020-09-06,0,2.0,943,341,69,0,69,0,0,69,0,0,0
fire_24332934,2020-09-05,fire_24332934_2020-09-04_2020-09-06,1,3.0,990,649,55,69,28,27,42,55,0,19,23
fire_24332934,2020-09-06,fire_24332934_2020-09-04_2020-09-06,2,4.0,1130,1130,87,55,77,10,45,87,0,38,7
fire_24332934,2020-09-05,fire_24332934_2020-09-05_2020-09-07,0,2.0,990,366,55,0,55,0,0,55,0,0,0
fire_24332934,2020-09-06,fire_24332934_2020-09-05_2020-09-07,1,3.0,1130,746,87,55,77,10,45,87,0,38,7
fire_24332934,2020-09-07,fire_24332934_2020-09-05_2020-09-07,2,4.0,1333,1333,84,87,39,45,42,84,0,26,16
fire_24332934,2020-09-06,fire_24332934_2020-09-06_2020-09-08,0,2.0,1130,430,87,0,87,0,0,87,0,0,0
fire_24332934,2020-09-07,fire_24332934_2020-09-06_2020-09-08,1,3.0,1333,903,84,87,39,45,42,84,0,26,16
fire_24332934,2020-09-08,fire_24332934_2020-09-06_2020-09-08,2,4.0,1444,1444,17,84,9,8,76,17,0,13,63
fire_24332934,2020-09-07,fire_24332934_2020-09-07_2020-09-09,0,2.0,1333,542,84,0,84,0,0,84,0,0,0
fire_24332934,2020-09-08,fire_24332934_2020-09-07_2020-09-09,1,3.0,1444,1008,17,84,9,8,76,17,0,13,63
fire_24332934,2020-09-09,fire_24332934_2020-09-07_2020-09-09,2,4.0,904,904,0,17,0,0,17,0,0,0,17
fire_24332934,2020-09-08,fire_24332934_2020-09-08_2020-09-10,0,2.0,1444,638,17,0,17,0,0,17,0,0,0
fire_24332934,2020-09-09,fire_24332934_2020-09-08_2020-09-10,1,3.0,904,615,0,17,0,0,17,0,0,3,14
fire_24332934,2020-09-10,fire_24332934_2020-09-08_2020-09-10,2,4.0,783,783,14,0,14,0,0,14,0,0,0
fire_24332934,2020-09-09,fire_24332934_2020-09-09_2020-09-11,0,2.0,904,358,0,0,0,0,0,0,0,0,0
fire_24332934,2020-09-10,fire_24332934_2020-09-09_2020-09-11,1,3.0,783,497,14,0,14,0,0,14,0,0,0
fire_24332934,2020-09-11,fire_24332934_2020-09-09_2020-09-11,2,4.0,1108,1108,119,14,113,6,8,119,0,3,5
fire_24332934,2020-09-10,fire_24332934_2020-09-10_2020-09-12,0,2.0,783,245,14,0,14,0,0,14,0,0,0
fire_24332934,2020-09-11,fire_24332934_2020-09-10_2020-09-12,1,3.0,1108,785,119,14,113,6,8,119,0,3,5
fire_24332934,2020-09-12,fire_24332934_2020-09-10_2020-09-12,2,4.0,1216,1216,128,119,79,49,70,128,0,33,37
fire_24332934,2020-09-11,fire_24332934_2020-09-11_2020-09-13,0,2.0,1108,508,119,0,119,0,0,119,0,0,0
fire_24332934,2020-09-12,fire_24332934_2020-09-11_2020-09-13,1,3.0,1216,824,128,119,79,49,70,128,0,33,37
fire_24332934,2020-09-13,fire_24332934_2020-09-11_2020-09-13,2,4.0,1124,1124,130,128,61,69,59,130,0,46,13
fire_24332934,2020-09-12,fire_24332934_2020-09-12_2020-09-14,0,2.0,1216,500,128,0,128,0,0,128,0,0,0
fire_24332934,2020-09-13,fire_24332934_2020-09-12_2020-09-14,1,3.0,1124,795,130,128,61,69,59,130,0,46,13
fire_24332934,2020-09-14,fire_24332934_2020-09-12_2020-09-14,2,4.0,1171,1171,148,130,90,58,72,148,0,41,31
fire_24332934,2020-09-13,fire_24332934_2020-09-13_2020-09-15,0,2.0,1124,509,130,0,130,0,0,130,0,0,0
fire_24332934,2020-09-14,fire_24332934_2020-09-13_2020-09-15,1,3.0,1171,837,148,130,90,58,72,148,0,41,31
fire_24332934,2020-09-15,fire_24332934_2020-09-13_2020-09-15,2,4.0,1642,1642,190,148,151,39,109,190,0,74,35
fire_24332934,2020-09-14,fire_24332934_2020-09-14_2020-09-16,0,2.0,1171,545,148,0,148,0,0,148,0,0,0
fire_24332934,2020-09-15,fire_24332934_2020-09-14_2020-09-16,1,3.0,1642,1158,190,148,151,39,109,190,0,74,35
fire_24332934,2020-09-16,fire_24332934_2020-09-14_2020-09-16,2,4.0,2114,2114,218,190,141,77,113,218,0,72,41
fire_24332934,2020-09-15,fire_24332934_2020-09-15_2020-09-17,0,2.0,1642,744,190,0,190,0,0,190,0,0,0
fire_24332934,2020-09-16,fire_24332934_2020-09-15_2020-09-17,1,3.0,2114,1500,218,190,141,77,113,218,0,73,40
fire_24332934,2020-09-17,fire_24332934_2020-09-15_2020-09-17,2,4.0,2138,2138,207,218,117,90,128,207,0,30,98
fire_24332934,2020-09-16,fire_24332934_2020-09-16_2020-09-18,0,2.0,2114,961,218,0,218,0,0,218,0,0,0
fire_24332934,2020-09-17,fire_24332934_2020-09-16_2020-09-18,1,3.0,2138,1534,207,218,117,90,128,207,0,30,98
fire_24332934,2020-09-18,fire_24332934_2020-09-16_2020-09-18,2,4.0,2304,2304,222,207,150,72,135,222,0,40,95
fire_24332934,2020-09-17,fire_24332934_2020-09-17_2020-09-19,0,2.0,2138,998,207,0,207,0,0,207,0,0,0
fire_24332934,2020-09-18,fire_24332934_2020-09-17_2020-09-19,1,3.0,2304,1683,222,207,150,72,135,222,0,40,95
fire_24332934,2020-09-19,fire_24332934_2020-09-17_2020-09-19,2,4.0,2447,2427,0,222,0,0,222,0,0,56,166
fire_24332934,2020-09-18,fire_24332934_2020-09-18_2020-09-21,0,2.0,2304,1133,222,0,222,0,0,222,0,0,0
fire_24332934,2020-09-19,fire_24332934_2020-09-18_2020-09-21,1,3.0,2447,1783,0,222,0,0,222,0,0,56,166
fire_24332934,2020-09-21,fire_24332934_2020-09-18_2020-09-21,2,4.0,415,396,0,0,0,0,0,0,0,0,0
fire_24332934,2020-09-19,fire_24332934_2020-09-19_2020-09-23,0,2.0,2447,1188,0,0,0,0,0,0,0,0,0
fire_24332934,2020-09-21,fire_24332934_2020-09-19_2020-09-23,1,3.0,415,228,0,0,0,0,0,0,0,0,0
fire_24332934,2020-09-23,fire_24332934_2020-09-19_2020-09-23,2,4.0,864,798,11,0,11,0,0,11,0,0,0
fire_24332934,2020-09-21,fire_24332934_2020-09-21_2020-09-24,0,2.0,415,108,0,0,0,0,0,0,0,0,0
fire_24332934,2020-09-23,fire_24332934_2020-09-21_2020-09-24,1,3.0,864,518,11,0,11,0,0,11,0,0,0
fire_24332934,2020-09-24,fire_24332934_2020-09-21_2020-09-24,2,4.0,892,848,18,11,10,8,3,18,0,1,2
fire_24332934,2020-09-23,fire_24332934_2020-09-23_2020-09-25,0,2.0,864,268,11,0,11,0,0,11,0,0,0
fire_24332934,2020-09-24,fire_24332934_2020-09-23_2020-09-25,1,3.0,892,534,18,11,10,8,3,18,0,1,2
fire_24332934,2020-09-25,fire_24332934_2020-09-23_2020-09-25,2,4.0,723,704,3,18,3,0,18,3,0,7,11
fire_24332939,2020-08-20,fire_24332939_2020-08-20_2020-08-22,0,2.0,595,172,19,0,19,0,0,19,0,0,0
fire_24332939,2020-08-21,fire_24332939_2020-08-20_2020-08-22,1,3.0,505,312,11,19,10,1,18,11,0,6,12
fire_24332939,2020-08-22,fire_24332939_2020-08-20_2020-08-22,2,4.0,707,707,8,11,6,2,9,8,0,7,2
fire_24332939,2020-08-21,fire_24332939_2020-08-21_2020-08-23,0,2.0,505,162,11,0,11,0,0,11,0,0,0
fire_24332939,2020-08-22,fire_24332939_2020-08-21_2020-08-23,1,3.0,707,464,8,11,6,2,9,8,0,7,2
fire_24332939,2020-08-23,fire_24332939_2020-08-21_2020-08-23,2,4.0,690,690,0,8,0,0,8,0,0,1,7
fire_24332939,2020-08-22,fire_24332939_2020-08-22_2020-08-24,0,2.0,707,264,8,0,8,0,0,8,0,0,0
fire_24332939,2020-08-23,fire_24332939_2020-08-22_2020-08-24,1,3.0,690,451,0,8,0,0,8,0,0,1,7
fire_24332939,2020-08-24,fire_24332939_2020-08-22_2020-08-24,2,4.0,765,765,0,0,0,0,0,0,0,0,0
fire_24332939,2020-08-23,fire_24332939_2020-08-23_2020-08-25,0,2.0,690,255,0,0,0,0,0,0,0,0,0
fire_24332939,2020-08-24,fire_24332939_2020-08-23_2020-08-25,1,3.0,765,510,0,0,0,0,0,0,0,0,0
fire_24332939,2020-08-25,fire_24332939_2020-08-23_2020-08-25,2,4.0,826,760,48,0,48,0,0,48,0,0,0
fire_24332939,2020-08-24,fire_24332939_2020-08-24_2020-08-26,0,2.0,765,297,0,0,0,0,0,0,0,0,0
fire_24332939,2020-08-25,fire_24332939_2020-08-24_2020-08-26,1,3.0,826,511,48,0,48,0,0,48,0,0,0
fire_24332939,2020-08-26,fire_24332939_2020-08-24_2020-08-26,2,4.0,818,818,58,48,39,19,29,58,0,12,17
fire_24332939,2020-08-25,fire_24332939_2020-08-25_2020-08-27,0,2.0,826,300,48,0,48,0,0,48,0,0,0
fire_24332939,2020-08-26,fire_24332939_2020-08-25_2020-08-27,1,3.0,818,552,58,48,39,19,29,58,0,12,17
fire_24332939,2020-08-27,fire_24332939_2020-08-25_2020-08-27,2,4.0,811,754,50,58,22,28,30,50,0,11,19
fire_24332939,2020-08-26,fire_24332939_2020-08-26_2020-08-28,0,2.0,818,333,58,0,58,0,0,58,0,0,0
fire_24332939,2020-08-27,fire_24332939_2020-08-26_2020-08-28,1,3.0,811,502,50,58,22,28,30,50,0,11,19
fire_24332939,2020-08-28,fire_24332939_2020-08-26_2020-08-28,2,4.0,845,808,57,50,34,23,27,57,0,15,12
fire_24332939,2020-08-27,fire_24332939_2020-08-27_2020-08-29,0,2.0,811,291,50,0,50,0,0,50,0,0,0
fire_24332939,2020-08-28,fire_24332939_2020-08-27_2020-08-29,1,3.0,845,545,57,50,34,23,27,57,0,15,12
fire_24332939,2020-08-29,fire_24332939_2020-08-27_2020-08-29,2,4.0,918,905,0,57,0,0,57,0,0,11,46
fire_24332939,2020-08-28,fire_24332939_2020-08-28_2020-08-30,0,2.0,845,323,57,0,57,0,0,57,0,0,0
fire_24332939,2020-08-29,fire_24332939_2020-08-28_2020-08-30,1,3.0,918,620,0,57,0,0,57,0,0,11,46
fire_24332939,2020-08-30,fire_24332939_2020-08-28_2020-08-30,2,4.0,780,780,54,0,54,0,0,54,0,0,0
fire_24332939,2020-08-29,fire_24332939_2020-08-29_2020-08-31,0,2.0,918,379,0,0,0,0,0,0,0,0,0
fire_24332939,2020-08-30,fire_24332939_2020-08-29_2020-08-31,1,3.0,780,517,54,0,54,0,0,54,0,0,0
fire_24332939,2020-08-31,fire_24332939_2020-08-29_2020-08-31,2,4.0,1336,1336,69,54,54,15,39,69,0,17,22
fire_24332939,2020-08-30,fire_24332939_2020-08-30_2020-09-01,0,2.0,780,301,54,0,54,0,0,54,0,0,0
fire_24332939,2020-08-31,fire_24332939_2020-08-30_2020-09-01,1,3.0,1336,866,69,54,54,15,39,69,0,17,22
fire_24332939,2020-09-01,fire_24332939_2020-08-30_2020-09-01,2,4.0,1246,1238,52,69,41,11,58,52,0,20,38
fire_24332939,2020-08-31,fire_24332939_2020-08-31_2020-09-02,0,2.0,1336,486,69,0,69,0,0,69,0,0,0
fire_24332939,2020-09-01,fire_24332939_2020-08-31_2020-09-02,1,3.0,1246,796,52,69,41,11,58,52,0,20,38
fire_24332939,2020-09-02,fire_24332939_2020-08-31_2020-09-02,2,4.0,1360,1294,41,52,25,16,36,41,0,9,27
fire_24332939,2020-09-01,fire_24332939_2020-09-01_2020-09-03,0,2.0,1246,440,52,0,52,0,0,52,0,0,0
fire_24332939,2020-09-02,fire_24332939_2020-09-01_2020-09-03,1,3.0,1360,840,41,52,25,16,36,41,0,9,27
fire_24332939,2020-09-03,fire_24332939_2020-09-01_2020-09-03,2,4.0,1318,1318,60,41,35,25,16,60,0,9,7
fire_24332939,2020-09-02,fire_24332939_2020-09-02_2020-09-04,0,2.0,1360,469,41,0,41,0,0,41,0,0,0
fire_24332939,2020-09-03,fire_24332939_2020-09-02_2020-09-04,1,3.0,1318,857,60,41,35,25,16,60,0,9,7
fire_24332939,2020-09-04,fire_24332939_2020-09-02_2020-09-04,2,4.0,1431,1431,0,60,0,0,60,0,0,21,39
fire_24332939,2020-09-03,fire_24332939_2020-09-03_2020-09-05,0,2.0,1318,483,60,0,60,0,0,60,0,0,0
fire_24332939,2020-09-04,fire_24332939_2020-09-03_2020-09-05,1,3.0,1431,939,0,60,0,0,60,0,0,21,39
fire_24332939,2020-09-05,fire_24332939_2020-09-03_2020-09-05,2,4.0,1624,1624,0,0,0,0,0,0,0,0,0
fire_24332939,2020-09-04,fire_24332939_2020-09-04_2020-09-06,0,2.0,1431,541,0,0,0,0,0,0,0,0,0
fire_24332939,2020-09-05,fire_24332939_2020-09-04_2020-09-06,1,3.0,1624,1094,0,0,0,0,0,0,0,0,0
fire_24332939,2020-09-06,fire_24332939_2020-09-04_2020-09-06,2,4.0,1938,1938,163,0,163,0,0,163,0,0,0
fire_24332939,2020-09-05,fire_24332939_2020-09-05_2020-09-07,0,2.0,1624,644,0,0,0,0,0,0,0,0,0
fire_24332939,2020-09-06,fire_24332939_2020-09-05_2020-09-07,1,3.0,1938,1358,163,0,163,0,0,163,0,0,0
fire_24332939,2020-09-07,fire_24332939_2020-09-05_2020-09-07,2,4.0,2147,2147,132,163,107,25,138,132,0,67,71
fire_24332939,2020-09-06,fire_24332939_2020-09-06_2020-09-08,0,2.0,1938,846,163,0,163,0,0,163,0,0,0
fire_24332939,2020-09-07,fire_24332939_2020-09-06_2020-09-08,1,3.0,2147,1517,132,163,107,25,138,132,0,67,71
fire_24332939,2020-09-08,fire_24332939_2020-09-06_2020-09-08,2,4.0,2416,2416,0,132,0,0,132,0,0,40,92
fire_24332939,2020-09-07,fire_24332939_2020-09-07_2020-09-09,0,2.0,2147,965,132,0,132,0,0,132,0,0,0
fire_24332939,2020-09-08,fire_24332939_2020-09-07_2020-09-09,1,3.0,2416,1757,0,132,0,0,132,0,0,40,92
fire_24332939,2020-09-09,fire_24332939_2020-09-07_2020-09-09,2,4.0,10533,10533,506,0,506,0,0,506,0,0,0
fire_24332939,2020-09-08,fire_24332939_2020-09-08_2020-09-10,0,2.0,2416,1163,0,0,0,0,0,0,0,0,0
fire_24332939,2020-09-09,fire_24332939_2020-09-08_2020-09-10,1,3.0,10533,7979,506,0,506,0,0,506,0,0,0
fire_24332939,2020-09-10,fire_24332939_2020-09-08_2020-09-10,2,4.0,15946,15946,793,506,768,25,481,793,0,370,111
fire_24332939,2020-09-09,fire_24332939_2020-09-09_2020-09-11,0,2.0,10533,5443,506,0,506,0,0,506,0,0,0
fire_24332939,2020-09-10,fire_24332939_2020-09-09_2020-09-11,1,3.0,15946,13365,793,506,768,25,481,793,0,371,110
fire_24332939,2020-09-11,fire_24332939_2020-09-09_2020-09-11,2,4.0,18750,18750,215,793,166,49,744,215,0,186,558
fire_24332939,2020-09-10,fire_24332939_2020-09-10_2020-09-12,0,2.0,15946,10301,793,0,793,0,0,793,0,0,0
fire_24332939,2020-09-11,fire_24332939_2020-09-10_2020-09-12,1,3.0,18750,16145,215,793,166,49,744,215,0,186,558
fire_24332939,2020-09-12,fire_24332939_2020-09-10_2020-09-12,2,4.0,21129,21129,495,215,468,27,188,495,0,28,160
fire_24332939,2020-09-11,fire_24332939_2020-09-11_2020-09-13,0,2.0,18750,12874,215,0,215,0,0,215,0,0,0
fire_24332939,2020-09-12,fire_24332939_2020-09-11_2020-09-13,1,3.0,21129,17106,495,215,468,27,188,495,0,53,135
fire_24332939,2020-09-13,fire_24332939_2020-09-11_2020-09-13,2,4.0,15404,15404,729,495,602,127,368,729,0,147,221
fire_24332939,2020-09-12,fire_24332939_2020-09-12_2020-09-14,0,2.0,21129,11594,495,0,495,0,0,495,0,0,0
fire_24332939,2020-09-13,fire_24332939_2020-09-12_2020-09-14,1,3.0,15404,11483,729,495,602,127,368,729,0,176,192
fire_24332939,2020-09-14,fire_24332939_2020-09-12_2020-09-14,2,4.0,14327,14327,835,729,601,234,495,835,0,177,318
fire_24332939,2020-09-13,fire_24332939_2020-09-13_2020-09-15,0,2.0,15404,7259,729,0,729,0,0,729,0,0,0
fire_24332939,2020-09-14,fire_24332939_2020-09-13_2020-09-15,1,3.0,14327,10243,835,729,601,234,495,835,0,188,307
fire_24332939,2020-09-15,fire_24332939_2020-09-13_2020-09-15,2,4.0,8884,8884,527,835,406,121,714,527,0,300,414
fire_24332939,2020-09-14,fire_24332939_2020-09-14_2020-09-16,0,2.0,14327,6210,835,0,835,0,0,835,0,0,0
fire_24332939,2020-09-15,fire_24332939_2020-09-14_2020-09-16,1,3.0,8884,6281,527,835,406,121,714,527,0,324,390
fire_24332939,2020-09-16,fire_24332939_2020-09-14_2020-09-16,2,4.0,10480,10477,6,527,6,0,527,6,0,152,375
fire_24332939,2020-09-15,fire_24332939_2020-09-15_2020-09-17,0,2.0,8884,3959,527,0,527,0,0,527,0,0,0
fire_24332939,2020-09-16,fire_24332939_2020-09-15_2020-09-17,1,3.0,10480,7573,6,527,6,0,527,6,0,160,367
fire_24332939,2020-09-17,fire_24332939_2020-09-15_2020-09-17,2,4.0,12608,12608,151,6,151,0,6,151,0,2,4
fire_24332939,2020-09-16,fire_24332939_2020-09-16_2020-09-18,0,2.0,10480,4831,6,0,6,0,0,6,0,0,0
fire_24332939,2020-09-17,fire_24332939_2020-09-16_2020-09-18,1,3.0,12608,8933,151,6,151,0,6,151,0,2,4
fire_24332939,2020-09-18,fire_24332939_2020-09-16_2020-09-18,2,4.0,9680,9680,42,151,28,14,137,42,0,22,115
fire_24332939,2020-09-17,fire_24332939_2020-09-17_2020-09-19,0,2.0,12608,5468,151,0,151,0,0,151,0,0,0
fire_24332939,2020-09-18,fire_24332939_2020-09-17_2020-09-19,1,3.0,9680,6803,42,151,28,14,137,42,0,22,115
fire_24332939,2020-09-19,fire_24332939_2020-09-17_2020-09-19,2,4.0,3997,3931,0,42,0,0,42,0,0,5,37
fire_24332939,2020-09-18,fire_24332939_2020-09-18_2020-09-20,0,2.0,9680,4231,42,0,42,0,0,42,0,0,0
fire_24332939,2020-09-19,fire_24332939_2020-09-18_2020-09-20,1,3.0,3997,2704,0,42,0,0,42,0,0,7,35
fire_24332939,2020-09-20,fire_24332939_2020-09-18_2020-09-20,2,4.0,510,444,0,0,0,0,0,0,0,0,0
fire_24332939,2020-09-19,fire_24332939_2020-09-19_2020-09-21,0,2.0,3997,1595,0,0,0,0,0,0,0,0,0
fire_24332939,2020-09-20,fire_24332939_2020-09-19_2020-09-21,1,3.0,510,264,0,0,0,0,0,0,0,0,0
fire_24332939,2020-09-21,fire_24332939_2020-09-19_2020-09-21,2,4.0,1218,1152,0,0,0,0,0,0,0,0,0
fire_24332939,2020-09-20,fire_24332939_2020-09-20_2020-09-22,0,2.0,510,131,0,0,0,0,0,0,0,0,0
fire_24332939,2020-09-21,fire_24332939_2020-09-20_2020-09-22,1,3.0,1218,700,0,0,0,0,0,0,0,0,0
fire_24332939,2020-09-22,fire_24332939_2020-09-20_2020-09-22,2,4.0,2167,2101,0,0,0,0,0,0,0,0,0
fire_24332939,2020-09-21,fire_24332939_2020-09-21_2020-09-23,0,2.0,1218,334,0,0,0,0,0,0,0,0,0
fire_24332939,2020-09-22,fire_24332939_2020-09-21_2020-09-23,1,3.0,2167,1363,0,0,0,0,0,0,0,0,0
fire_24332939,2020-09-23,fire_24332939_2020-09-21_2020-09-23,2,4.0,1418,1352,0,0,0,0,0,0,0,0,0
fire_24332939,2020-09-22,fire_24332939_2020-09-22_2020-10-01,0,2.0,2167,695,0,0,0,0,0,0,0,0,0
fire_24332939,2020-09-23,fire_24332939_2020-09-22_2020-10-01,1,3.0,1418,868,0,0,0,0,0,0,0,0,0
fire_24332939,2020-10-01,fire_24332939_2020-09-22_2020-10-01,2,4.0,497,431,0,0,0,0,0,0,0,0,0
fire_24332939,2020-09-23,fire_24332939_2020-09-23_2020-10-02,0,2.0,1418,469,0,0,0,0,0,0,0,0,0
fire_24332939,2020-10-01,fire_24332939_2020-09-23_2020-10-02,1,3.0,497,255,0,0,0,0,0,0,0,0,0
fire_24332939,2020-10-02,fire_24332939_2020-09-23_2020-10-02,2,4.0,512,446,0,0,0,0,0,0,0,0,0
fire_24332939,2020-10-01,fire_24332939_2020-10-01_2020-10-03,0,2.0,497,125,0,0,0,0,0,0,0,0,0
fire_24332939,2020-10-02,fire_24332939_2020-10-01_2020-10-03,1,3.0,512,266,0,0,0,0,0,0,0,0,0
fire_24332939,2020-10-03,fire_24332939_2020-10-01_2020-10-03,2,4.0,976,910,0,0,0,0,0,0,0,0,0
fire_24332939,2020-10-02,fire_24332939_2020-10-02_2020-10-04,0,2.0,512,132,0,0,0,0,0,0,0,0,0
fire_24332939,2020-10-03,fire_24332939_2020-10-02_2020-10-04,1,3.0,976,546,0,0,0,0,0,0,0,0,0
fire_24332939,2020-10-04,fire_24332939_2020-10-02_2020-10-04,2,4.0,1748,1682,0,0,0,0,0,0,0,0,0
fire_24332939,2020-10-03,fire_24332939_2020-10-03_2020-10-05,0,2.0,976,273,0,0,0,0,0,0,0,0,0
fire_24332939,2020-10-04,fire_24332939_2020-10-03_2020-10-05,1,3.0,1748,986,0,0,0,0,0,0,0,0,0
fire_24332939,2020-10-05,fire_24332939_2020-10-03_2020-10-05,2,4.0,1342,1276,0,0,0,0,0,0,0,0,0
fire_24332949,2020-08-17,fire_24332949_2020-08-17_2020-08-19,0,2.0,502,128,0,0,0,0,0,0,0,0,0
fire_24332949,2020-08-18,fire_24332949_2020-08-17_2020-08-19,1,3.0,1301,779,0,0,0,0,0,0,0,0,0
fire_24332949,2020-08-19,fire_24332949_2020-08-17_2020-08-19,2,4.0,1526,1526,7,0,7,0,0,7,0,0,0
fire_24332949,2020-08-18,fire_24332949_2020-08-18_2020-08-20,0,2.0,1301,384,0,0,0,0,0,0,0,0,0
fire_24332949,2020-08-19,fire_24332949_2020-08-18_2020-08-20,1,3.0,1526,996,7,0,7,0,0,7,0,0,0
fire_24332949,2020-08-20,fire_24332949_2020-08-18_2020-08-20,2,4.0,3836,3832,60,7,59,1,6,60,0,6,0
fire_24332949,2020-08-19,fire_24332949_2020-08-19_2020-08-21,0,2.0,1526,528,7,0,7,0,0,7,0,0,0
fire_24332949,2020-08-20,fire_24332949_2020-08-19_2020-08-21,1,3.0,3836,2450,60,7,59,1,6,60,0,6,0
fire_24332949,2020-08-21,fire_24332949_2020-08-19_2020-08-21,2,4.0,2101,2101,24,60,21,3,57,24,0,36,21
fire_24332949,2020-08-20,fire_24332949_2020-08-20_2020-08-22,0,2.0,3836,1314,60,0,60,0,0,60,0,0,0
fire_24332949,2020-08-21,fire_24332949_2020-08-20_2020-08-22,1,3.0,2101,1311,24,60,21,3,57,24,0,36,21
fire_24332949,2020-08-22,fire_24332949_2020-08-20_2020-08-22,2,4.0,2844,2844,14,24,11,3,21,14,0,13,8
fire_24332949,2020-08-21,fire_24332949_2020-08-21_2020-08-23,0,2.0,2101,696,24,0,24,0,0,24,0,0,0
fire_24332949,2020-08-22,fire_24332949_2020-08-21_2020-08-23,1,3.0,2844,1935,14,24,11,3,21,14,0,13,8
fire_24332949,2020-08-23,fire_24332949_2020-08-21_2020-08-23,2,4.0,2562,2562,0,14,0,0,14,0,0,0,14
fire_24332949,2020-08-22,fire_24332949_2020-08-22_2020-08-24,0,2.0,2844,1123,14,0,14,0,0,14,0,0,0
fire_24332949,2020-08-23,fire_24332949_2020-08-22_2020-08-24,1,3.0,2562,1808,0,14,0,0,14,0,0,0,14
fire_24332949,2020-08-24,fire_24332949_2020-08-22_2020-08-24,2,4.0,2400,2400,0,0,0,0,0,0,0,0,0
fire_24332949,2020-08-23,fire_24332949_2020-08-23_2020-08-25,0,2.0,2562,1104,0,0,0,0,0,0,0,0,0
fire_24332949,2020-08-24,fire_24332949_2020-08-23_2020-08-25,1,3.0,2400,1631,0,0,0,0,0,0,0,0,0
fire_24332949,2020-08-25,fire_24332949_2020-08-23_2020-08-25,2,4.0,2504,2438,157,0,157,0,0,157,0,0,0
fire_24332949,2020-08-24,fire_24332949_2020-08-24_2020-08-26,0,2.0,2400,968,0,0,0,0,0,0,0,0,0
fire_24332949,2020-08-25,fire_24332949_2020-08-24_2020-08-26,1,3.0,2504,1709,157,0,157,0,0,157,0,0,0
fire_24332949,2020-08-26,fire_24332949_2020-08-24_2020-08-26,2,4.0,1758,1758,101,157,75,26,131,101,0,25,106
fire_24332949,2020-08-25,fire_24332949_2020-08-25_2020-08-27,0,2.0,2504,1045,157,0,157,0,0,157,0,0,0
fire_24332949,2020-08-26,fire_24332949_2020-08-25_2020-08-27,1,3.0,1758,1124,101,157,75,26,131,101,0,46,85
fire_24332949,2020-08-27,fire_24332949_2020-08-25_2020-08-27,2,4.0,3092,3092,104,101,67,37,64,104,0,33,31
fire_24332949,2020-08-26,fire_24332949_2020-08-26_2020-08-28,0,2.0,1758,623,101,0,101,0,0,101,0,0,0
fire_24332949,2020-08-27,fire_24332949_2020-08-26_2020-08-28,1,3.0,3092,2014,104,101,67,37,64,104,0,33,31
fire_24332949,2020-08-28,fire_24332949_2020-08-26_2020-08-28,2,4.0,2117,2117,84,104,56,28,76,84,0,37,39
fire_24332949,2020-08-27,fire_24332949_2020-08-27_2020-08-29,0,2.0,3092,1105,104,0,104,0,0,104,0,0,0
fire_24332949,2020-08-28,fire_24332949_2020-08-27_2020-08-29,1,3.0,2117,1350,84,104,56,28,76,84,0,37,39
fire_24332949,2020-08-29,fire_24332949_2020-08-27_2020-08-29,2,4.0,1813,1813,0,84,0,0,84,0,0,14,70
fire_24332949,2020-08-28,fire_24332949_2020-08-28_2020-08-30,0,2.0,2117,736,84,0,84,0,0,84,0,0,0
fire_24332949,2020-08-29,fire_24332949_2020-08-28_2020-08-30,1,3.0,1813,1164,0,84,0,0,84,0,0,17,67
fire_24332949,2020-08-30,fire_24332949_2020-08-28_2020-08-30,2,4.0,780,780,58,0,58,0,0,58,0,0,0
fire_24332949,2020-08-29,fire_24332949_2020-08-29_2020-08-31,0,2.0,1813,651,0,0,0,0,0,0,0,0,0
fire_24332949,2020-08-30,fire_24332949_2020-08-29_2020-08-31,1,3.0,780,517,58,0,58,0,0,58,0,0,0
fire_24332949,2020-08-31,fire_24332949_2020-08-29_2020-08-31,2,4.0,1021,1021,86,58,67,19,39,86,0,20,19
fire_24332949,2020-08-30,fire_24332949_2020-08-30_2020-09-01,0,2.0,780,301,58,0,58,0,0,58,0,0,0
fire_24332949,2020-08-31,fire_24332949_2020-08-30_2020-09-01,1,3.0,1021,701,86,58,67,19,39,86,0,20,19
fire_24332949,2020-09-01,fire_24332949_2020-08-30_2020-09-01,2,4.0,1238,1238,57,86,43,14,72,57,0,20,52
fire_24332954,2020-08-20,fire_24332954_2020-08-20_2020-08-22,0,2.0,568,160,15,0,15,0,0,15,0,0,0
fire_24332954,2020-08-21,fire_24332954_2020-08-20_2020-08-22,1,3.0,849,572,45,15,42,3,12,45,0,12,0
fire_24332954,2020-08-22,fire_24332954_2020-08-20_2020-08-22,2,4.0,856,850,51,45,38,13,32,51,0,13,19
fire_24332954,2020-08-21,fire_24332954_2020-08-21_2020-08-23,0,2.0,849,336,45,0,45,0,0,45,0,0,0
fire_24332954,2020-08-22,fire_24332954_2020-08-21_2020-08-23,1,3.0,856,578,51,45,38,13,32,51,0,13,19
fire_24332954,2020-08-23,fire_24332954_2020-08-21_2020-08-23,2,4.0,497,431,0,51,0,0,51,0,0,0,51
fire_24332954,2020-08-22,fire_24332954_2020-08-22_2020-08-24,0,2.0,856,346,51,0,51,0,0,51,0,0,0
fire_24332954,2020-08-23,fire_24332954_2020-08-22_2020-08-24,1,3.0,497,255,0,51,0,0,51,0,0,3,48
fire_24332954,2020-08-24,fire_24332954_2020-08-22_2020-08-24,2,4.0,573,564,20,0,20,0,0,20,0,0,0
fire_24332956,2020-08-17,fire_24332956_2020-08-17_2020-08-19,0,2.0,704,259,0,0,0,0,0,0,0,0,0
fire_24332956,2020-08-18,fire_24332956_2020-08-17_2020-08-19,1,3.0,1065,735,0,0,0,0,0,0,0,0,0
fire_24332956,2020-08-19,fire_24332956_2020-08-17_2020-08-19,2,4.0,764,699,0,0,0,0,0,0,0,0,0
fire_24332956,2020-08-18,fire_24332956_2020-08-18_2020-08-20,0,2.0,1065,446,0,0,0,0,0,0,0,0,0
fire_24332956,2020-08-19,fire_24332956_2020-08-18_2020-08-20,1,3.0,764,458,0,0,0,0,0,0,0,0,0
fire_24332956,2020-08-20,fire_24332956_2020-08-18_2020-08-20,2,4.0,2674,2646,48,0,48,0,0,48,0,0,0
fire_24332956,2020-08-19,fire_24332956_2020-08-19_2020-08-21,0,2.0,764,263,0,0,0,0,0,0,0,0,0
fire_24332956,2020-08-20,fire_24332956_2020-08-19_2020-08-21,1,3.0,2674,1947,48,0,48,0,0,48,0,0,0
fire_24332956,2020-08-21,fire_24332956_2020-08-19_2020-08-21,2,4.0,2720,2720,94,48,88,6,42,94,0,13,29
fire_24332956,2020-08-20,fire_24332956_2020-08-20_2020-08-22,0,2.0,2674,1264,48,0,48,0,0,48,0,0,0
fire_24332956,2020-08-21,fire_24332956_2020-08-20_2020-08-22,1,3.0,2720,1937,94,48,88,6,42,94,0,17,25
fire_24332956,2020-08-22,fire_24332956_2020-08-20_2020-08-22,2,4.0,2238,2238,108,94,97,11,83,108,0,23,60
fire_24332956,2020-08-21,fire_24332956_2020-08-21_2020-08-23,0,2.0,2720,1207,94,0,94,0,0,94,0,0,0
fire_24332956,2020-08-22,fire_24332956_2020-08-21_2020-08-23,1,3.0,2238,1624,108,94,97,11,83,108,0,24,59
fire_24332956,2020-08-23,fire_24332956_2020-08-21_2020-08-23,2,4.0,1614,1614,26,108,18,8,100,26,0,11,89
fire_24332956,2020-08-22,fire_24332956_2020-08-22_2020-08-24,0,2.0,2238,1019,108,0,108,0,0,108,0,0,0
fire_24332956,2020-08-23,fire_24332956_2020-08-22_2020-08-24,1,3.0,1614,1080,26,108,18,8,100,26,0,13,87
fire_24332956,2020-08-24,fire_24332956_2020-08-22_2020-08-24,2,4.0,931,865,0,26,0,0,26,0,0,11,15
fire_24332956,2020-08-23,fire_24332956_2020-08-23_2020-08-25,0,2.0,1614,618,26,0,26,0,0,26,0,0,0
fire_24332956,2020-08-24,fire_24332956_2020-08-23_2020-08-25,1,3.0,931,566,0,26,0,0,26,0,0,18,8
fire_24332956,2020-08-25,fire_24332956_2020-08-23_2020-08-25,2,4.0,619,553,9,0,9,0,0,9,0,0,0
fire_24332969,2020-08-07,fire_24332969_2020-08-07_2020-08-09,0,2.0,906,271,20,0,20,0,0,20,0,0,0
fire_24332969,2020-08-08,fire_24332969_2020-08-07_2020-08-09,1,3.0,586,372,29,20,26,3,17,29,0,7,10
fire_24332969,2020-08-09,fire_24332969_2020-08-07_2020-08-09,2,4.0,691,691,52,29,43,9,20,52,0,8,12
fire_24332969,2020-08-08,fire_24332969_2020-08-08_2020-08-10,0,2.0,586,203,29,0,29,0,0,29,0,0,0
fire_24332969,2020-08-09,fire_24332969_2020-08-08_2020-08-10,1,3.0,691,457,52,29,43,9,20,52,0,8,12
fire_24332969,2020-08-10,fire_24332969_2020-08-08_2020-08-10,2,4.0,396,396,11,52,3,8,44,11,0,1,43
fire_24332969,2020-08-09,fire_24332969_2020-08-09_2020-08-12,0,2.0,691,263,52,0,52,0,0,52,0,0,0
fire_24332969,2020-08-10,fire_24332969_2020-08-09_2020-08-12,1,3.0,396,228,11,52,3,8,44,11,0,10,34
fire_24332969,2020-08-12,fire_24332969_2020-08-09_2020-08-12,2,4.0,396,396,11,11,9,2,9,11,0,3,6
fire_24332991,2020-08-20,fire_24332991_2020-08-20_2020-08-22,0,2.0,1053,310,0,0,0,0,0,0,0,0,0
fire_24332991,2020-08-21,fire_24332991_2020-08-20_2020-08-22,1,3.0,790,530,0,0,0,0,0,0,0,0,0
fire_24332991,2020-08-22,fire_24332991_2020-08-20_2020-08-22,2,4.0,492,426,0,0,0,0,0,0,0,0,0
fire_24332995,2020-08-05,fire_24332995_2020-08-05_2020-08-08,0,2.0,1040,426,40,0,40,0,0,40,0,0,0
fire_24332995,2020-08-06,fire_24332995_2020-08-05_2020-08-08,1,3.0,1249,871,75,40,65,10,30,75,0,14,16
fire_24332995,2020-08-08,fire_24332995_2020-08-05_2020-08-08,2,4.0,462,396,8,75,6,2,73,8,0,30,43
fire_24333000,2020-08-23,fire_24333000_2020-08-23_2020-08-25,0,2.0,805,316,50,0,50,0,0,50,0,0,0
fire_24333000,2020-08-24,fire_24333000_2020-08-23_2020-08-25,1,3.0,838,514,54,50,42,12,38,54,0,18,20
fire_24333000,2020-08-25,fire_24333000_2020-08-23_2020-08-25,2,4.0,835,769,0,54,0,0,54,0,0,5,49
fire_24333000,2020-08-24,fire_24333000_2020-08-24_2020-08-26,0,2.0,838,303,54,0,54,0,0,54,0,0,0
fire_24333000,2020-08-25,fire_24333000_2020-08-24_2020-08-26,1,3.0,835,505,0,54,0,0,54,0,0,5,49
fire_24333000,2020-08-26,fire_24333000_2020-08-24_2020-08-26,2,4.0,858,792,0,0,0,0,0,0,0,0,0
fire_24333000,2020-08-25,fire_24333000_2020-08-25_2020-08-27,0,2.0,835,276,0,0,0,0,0,0,0,0,0
fire_24333000,2020-08-26,fire_24333000_2020-08-25_2020-08-27,1,3.0,858,456,0,0,0,0,0,0,0,0,0
fire_24333000,2020-08-27,fire_24333000_2020-08-25_2020-08-27,2,4.0,477,411,0,0,0,0,0,0,0,0,0
fire_24333000,2020-08-26,fire_24333000_2020-08-26_2020-08-28,0,2.0,858,216,0,0,0,0,0,0,0,0,0
fire_24333000,2020-08-27,fire_24333000_2020-08-26_2020-08-28,1,3.0,477,239,0,0,0,0,0,0,0,0,0
fire_24333000,2020-08-28,fire_24333000_2020-08-26_2020-08-28,2,4.0,462,396,4,0,4,0,0,4,0,0,0
fire_24333000,2020-08-27,fire_24333000_2020-08-27_2020-08-29,0,2.0,477,115,0,0,0,0,0,0,0,0,0
fire_24333000,2020-08-28,fire_24333000_2020-08-27_2020-08-29,1,3.0,462,228,4,0,4,0,0,4,0,0,0
fire_24333000,2020-08-29,fire_24333000_2020-08-27_2020-08-29,2,4.0,487,421,0,4,0,0,4,0,0,0,4
fire_24333000,2020-08-28,fire_24333000_2020-08-28_2020-08-30,0,2.0,462,108,4,0,4,0,0,4,0,0,0
fire_24333000,2020-08-29,fire_24333000_2020-08-28_2020-08-30,1,3.0,487,245,0,4,0,0,4,0,0,0,4
fire_24333000,2020-08-30,fire_24333000_2020-08-28_2020-08-30,2,4.0,1019,955,10,0,10,0,0,10,0,0,0
fire_24333000,2020-08-29,fire_24333000_2020-08-29_2020-08-31,0,2.0,487,119,0,0,0,0,0,0,0,0,0
fire_24333000,2020-08-30,fire_24333000_2020-08-29_2020-08-31,1,3.0,1019,579,10,0,10,0,0,10,0,0,0
fire_24333000,2020-08-31,fire_24333000_2020-08-29_2020-08-31,2,4.0,1800,1737,43,10,42,1,9,43,0,2,7
fire_24333000,2020-08-30,fire_24333000_2020-08-30_2020-09-01,0,2.0,1019,297,10,0,10,0,0,10,0,0,0
fire_24333000,2020-08-31,fire_24333000_2020-08-30_2020-09-01,1,3.0,1800,1103,43,10,42,1,9,43,0,2,7
fire_24333000,2020-09-01,fire_24333000_2020-08-30_2020-09-01,2,4.0,1802,1743,32,43,27,5,38,32,0,14,24
fire_24333000,2020-08-31,fire_24333000_2020-08-31_2020-09-02,0,2.0,1800,605,43,0,43,0,0,43,0,0,0
fire_24333000,2020-09-01,fire_24333000_2020-08-31_2020-09-02,1,3.0,1802,1100,32,43,27,5,38,32,0,17,21
fire_24333000,2020-09-02,fire_24333000_2020-08-31_2020-09-02,2,4.0,497,431,11,32,11,0,32,11,0,32,0
fire_24333000,2020-09-01,fire_24333000_2020-09-01_2020-09-03,0,2.0,1802,597,32,0,32,0,0,32,0,0,0
fire_24333000,2020-09-02,fire_24333000_2020-09-01_2020-09-03,1,3.0,497,255,11,32,11,0,32,11,0,32,0
fire_24333000,2020-09-03,fire_24333000_2020-09-01_2020-09-03,2,4.0,1566,1500,44,11,41,3,8,44,0,0,8
fire_24333000,2020-09-02,fire_24333000_2020-09-02_2020-09-04,0,2.0,497,125,11,0,11,0,0,11,0,0,0
fire_24333000,2020-09-03,fire_24333000_2020-09-02_2020-09-04,1,3.0,1566,924,44,11,41,3,8,44,0,0,8
fire_24333000,2020-09-04,fire_24333000_2020-09-02_2020-09-04,2,4.0,1987,1975,105,44,87,18,26,105,0,19,7
fire_24333000,2020-09-03,fire_24333000_2020-09-03_2020-09-05,0,2.0,1566,489,44,0,44,0,0,44,0,0,0
fire_24333000,2020-09-04,fire_24333000_2020-09-03_2020-09-05,1,3.0,1987,1291,105,44,87,18,26,105,0,19,7
fire_24333000,2020-09-05,fire_24333000_2020-09-03_2020-09-05,2,4.0,2045,2045,52,105,32,20,85,52,0,26,59
fire_24333000,2020-09-04,fire_24333000_2020-09-04_2020-09-06,0,2.0,1987,746,105,0,105,0,0,105,0,0,0
fire_24333000,2020-09-05,fire_24333000_2020-09-04_2020-09-06,1,3.0,2045,1340,52,105,32,20,85,52,0,26,59
fire_24333000,2020-09-06,fire_24333000_2020-09-04_2020-09-06,2,4.0,2364,2298,47,52,31,16,36,47,0,29,7
fire_24333000,2020-09-05,fire_24333000_2020-09-05_2020-09-07,0,2.0,2045,769,52,0,52,0,0,52,0,0,0
fire_24333000,2020-09-06,fire_24333000_2020-09-05_2020-09-07,1,3.0,2364,1585,47,52,31,16,36,47,0,29,7
fire_24333000,2020-09-07,fire_24333000_2020-09-05_2020-09-07,2,4.0,2426,2426,67,47,53,14,33,67,0,27,6
fire_24333000,2020-09-06,fire_24333000_2020-09-06_2020-09-08,0,2.0,2364,945,47,0,47,0,0,47,0,0,0
fire_24333000,2020-09-07,fire_24333000_2020-09-06_2020-09-08,1,3.0,2426,1723,67,47,53,14,33,67,0,27,6
fire_24333000,2020-09-08,fire_24333000_2020-09-06_2020-09-08,2,4.0,3237,3237,0,67,0,0,67,0,0,24,43
fire_24333000,2020-09-07,fire_24333000_2020-09-07_2020-09-09,0,2.0,2426,1096,67,0,67,0,0,67,0,0,0
fire_24333000,2020-09-08,fire_24333000_2020-09-07_2020-09-09,1,3.0,3237,2338,0,67,0,0,67,0,0,24,43
fire_24333000,2020-09-09,fire_24333000_2020-09-07_2020-09-09,2,4.0,3988,3988,0,0,0,0,0,0,0,0,0
fire_24333000,2020-09-08,fire_24333000_2020-09-08_2020-09-12,0,2.0,3237,1508,0,0,0,0,0,0,0,0,0
fire_24333000,2020-09-09,fire_24333000_2020-09-08_2020-09-12,1,3.0,3988,3050,0,0,0,0,0,0,0,0,0
fire_24333000,2020-09-12,fire_24333000_2020-09-08_2020-09-12,2,4.0,492,426,0,0,0,0,0,0,0,0,0
fire_24333000,2020-09-09,fire_24333000_2020-09-09_2020-09-13,0,2.0,3988,2092,0,0,0,0,0,0,0,0,0
fire_24333000,2020-09-12,fire_24333000_2020-09-09_2020-09-13,1,3.0,492,250,0,0,0,0,0,0,0,0,0
fire_24333000,2020-09-13,fire_24333000_2020-09-09_2020-09-13,2,4.0,2093,2027,29,0,29,0,0,29,0,0,0
fire_24333000,2020-09-12,fire_24333000_2020-09-12_2020-09-14,0,2.0,492,122,0,0,0,0,0,0,0,0,0
fire_24333000,2020-09-13,fire_24333000_2020-09-12_2020-09-14,1,3.0,2093,1314,29,0,29,0,0,29,0,0,0
fire_24333000,2020-09-14,fire_24333000_2020-09-12_2020-09-14,2,4.0,3195,3195,42,29,40,2,27,42,0,11,16
fire_24333000,2020-09-13,fire_24333000_2020-09-13_2020-09-15,0,2.0,2093,731,29,0,29,0,0,29,0,0,0
fire_24333000,2020-09-14,fire_24333000_2020-09-13_2020-09-15,1,3.0,3195,2191,42,29,40,2,27,42,0,14,13
fire_24333000,2020-09-15,fire_24333000_2020-09-13_2020-09-15,2,4.0,3217,3217,113,42,102,11,31,113,0,29,2
fire_24333000,2020-09-14,fire_24333000_2020-09-14_2020-09-16,0,2.0,3195,1255,42,0,42,0,0,42,0,0,0
fire_24333000,2020-09-15,fire_24333000_2020-09-14_2020-09-16,1,3.0,3217,2344,113,42,102,11,31,113,0,29,2
fire_24333000,2020-09-16,fire_24333000_2020-09-14_2020-09-16,2,4.0,3568,3568,113,113,86,27,86,113,0,29,57
fire_24333000,2020-09-15,fire_24333000_2020-09-15_2020-09-17,0,2.0,3217,1431,113,0,113,0,0,113,0,0,0
fire_24333000,2020-09-16,fire_24333000_2020-09-15_2020-09-17,1,3.0,3568,2585,113,113,86,27,86,113,0,29,57
fire_24333000,2020-09-17,fire_24333000_2020-09-15_2020-09-17,2,4.0,3286,3286,52,113,41,11,102,52,0,37,65
fire_24333000,2020-09-16,fire_24333000_2020-09-16_2020-09-18,0,2.0,3568,1613,113,0,113,0,0,113,0,0,0
fire_24333000,2020-09-17,fire_24333000_2020-09-16_2020-09-18,1,3.0,3286,2396,52,113,41,11,102,52,0,37,65
fire_24333000,2020-09-18,fire_24333000_2020-09-16_2020-09-18,2,4.0,3854,3834,128,52,113,15,37,128,0,12,25
fire_24333000,2020-09-17,fire_24333000_2020-09-17_2020-09-19,0,2.0,3286,1518,52,0,52,0,0,52,0,0,0
fire_24333000,2020-09-18,fire_24333000_2020-09-17_2020-09-19,1,3.0,3854,2873,128,52,113,15,37,128,0,12,25
fire_24333000,2020-09-19,fire_24333000_2020-09-17_2020-09-19,2,4.0,3845,3839,97,128,71,26,102,97,0,34,68
fire_24333000,2020-09-18,fire_24333000_2020-09-18_2020-09-20,0,2.0,3854,1821,128,0,128,0,0,128,0,0,0
fire_24333000,2020-09-19,fire_24333000_2020-09-18_2020-09-20,1,3.0,3845,2905,97,128,71,26,102,97,0,36,66
fire_24333000,2020-09-20,fire_24333000_2020-09-18_2020-09-20,2,4.0,1909,1843,52,97,42,10,87,52,0,54,33
fire_24333000,2020-09-19,fire_24333000_2020-09-19_2020-09-21,0,2.0,3845,1882,97,0,97,0,0,97,0,0,0
fire_24333000,2020-09-20,fire_24333000_2020-09-19_2020-09-21,1,3.0,1909,1243,52,97,42,10,87,52,0,54,33
fire_24333000,2020-09-21,fire_24333000_2020-09-19_2020-09-21,2,4.0,2278,2228,55,52,45,10,42,55,0,26,16
fire_24333000,2020-09-20,fire_24333000_2020-09-20_2020-09-22,0,2.0,1909,711,52,0,52,0,0,52,0,0,0
fire_24333000,2020-09-21,fire_24333000_2020-09-20_2020-09-22,1,3.0,2278,1524,55,52,45,10,42,55,0,26,16
fire_24333000,2020-09-22,fire_24333000_2020-09-20_2020-09-22,2,4.0,2905,2877,27,55,26,1,54,27,0,9,45
fire_24333000,2020-09-21,fire_24333000_2020-09-21_2020-09-24,0,2.0,2278,883,55,0,55,0,0,55,0,0,0
fire_24333000,2020-09-22,fire_24333000_2020-09-21_2020-09-24,1,3.0,2905,2040,27,55,26,1,54,27,0,12,42
fire_24333000,2020-09-24,fire_24333000_2020-09-21_2020-09-24,2,4.0,1646,1592,26,27,26,0,27,26,0,4,23
fire_24333000,2020-09-22,fire_24333000_2020-09-22_2020-09-25,0,2.0,2905,1188,27,0,27,0,0,27,0,0,0
fire_24333000,2020-09-24,fire_24333000_2020-09-22_2020-09-25,1,3.0,1646,939,26,27,26,0,27,26,0,4,23
fire_24333000,2020-09-25,fire_24333000_2020-09-22_2020-09-25,2,4.0,3621,3621,122,26,115,7,19,122,0,19,0
fire_24333000,2020-09-24,fire_24333000_2020-09-24_2020-09-26,0,2.0,1646,449,26,0,26,0,0,26,0,0,0
fire_24333000,2020-09-25,fire_24333000_2020-09-24_2020-09-26,1,3.0,3621,2496,122,26,115,7,19,122,0,19,0
fire_24333000,2020-09-26,fire_24333000_2020-09-24_2020-09-26,2,4.0,3998,3983,75,122,45,30,92,75,0,25,67
fire_24333000,2020-09-25,fire_24333000_2020-09-25_2020-09-27,0,2.0,3621,1417,122,0,122,0,0,122,0,0,0
fire_24333000,2020-09-26,fire_24333000_2020-09-25_2020-09-27,1,3.0,3998,2845,75,122,45,30,92,75,0,28,64
fire_24333000,2020-09-27,fire_24333000_2020-09-25_2020-09-27,2,4.0,3732,3666,37,75,30,7,68,37,0,9,59
fire_24333000,2020-09-26,fire_24333000_2020-09-26_2020-09-28,0,2.0,3998,1623,75,0,75,0,0,75,0,0,0
fire_24333000,2020-09-27,fire_24333000_2020-09-26_2020-09-28,1,3.0,3732,2599,37,75,30,7,68,37,0,9,59
fire_24333000,2020-09-28,fire_24333000_2020-09-26_2020-09-28,2,4.0,2878,2842,38,37,34,4,33,38,0,12,21
fire_24333000,2020-09-27,fire_24333000_2020-09-27_2020-09-29,0,2.0,3732,1533,37,0,37,0,0,37,0,0,0
fire_24333000,2020-09-28,fire_24333000_2020-09-27_2020-09-29,1,3.0,2878,1901,38,37,34,4,33,38,0,12,21
fire_24333000,2020-09-29,fire_24333000_2020-09-27_2020-09-29,2,4.0,2122,2057,0,38,0,0,38,0,0,14,24
fire_24333000,2020-09-28,fire_24333000_2020-09-28_2020-09-30,0,2.0,2878,1082,38,0,38,0,0,38,0,0,0
fire_24333000,2020-09-29,fire_24333000_2020-09-28_2020-09-30,1,3.0,2122,1290,0,38,0,0,38,0,0,19,19
fire_24333000,2020-09-30,fire_24333000_2020-09-28_2020-09-30,2,4.0,3761,3761,80,0,80,0,0,80,0,0,0
fire_24333000,2020-09-29,fire_24333000_2020-09-29_2020-10-01,0,2.0,2122,673,0,0,0,0,0,0,0,0,0
fire_24333000,2020-09-30,fire_24333000_2020-09-29_2020-10-01,1,3.0,3761,2634,80,0,80,0,0,80,0,0,0
fire_24333000,2020-10-01,fire_24333000_2020-09-29_2020-10-01,2,4.0,4864,4855,71,80,56,15,65,71,0,34,31
fire_24333006,2020-08-14,fire_24333006_2020-08-14_2020-08-16,0,2.0,520,167,39,0,39,0,0,39,0,0,0
fire_24333006,2020-08-15,fire_24333006_2020-08-14_2020-08-16,1,3.0,963,654,63,39,57,6,33,63,0,24,9
fire_24333006,2020-08-16,fire_24333006_2020-08-14_2020-08-16,2,4.0,1258,1258,108,63,96,12,51,108,0,40,11
fire_24333006,2020-08-15,fire_24333006_2020-08-15_2020-08-17,0,2.0,963,390,63,0,63,0,0,63,0,0,0
fire_24333006,2020-08-16,fire_24333006_2020-08-15_2020-08-17,1,3.0,1258,892,108,63,96,12,51,108,0,40,11
fire_24333006,2020-08-17,fire_24333006_2020-08-15_2020-08-17,2,4.0,1655,1655,155,108,148,7,101,155,0,62,39
fire_24333006,2020-08-16,fire_24333006_2020-08-16_2020-08-18,0,2.0,1258,569,108,0,108,0,0,108,0,0,0
fire_24333006,2020-08-17,fire_24333006_2020-08-16_2020-08-18,1,3.0,1655,1228,155,108,148,7,101,155,0,62,39
fire_24333006,2020-08-18,fire_24333006_2020-08-16_2020-08-18,2,4.0,1789,1789,171,155,131,40,115,171,0,42,73
fire_24333006,2020-08-17,fire_24333006_2020-08-17_2020-08-19,0,2.0,1655,838,155,0,155,0,0,155,0,0,0
fire_24333006,2020-08-18,fire_24333006_2020-08-17_2020-08-19,1,3.0,1789,1348,171,155,131,40,115,171,0,42,73
fire_24333006,2020-08-19,fire_24333006_2020-08-17_2020-08-19,2,4.0,1923,1857,197,171,117,80,91,197,0,51,40
fire_24333006,2020-08-18,fire_24333006_2020-08-18_2020-08-20,0,2.0,1789,926,171,0,171,0,0,171,0,0,0
fire_24333006,2020-08-19,fire_24333006_2020-08-18_2020-08-20,1,3.0,1923,1410,197,171,117,80,91,197,0,51,40
fire_24333006,2020-08-20,fire_24333006_2020-08-18_2020-08-20,2,4.0,2003,1937,177,197,114,63,134,177,0,49,85
fire_24333006,2020-08-19,fire_24333006_2020-08-19_2020-08-21,0,2.0,1923,983,197,0,197,0,0,197,0,0,0
fire_24333006,2020-08-20,fire_24333006_2020-08-19_2020-08-21,1,3.0,2003,1483,177,197,114,63,134,177,0,49,85
fire_24333006,2020-08-21,fire_24333006_2020-08-19_2020-08-21,2,4.0,1587,1586,51,177,33,18,159,51,0,33,126
fire_24333006,2020-08-20,fire_24333006_2020-08-20_2020-08-22,0,2.0,2003,1004,177,0,177,0,0,177,0,0,0
fire_24333006,2020-08-21,fire_24333006_2020-08-20_2020-08-22,1,3.0,1587,1078,51,177,33,18,159,51,0,60,99
fire_24333006,2020-08-22,fire_24333006_2020-08-20_2020-08-22,2,4.0,1482,1482,103,51,93,10,41,103,0,25,16
fire_24333006,2020-08-21,fire_24333006_2020-08-21_2020-08-23,0,2.0,1587,623,51,0,51,0,0,51,0,0,0
fire_24333006,2020-08-22,fire_24333006_2020-08-21_2020-08-23,1,3.0,1482,1023,103,51,93,10,41,103,0,25,16
fire_24333006,2020-08-23,fire_24333006_2020-08-21_2020-08-23,2,4.0,2019,2019,160,103,116,44,59,160,0,41,18
fire_24333006,2020-08-22,fire_24333006_2020-08-22_2020-08-24,0,2.0,1482,598,103,0,103,0,0,103,0,0,0
fire_24333006,2020-08-23,fire_24333006_2020-08-22_2020-08-24,1,3.0,2019,1537,160,103,116,44,59,160,0,41,18
fire_24333006,2020-08-24,fire_24333006_2020-08-22_2020-08-24,2,4.0,2343,2343,209,160,154,55,105,209,0,40,65
fire_24333006,2020-08-23,fire_24333006_2020-08-23_2020-08-25,0,2.0,2019,994,160,0,160,0,0,160,0,0,0
fire_24333006,2020-08-24,fire_24333006_2020-08-23_2020-08-25,1,3.0,2343,1763,209,160,154,55,105,209,0,40,65
fire_24333006,2020-08-25,fire_24333006_2020-08-23_2020-08-25,2,4.0,2365,2365,174,209,137,37,172,174,0,46,126
fire_24333006,2020-08-24,fire_24333006_2020-08-24_2020-08-26,0,2.0,2343,1183,209,0,209,0,0,209,0,0,0
fire_24333006,2020-08-25,fire_24333006_2020-08-24_2020-08-26,1,3.0,2365,1758,174,209,137,37,172,174,0,47,125
fire_24333006,2020-08-26,fire_24333006_2020-08-24_2020-08-26,2,4.0,2083,2032,110,174,82,28,146,110,0,39,107
fire_24333006,2020-08-25,fire_24333006_2020-08-25_2020-08-27,0,2.0,2365,1108,174,0,174,0,0,174,0,0,0
fire_24333006,2020-08-26,fire_24333006_2020-08-25_2020-08-27,1,3.0,2083,1484,110,174,82,28,146,110,0,39,107
fire_24333006,2020-08-27,fire_24333006_2020-08-25_2020-08-27,2,4.0,601,577,22,110,19,3,107,22,0,72,35
fire_24333006,2020-08-26,fire_24333006_2020-08-26_2020-08-28,0,2.0,2083,932,110,0,110,0,0,110,0,0,0
fire_24333006,2020-08-27,fire_24333006_2020-08-26_2020-08-28,1,3.0,601,365,22,110,19,3,107,22,0,81,26
fire_24333006,2020-08-28,fire_24333006_2020-08-26_2020-08-28,2,4.0,803,737,0,22,0,0,22,0,0,3,19
fire_24333006,2020-08-27,fire_24333006_2020-08-27_2020-08-29,0,2.0,601,199,22,0,22,0,0,22,0,0,0
fire_24333006,2020-08-28,fire_24333006_2020-08-27_2020-08-29,1,3.0,803,487,0,22,0,0,22,0,0,3,19
fire_24333006,2020-08-29,fire_24333006_2020-08-27_2020-08-29,2,4.0,465,457,0,0,0,0,0,0,0,0,0
fire_24333006,2020-08-28,fire_24333006_2020-08-28_2020-09-03,0,2.0,803,283,0,0,0,0,0,0,0,0,0
fire_24333006,2020-08-29,fire_24333006_2020-08-28_2020-09-03,1,3.0,465,273,0,0,0,0,0,0,0,0,0
fire_24333006,2020-09-03,fire_24333006_2020-08-28_2020-09-03,2,4.0,526,475,17,0,17,0,0,17,0,0,0
fire_24333006,2020-08-29,fire_24333006_2020-08-29_2020-09-04,0,2.0,465,137,0,0,0,0,0,0,0,0,0
fire_24333006,2020-09-03,fire_24333006_2020-08-29_2020-09-04,1,3.0,526,287,17,0,17,0,0,17,0,0,0
fire_24333006,2020-09-04,fire_24333006_2020-08-29_2020-09-04,2,4.0,1298,1298,86,17,80,6,11,86,0,6,5
fire_24333012,2020-09-03,fire_24333012_2020-09-03_2020-09-05,0,2.0,541,146,17,0,17,0,0,17,0,0,0
fire_24333012,2020-09-04,fire_24333012_2020-09-03_2020-09-05,1,3.0,1702,1083,78,17,72,6,11,78,0,6,5
fire_24333012,2020-09-05,fire_24333012_2020-09-03_2020-09-05,2,4.0,1451,1385,30,78,15,15,63,30,0,33,30
fire_24333012,2020-09-04,fire_24333012_2020-09-04_2020-09-06,0,2.0,1702,593,78,0,78,0,0,78,0,0,0
fire_24333012,2020-09-05,fire_24333012_2020-09-04_2020-09-06,1,3.0,1451,913,30,78,15,15,63,30,0,34,29
fire_24333012,2020-09-06,fire_24333012_2020-09-04_2020-09-06,2,4.0,1860,1794,2,30,1,1,29,2,0,17,12
fire_24333012,2020-09-05,fire_24333012_2020-09-05_2020-09-07,0,2.0,1451,532,30,0,30,0,0,30,0,0,0
fire_24333012,2020-09-06,fire_24333012_2020-09-05_2020-09-07,1,3.0,1860,1290,2,30,1,1,29,2,0,17,12
fire_24333012,2020-09-07,fire_24333012_2020-09-05_2020-09-07,2,4.0,4324,4324,310,2,310,0,2,310,0,0,2
fire_24333012,2020-09-06,fire_24333012_2020-09-06_2020-09-08,0,2.0,1860,783,2,0,2,0,0,2,0,0,0
fire_24333012,2020-09-07,fire_24333012_2020-09-06_2020-09-08,1,3.0,4324,3363,310,2,310,0,2,310,0,0,2
fire_24333012,2020-09-08,fire_24333012_2020-09-06_2020-09-08,2,4.0,5591,5591,2,310,2,0,310,2,0,192,118
fire_24333012,2020-09-07,fire_24333012_2020-09-07_2020-09-15,0,2.0,4324,2348,310,0,310,0,0,310,0,0,0
fire_24333012,2020-09-08,fire_24333012_2020-09-07_2020-09-15,1,3.0,5591,4389,2,310,2,0,310,2,0,192,118
fire_24333012,2020-09-15,fire_24333012_2020-09-07_2020-09-15,2,4.0,508,442,12,2,12,0,2,12,0,2,0
fire_24333012,2020-09-08,fire_24333012_2020-09-08_2020-09-16,0,2.0,5591,3074,2,0,2,0,0,2,0,0,0
fire_24333012,2020-09-15,fire_24333012_2020-09-08_2020-09-16,1,3.0,508,262,12,2,12,0,2,12,0,2,0
fire_24333012,2020-09-16,fire_24333012_2020-09-08_2020-09-16,2,4.0,517,451,13,12,7,6,6,13,0,4,2
fire_24333012,2020-09-15,fire_24333012_2020-09-15_2020-09-17,0,2.0,508,130,12,0,12,0,0,12,0,0,0
fire_24333012,2020-09-16,fire_24333012_2020-09-15_2020-09-17,1,3.0,517,271,13,12,7,6,6,13,0,4,2
fire_24333012,2020-09-17,fire_24333012_2020-09-15_2020-09-17,2,4.0,530,464,5,13,1,4,9,5,0,2,7
fire_24333012,2020-09-16,fire_24333012_2020-09-16_2020-09-18,0,2.0,517,135,13,0,13,0,0,13,0,0,0
fire_24333012,2020-09-17,fire_24333012_2020-09-16_2020-09-18,1,3.0,530,280,5,13,1,4,9,5,0,2,7
fire_24333012,2020-09-18,fire_24333012_2020-09-16_2020-09-18,2,4.0,570,506,18,5,15,3,2,18,0,1,1
fire_24333012,2020-09-17,fire_24333012_2020-09-17_2020-09-19,0,2.0,530,141,5,0,5,0,0,5,0,0,0
fire_24333012,2020-09-18,fire_24333012_2020-09-17_2020-09-19,1,3.0,570,310,18,5,15,3,2,18,0,1,1
fire_24333012,2020-09-19,fire_24333012_2020-09-17_2020-09-19,2,4.0,525,498,0,18,0,0,18,0,0,5,13
fire_24333012,2020-09-18,fire_24333012_2020-09-18_2020-09-21,0,2.0,570,161,18,0,18,0,0,18,0,0,0
fire_24333012,2020-09-19,fire_24333012_2020-09-18_2020-09-21,1,3.0,525,305,0,18,0,0,18,0,0,5,13
fire_24333012,2020-09-21,fire_24333012_2020-09-18_2020-09-21,2,4.0,1134,1134,25,0,25,0,0,25,0,0,0
fire_24333012,2020-09-19,fire_24333012_2020-09-19_2020-09-22,0,2.0,525,158,0,0,0,0,0,0,0,0,0
fire_24333012,2020-09-21,fire_24333012_2020-09-19_2020-09-22,1,3.0,1134,799,25,0,25,0,0,25,0,0,0
fire_24333012,2020-09-22,fire_24333012_2020-09-19_2020-09-22,2,4.0,1058,1058,12,25,12,0,25,12,0,15,10
fire_24333026,2020-08-15,fire_24333026_2020-08-15_2020-08-17,0,2.0,446,132,12,0,12,0,0,12,0,0,0
fire_24333026,2020-08-16,fire_24333026_2020-08-15_2020-08-17,1,3.0,869,586,14,12,14,0,12,14,0,8,4
fire_24333026,2020-08-17,fire_24333026_2020-08-15_2020-08-17,2,4.0,1186,1186,115,14,109,6,8,115,0,7,1
fire_24333026,2020-08-16,fire_24333026_2020-08-16_2020-08-18,0,2.0,869,343,14,0,14,0,0,14,0,0,0
fire_24333026,2020-08-17,fire_24333026_2020-08-16_2020-08-18,1,3.0,1186,840,115,14,109,6,8,115,0,7,1
fire_24333026,2020-08-18,fire_24333026_2020-08-16_2020-08-18,2,4.0,1148,1148,27,115,13,14,101,27,0,19,82
fire_24333026,2020-08-17,fire_24333026_2020-08-17_2020-08-19,0,2.0,1186,531,115,0,115,0,0,115,0,0,0
fire_24333026,2020-08-18,fire_24333026_2020-08-17_2020-08-19,1,3.0,1148,812,27,115,13,14,101,27,0,19,82
fire_24333026,2020-08-19,fire_24333026_2020-08-17_2020-08-19,2,4.0,1148,1148,117,27,109,8,19,117,0,11,8
fire_24333026,2020-08-18,fire_24333026_2020-08-18_2020-08-20,0,2.0,1148,518,27,0,27,0,0,27,0,0,0
fire_24333026,2020-08-19,fire_24333026_2020-08-18_2020-08-20,1,3.0,1148,822,117,27,109,8,19,117,0,11,8
fire_24333026,2020-08-20,fire_24333026_2020-08-18_2020-08-20,2,4.0,1560,1560,99,117,80,19,98,99,0,27,71
fire_24333026,2020-08-19,fire_24333026_2020-08-19_2020-08-21,0,2.0,1148,535,117,0,117,0,0,117,0,0,0
fire_24333026,2020-08-20,fire_24333026_2020-08-19_2020-08-21,1,3.0,1560,1147,99,117,80,19,98,99,0,27,71
fire_24333026,2020-08-21,fire_24333026_2020-08-19_2020-08-21,2,4.0,1537,1537,4,99,2,2,97,4,0,27,70
fire_24333026,2020-08-20,fire_24333026_2020-08-20_2020-08-22,0,2.0,1560,771,99,0,99,0,0,99,0,0,0
fire_24333026,2020-08-21,fire_24333026_2020-08-20_2020-08-22,1,3.0,1537,1116,4,99,2,2,97,4,0,27,70
fire_24333026,2020-08-22,fire_24333026_2020-08-20_2020-08-22,2,4.0,951,932,20,4,18,2,2,20,0,0,2
fire_24333026,2020-08-21,fire_24333026_2020-08-21_2020-08-23,0,2.0,1537,713,4,0,4,0,0,4,0,0,0
fire_24333026,2020-08-22,fire_24333026_2020-08-21_2020-08-23,1,3.0,951,562,20,4,18,2,2,20,0,0,2
fire_24333026,2020-08-23,fire_24333026_2020-08-21_2020-08-23,2,4.0,1639,1639,131,20,129,2,18,131,0,14,4
fire_24333026,2020-08-22,fire_24333026_2020-08-22_2020-08-24,0,2.0,951,285,20,0,20,0,0,20,0,0,0
fire_24333026,2020-08-23,fire_24333026_2020-08-22_2020-08-24,1,3.0,1639,1213,131,20,129,2,18,131,0,14,4
fire_24333026,2020-08-24,fire_24333026_2020-08-22_2020-08-24,2,4.0,1813,1747,155,131,103,52,79,155,0,26,53
fire_24333026,2020-08-23,fire_24333026_2020-08-23_2020-08-25,0,2.0,1639,819,131,0,131,0,0,131,0,0,0
fire_24333026,2020-08-24,fire_24333026_2020-08-23_2020-08-25,1,3.0,1813,1299,155,131,103,52,79,155,0,26,53
fire_24333026,2020-08-25,fire_24333026_2020-08-23_2020-08-25,2,4.0,1531,1468,83,155,51,32,123,83,0,12,111
fire_24333026,2020-08-24,fire_24333026_2020-08-24_2020-08-26,0,2.0,1813,875,155,0,155,0,0,155,0,0,0
fire_24333026,2020-08-25,fire_24333026_2020-08-24_2020-08-26,1,3.0,1531,1056,83,155,51,32,123,83,0,18,105
fire_24333026,2020-08-26,fire_24333026_2020-08-24_2020-08-26,2,4.0,1519,1453,68,83,50,18,65,68,0,15,50
fire_24333026,2020-08-25,fire_24333026_2020-08-25_2020-08-27,0,2.0,1531,660,83,0,83,0,0,83,0,0,0
fire_24333026,2020-08-26,fire_24333026_2020-08-25_2020-08-27,1,3.0,1519,1011,68,83,50,18,65,68,0,22,43
fire_24333026,2020-08-27,fire_24333026_2020-08-25_2020-08-27,2,4.0,827,797,9,68,6,3,65,9,0,10,55
fire_24333026,2020-08-26,fire_24333026_2020-08-26_2020-08-28,0,2.0,1519,581,68,0,68,0,0,68,0,0,0
fire_24333026,2020-08-27,fire_24333026_2020-08-26_2020-08-28,1,3.0,827,489,9,68,6,3,65,9,0,15,50
fire_24333026,2020-08-28,fire_24333026_2020-08-26_2020-08-28,2,4.0,843,777,27,9,27,0,9,27,0,0,9
fire_24333026,2020-08-27,fire_24333026_2020-08-27_2020-08-29,0,2.0,827,237,9,0,9,0,0,9,0,0,0
fire_24333026,2020-08-28,fire_24333026_2020-08-27_2020-08-29,1,3.0,843,508,27,9,27,0,9,27,0,1,8
fire_24333026,2020-08-29,fire_24333026_2020-08-27_2020-08-29,2,4.0,1385,1359,0,27,0,0,27,0,0,6,21
fire_24333026,2020-08-28,fire_24333026_2020-08-28_2020-09-05,0,2.0,843,271,27,0,27,0,0,27,0,0,0
fire_24333026,2020-08-29,fire_24333026_2020-08-28_2020-09-05,1,3.0,1385,924,0,27,0,0,27,0,0,6,21
fire_24333026,2020-09-05,fire_24333026_2020-08-28_2020-09-05,2,4.0,436,411,6,0,6,0,0,6,0,0,0
fire_24333026,2020-08-29,fire_24333026_2020-08-29_2020-09-06,0,2.0,1385,499,0,0,0,0,0,0,0,0,0
fire_24333026,2020-09-05,fire_24333026_2020-08-29_2020-09-06,1,3.0,436,239,6,0,6,0,0,6,0,0,0
fire_24333026,2020-09-06,fire_24333026_2020-08-29_2020-09-06,2,4.0,477,411,0,6,0,0,6,0,0,2,4
fire_24333026,2020-09-05,fire_24333026_2020-09-05_2020-09-07,0,2.0,436,115,6,0,6,0,0,6,0,0,0
fire_24333026,2020-09-06,fire_24333026_2020-09-05_2020-09-07,1,3.0,477,239,0,6,0,0,6,0,0,2,4
fire_24333026,2020-09-07,fire_24333026_2020-09-05_2020-09-07,2,4.0,955,935,10,0,10,0,0,10,0,0,0
fire_24333026,2020-09-06,fire_24333026_2020-09-06_2020-09-08,0,2.0,477,115,0,0,0,0,0,0,0,0,0
fire_24333026,2020-09-07,fire_24333026_2020-09-06_2020-09-08,1,3.0,955,571,10,0,10,0,0,10,0,0,0
fire_24333026,2020-09-08,fire_24333026_2020-09-06_2020-09-08,2,4.0,543,477,0,10,0,0,10,0,0,10,0
fire_24333033,2020-08-11,fire_24333033_2020-08-11_2020-08-13,0,2.0,733,284,56,0,56,0,0,56,0,0,0
fire_24333033,2020-08-12,fire_24333033_2020-08-11_2020-08-13,1,3.0,876,591,63,56,52,11,45,63,0,38,7
fire_24333033,2020-08-13,fire_24333033_2020-08-11_2020-08-13,2,4.0,1069,1069,113,63,93,20,43,113,0,33,10
fire_24333033,2020-08-12,fire_24333033_2020-08-12_2020-08-14,0,2.0,876,355,63,0,63,0,0,63,0,0,0
fire_24333033,2020-08-13,fire_24333033_2020-08-12_2020-08-14,1,3.0,1069,746,113,63,93,20,43,113,0,33,10
fire_24333033,2020-08-14,fire_24333033_2020-08-12_2020-08-14,2,4.0,1357,1357,172,113,135,37,76,172,0,51,25
fire_24333033,2020-08-13,fire_24333033_2020-08-13_2020-08-15,0,2.0,1069,461,113,0,113,0,0,113,0,0,0
fire_24333033,2020-08-14,fire_24333033_2020-08-13_2020-08-15,1,3.0,1357,974,172,113,135,37,76,172,0,51,25
fire_24333033,2020-08-15,fire_24333033_2020-08-13_2020-08-15,2,4.0,1629,1629,247,172,201,46,126,247,0,73,53
fire_24333033,2020-08-14,fire_24333033_2020-08-14_2020-08-16,0,2.0,1357,629,172,0,172,0,0,172,0,0,0
fire_24333033,2020-08-15,fire_24333033_2020-08-14_2020-08-16,1,3.0,1629,1200,247,172,201,46,126,247,0,76,50
fire_24333033,2020-08-16,fire_24333033_2020-08-14_2020-08-16,2,4.0,1949,1949,173,247,146,27,220,173,0,121,99
fire_24333033,2020-08-15,fire_24333033_2020-08-15_2020-08-17,0,2.0,1629,806,247,0,247,0,0,247,0,0,0
fire_24333033,2020-08-16,fire_24333033_2020-08-15_2020-08-17,1,3.0,1949,1475,173,247,146,27,220,173,0,121,99
fire_24333033,2020-08-17,fire_24333033_2020-08-15_2020-08-17,2,4.0,2163,2163,0,173,0,0,173,0,0,67,106
fire_24333033,2020-08-16,fire_24333033_2020-08-16_2020-08-18,0,2.0,1949,1029,173,0,173,0,0,173,0,0,0
fire_24333033,2020-08-17,fire_24333033_2020-08-16_2020-08-18,1,3.0,2163,1666,0,173,0,0,173,0,0,67,106
fire_24333033,2020-08-18,fire_24333033_2020-08-16_2020-08-18,2,4.0,2153,2153,36,0,36,0,0,36,0,0,0
fire_24333033,2020-08-17,fire_24333033_2020-08-17_2020-08-19,0,2.0,2163,1205,0,0,0,0,0,0,0,0,0
fire_24333033,2020-08-18,fire_24333033_2020-08-17_2020-08-19,1,3.0,2153,1657,36,0,36,0,0,36,0,0,0
fire_24333033,2020-08-19,fire_24333033_2020-08-17_2020-08-19,2,4.0,2410,2344,0,36,0,0,36,0,0,14,22
fire_24333033,2020-08-18,fire_24333033_2020-08-18_2020-08-20,0,2.0,2153,1171,36,0,36,0,0,36,0,0,0
fire_24333033,2020-08-19,fire_24333033_2020-08-18_2020-08-20,1,3.0,2410,1792,0,36,0,0,36,0,0,14,22
fire_24333033,2020-08-20,fire_24333033_2020-08-18_2020-08-20,2,4.0,1145,1079,0,0,0,0,0,0,0,0,0
fire_24333033,2020-08-19,fire_24333033_2020-08-19_2020-08-21,0,2.0,2410,1185,0,0,0,0,0,0,0,0,0
fire_24333033,2020-08-20,fire_24333033_2020-08-19_2020-08-21,1,3.0,1145,673,0,0,0,0,0,0,0,0,0
fire_24333033,2020-08-21,fire_24333033_2020-08-19_2020-08-21,2,4.0,1685,1619,44,0,44,0,0,44,0,0,0
fire_24333033,2020-08-20,fire_24333033_2020-08-20_2020-08-23,0,2.0,1145,358,0,0,0,0,0,0,0,0,0
fire_24333033,2020-08-21,fire_24333033_2020-08-20_2020-08-23,1,3.0,1685,1107,44,0,44,0,0,44,0,0,0
fire_24333033,2020-08-23,fire_24333033_2020-08-20_2020-08-23,2,4.0,835,835,0,44,0,0,44,0,0,4,40
fire_24333033,2020-08-21,fire_24333033_2020-08-21_2020-08-24,0,2.0,1685,618,44,0,44,0,0,44,0,0,0
fire_24333033,2020-08-23,fire_24333033_2020-08-21_2020-08-24,1,3.0,835,541,0,44,0,0,44,0,0,4,40
fire_24333033,2020-08-24,fire_24333033_2020-08-21_2020-08-24,2,4.0,1899,1899,0,0,0,0,0,0,0,0,0
fire_24333033,2020-08-23,fire_24333033_2020-08-23_2020-08-25,0,2.0,835,272,0,0,0,0,0,0,0,0,0
fire_24333033,2020-08-24,fire_24333033_2020-08-23_2020-08-25,1,3.0,1899,1311,0,0,0,0,0,0,0,0,0
fire_24333033,2020-08-25,fire_24333033_2020-08-23_2020-08-25,2,4.0,1586,1536,5,0,5,0,0,5,0,0,0
fire_24333033,2020-08-24,fire_24333033_2020-08-24_2020-08-26,0,2.0,1899,788,0,0,0,0,0,0,0,0,0
fire_24333033,2020-08-25,fire_24333033_2020-08-24_2020-08-26,1,3.0,1586,1059,5,0,5,0,0,5,0,0,0
fire_24333033,2020-08-26,fire_24333033_2020-08-24_2020-08-26,2,4.0,1048,982,9,5,8,1,4,9,0,1,3
fire_24333033,2020-08-25,fire_24333033_2020-08-25_2020-08-27,0,2.0,1586,585,5,0,5,0,0,5,0,0,0
fire_24333033,2020-08-26,fire_24333033_2020-08-25_2020-08-27,1,3.0,1048,598,9,5,8,1,4,9,0,1,3
fire_24333033,2020-08-27,fire_24333033_2020-08-25_2020-08-27,2,4.0,524,458,6,9,5,1,8,6,0,7,1
fire_24333033,2020-08-26,fire_24333033_2020-08-26_2020-08-28,0,2.0,1048,307,9,0,9,0,0,9,0,0,0
fire_24333033,2020-08-27,fire_24333033_2020-08-26_2020-08-28,1,3.0,524,276,6,9,5,1,8,6,0,7,1
fire_24333033,2020-08-28,fire_24333033_2020-08-26_2020-08-28,2,4.0,946,880,23,6,22,1,5,23,0,0,5
fire_24333039,2020-08-02,fire_24333039_2020-08-02_2020-08-04,0,2.0,1042,304,13,0,13,0,0,13,0,0,0
fire_24333039,2020-08-03,fire_24333039_2020-08-02_2020-08-04,1,3.0,606,339,22,13,18,4,9,22,0,8,1
fire_24333039,2020-08-04,fire_24333039_2020-08-02_2020-08-04,2,4.0,828,762,29,22,29,0,22,29,0,0,22
fire_24333039,2020-08-03,fire_24333039_2020-08-03_2020-08-05,0,2.0,606,181,22,0,22,0,0,22,0,0,0
fire_24333039,2020-08-04,fire_24333039_2020-08-03_2020-08-05,1,3.0,828,506,29,22,29,0,22,29,0,5,17
fire_24333039,2020-08-05,fire_24333039_2020-08-03_2020-08-05,2,4.0,1548,1548,54,29,50,4,25,54,0,0,25
fire_24333039,2020-08-04,fire_24333039_2020-08-04_2020-08-06,0,2.0,828,288,29,0,29,0,0,29,0,0,0
fire_24333039,2020-08-05,fire_24333039_2020-08-04_2020-08-06,1,3.0,1548,1018,54,29,50,4,25,54,0,0,25
fire_24333039,2020-08-06,fire_24333039_2020-08-04_2020-08-06,2,4.0,1823,1823,57,54,50,7,47,57,0,21,26
fire_24333039,2020-08-05,fire_24333039_2020-08-05_2020-08-07,0,2.0,1548,579,54,0,54,0,0,54,0,0,0
fire_24333039,2020-08-06,fire_24333039_2020-08-05_2020-08-07,1,3.0,1823,1247,57,54,50,7,47,57,0,21,26
fire_24333039,2020-08-07,fire_24333039_2020-08-05_2020-08-07,2,4.0,1607,1607,73,57,69,4,53,73,0,16,37
fire_24333039,2020-08-06,fire_24333039_2020-08-06_2020-08-08,0,2.0,1823,763,57,0,57,0,0,57,0,0,0
fire_24333039,2020-08-07,fire_24333039_2020-08-06_2020-08-08,1,3.0,1607,1191,73,57,69,4,53,73,0,16,37
fire_24333039,2020-08-08,fire_24333039_2020-08-06_2020-08-08,2,4.0,1680,1680,198,73,179,19,54,198,0,18,36
fire_24333039,2020-08-07,fire_24333039_2020-08-07_2020-08-09,0,2.0,1607,802,73,0,73,0,0,73,0,0,0
fire_24333039,2020-08-08,fire_24333039_2020-08-07_2020-08-09,1,3.0,1680,1269,198,73,179,19,54,198,0,18,36
fire_24333039,2020-08-09,fire_24333039_2020-08-07_2020-08-09,2,4.0,2102,2102,179,198,137,42,156,179,0,87,69
fire_24333039,2020-08-08,fire_24333039_2020-08-08_2020-08-10,0,2.0,1680,860,198,0,198,0,0,198,0,0,0
fire_24333039,2020-08-09,fire_24333039_2020-08-08_2020-08-10,1,3.0,2102,1608,179,198,137,42,156,179,0,87,69
fire_24333039,2020-08-10,fire_24333039_2020-08-08_2020-08-10,2,4.0,2342,2276,78,179,53,25,154,78,0,36,118
fire_24333039,2020-08-09,fire_24333039_2020-08-09_2020-08-11,0,2.0,2102,1089,179,0,179,0,0,179,0,0,0
fire_24333039,2020-08-10,fire_24333039_2020-08-09_2020-08-11,1,3.0,2342,1697,78,179,53,25,154,78,0,42,112
fire_24333039,2020-08-11,fire_24333039_2020-08-09_2020-08-11,2,4.0,2682,2682,31,78,31,0,78,31,0,31,47
fire_24333039,2020-08-10,fire_24333039_2020-08-10_2020-08-12,0,2.0,2342,1066,78,0,78,0,0,78,0,0,0
fire_24333039,2020-08-11,fire_24333039_2020-08-10_2020-08-12,1,3.0,2682,1941,31,78,31,0,78,31,0,31,47
fire_24333039,2020-08-12,fire_24333039_2020-08-10_2020-08-12,2,4.0,2790,2790,74,31,71,3,28,74,0,16,12
fire_24333039,2020-08-11,fire_24333039_2020-08-11_2020-08-13,0,2.0,2682,1268,31,0,31,0,0,31,0,0,0
fire_24333039,2020-08-12,fire_24333039_2020-08-11_2020-08-13,1,3.0,2790,2109,74,31,71,3,28,74,0,16,12
fire_24333039,2020-08-13,fire_24333039_2020-08-11_2020-08-13,2,4.0,3291,3291,165,74,156,9,65,165,0,22,43
fire_24333039,2020-08-12,fire_24333039_2020-08-12_2020-08-14,0,2.0,2790,1387,74,0,74,0,0,74,0,0,0
fire_24333039,2020-08-13,fire_24333039_2020-08-12_2020-08-14,1,3.0,3291,2456,165,74,156,9,65,165,0,28,37
fire_24333039,2020-08-14,fire_24333039_2020-08-12_2020-08-14,2,4.0,2780,2780,223,165,191,32,133,223,0,73,60
fire_24333039,2020-08-13,fire_24333039_2020-08-13_2020-08-15,0,2.0,3291,1590,165,0,165,0,0,165,0,0,0
fire_24333039,2020-08-14,fire_24333039_2020-08-13_2020-08-15,1,3.0,2780,2064,223,165,191,32,133,223,0,73,60
fire_24333039,2020-08-15,fire_24333039_2020-08-13_2020-08-15,2,4.0,2258,2258,198,223,147,51,172,198,0,47,125
fire_24333039,2020-08-14,fire_24333039_2020-08-14_2020-08-16,0,2.0,2780,1343,223,0,223,0,0,223,0,0,0
fire_24333039,2020-08-15,fire_24333039_2020-08-14_2020-08-16,1,3.0,2258,1605,198,223,147,51,172,198,0,62,110
fire_24333039,2020-08-16,fire_24333039_2020-08-14_2020-08-16,2,4.0,2913,2913,221,198,172,49,149,221,0,62,87
fire_24333039,2020-08-15,fire_24333039_2020-08-15_2020-08-17,0,2.0,2258,993,198,0,198,0,0,198,0,0,0
fire_24333039,2020-08-16,fire_24333039_2020-08-15_2020-08-17,1,3.0,2913,2120,221,198,172,49,149,221,0,62,87
fire_24333039,2020-08-17,fire_24333039_2020-08-15_2020-08-17,2,4.0,2622,2622,15,221,13,2,219,15,0,89,130
fire_24333039,2020-08-16,fire_24333039_2020-08-16_2020-08-18,0,2.0,2913,1347,221,0,221,0,0,221,0,0,0
fire_24333039,2020-08-17,fire_24333039_2020-08-16_2020-08-18,1,3.0,2622,1964,15,221,13,2,219,15,0,89,130
fire_24333039,2020-08-18,fire_24333039_2020-08-16_2020-08-18,2,4.0,2313,2313,0,15,0,0,15,0,0,0,15
fire_24333039,2020-08-17,fire_24333039_2020-08-17_2020-08-19,0,2.0,2622,1270,15,0,15,0,0,15,0,0,0
fire_24333039,2020-08-18,fire_24333039_2020-08-17_2020-08-19,1,3.0,2313,1713,0,15,0,0,15,0,0,0,15
fire_24333039,2020-08-19,fire_24333039_2020-08-17_2020-08-19,2,4.0,2289,2287,125,0,125,0,0,125,0,0,0
fire_24333039,2020-08-18,fire_24333039_2020-08-18_2020-08-20,0,2.0,2313,1142,0,0,0,0,0,0,0,0,0
fire_24333039,2020-08-19,fire_24333039_2020-08-18_2020-08-20,1,3.0,2289,1673,125,0,125,0,0,125,0,0,0
fire_24333039,2020-08-20,fire_24333039_2020-08-18_2020-08-20,2,4.0,4319,4319,0,125,0,0,125,0,0,66,59
fire_24333039,2020-08-19,fire_24333039_2020-08-19_2020-08-21,0,2.0,2289,1047,125,0,125,0,0,125,0,0,0
fire_24333039,2020-08-20,fire_24333039_2020-08-19_2020-08-21,1,3.0,4319,3463,0,125,0,0,125,0,0,66,59
fire_24333039,2020-08-21,fire_24333039_2020-08-19_2020-08-21,2,4.0,3318,3295,109,0,109,0,0,109,0,0,0
fire_24333039,2020-08-20,fire_24333039_2020-08-20_2020-08-22,0,2.0,4319,2553,0,0,0,0,0,0,0,0,0
fire_24333039,2020-08-21,fire_24333039_2020-08-20_2020-08-22,1,3.0,3318,2561,109,0,109,0,0,109,0,0,0
fire_24333039,2020-08-22,fire_24333039_2020-08-20_2020-08-22,2,4.0,3145,3145,0,109,0,0,109,0,0,16,93
fire_24333039,2020-08-21,fire_24333039_2020-08-21_2020-08-23,0,2.0,3318,1730,109,0,109,0,0,109,0,0,0
fire_24333039,2020-08-22,fire_24333039_2020-08-21_2020-08-23,1,3.0,3145,2209,0,109,0,0,109,0,0,24,85
fire_24333039,2020-08-23,fire_24333039_2020-08-21_2020-08-23,2,4.0,4048,4048,79,0,79,0,0,79,0,0,0
fire_24333039,2020-08-22,fire_24333039_2020-08-22_2020-08-24,0,2.0,3145,1295,0,0,0,0,0,0,0,0,0
fire_24333039,2020-08-23,fire_24333039_2020-08-22_2020-08-24,1,3.0,4048,2826,79,0,79,0,0,79,0,0,0
fire_24333039,2020-08-24,fire_24333039_2020-08-22_2020-08-24,2,4.0,3357,3357,100,79,94,6,73,100,0,34,39
fire_24333039,2020-08-23,fire_24333039_2020-08-23_2020-08-25,0,2.0,4048,1660,79,0,79,0,0,79,0,0,0
fire_24333039,2020-08-24,fire_24333039_2020-08-23_2020-08-25,1,3.0,3357,2437,100,79,94,6,73,100,0,34,39
fire_24333039,2020-08-25,fire_24333039_2020-08-23_2020-08-25,2,4.0,2899,2898,29,100,23,6,94,29,0,19,75
fire_24333039,2020-08-24,fire_24333039_2020-08-24_2020-08-26,0,2.0,3357,1509,100,0,100,0,0,100,0,0,0
fire_24333039,2020-08-25,fire_24333039_2020-08-24_2020-08-26,1,3.0,2899,2039,29,100,23,6,94,29,0,26,68
fire_24333039,2020-08-26,fire_24333039_2020-08-24_2020-08-26,2,4.0,1981,1980,0,29,0,0,29,0,0,6,23
fire_24333039,2020-08-25,fire_24333039_2020-08-25_2020-08-28,0,2.0,2899,1209,29,0,29,0,0,29,0,0,0
fire_24333039,2020-08-26,fire_24333039_2020-08-25_2020-08-28,1,3.0,1981,1323,0,29,0,0,29,0,0,6,23
fire_24333039,2020-08-28,fire_24333039_2020-08-25_2020-08-28,2,4.0,477,411,0,0,0,0,0,0,0,0,0
fire_24333255,2020-08-19,fire_24333255_2020-08-19_2020-08-21,0,2.0,557,155,0,0,0,0,0,0,0,0,0
fire_24333255,2020-08-20,fire_24333255_2020-08-19_2020-08-21,1,3.0,1120,780,40,0,40,0,0,40,0,0,0
fire_24333255,2020-08-21,fire_24333255_2020-08-19_2020-08-21,2,4.0,1154,1154,14,40,13,1,39,14,0,18,21
fire_24333255,2020-08-20,fire_24333255_2020-08-20_2020-08-22,0,2.0,1120,476,40,0,40,0,0,40,0,0,0
fire_24333255,2020-08-21,fire_24333255_2020-08-20_2020-08-22,1,3.0,1154,813,14,40,13,1,39,14,0,18,21
fire_24333255,2020-08-22,fire_24333255_2020-08-20_2020-08-22,2,4.0,949,920,7,14,7,0,14,7,0,3,11
fire_24333255,2020-08-21,fire_24333255_2020-08-21_2020-08-23,0,2.0,1154,511,14,0,14,0,0,14,0,0,0
fire_24333255,2020-08-22,fire_24333255_2020-08-21_2020-08-23,1,3.0,949,626,7,14,7,0,14,7,0,7,7
fire_24333255,2020-08-23,fire_24333255_2020-08-21_2020-08-23,2,4.0,1372,1372,64,7,64,0,7,64,0,7,0
fire_24333255,2020-08-22,fire_24333255_2020-08-22_2020-08-24,0,2.0,949,372,7,0,7,0,0,7,0,0,0
fire_24333255,2020-08-23,fire_24333255_2020-08-22_2020-08-24,1,3.0,1372,975,64,7,64,0,7,64,0,7,0
fire_24333255,2020-08-24,fire_24333255_2020-08-22_2020-08-24,2,4.0,973,972,34,64,27,7,57,34,0,7,50
fire_24333255,2020-08-23,fire_24333255_2020-08-23_2020-08-25,0,2.0,1372,617,64,0,64,0,0,64,0,0,0
fire_24333255,2020-08-24,fire_24333255_2020-08-23_2020-08-25,1,3.0,973,622,34,64,27,7,57,34,0,16,41
fire_24333255,2020-08-25,fire_24333255_2020-08-23_2020-08-25,2,4.0,1032,966,53,34,43,10,24,53,0,6,18
fire_24333255,2020-08-24,fire_24333255_2020-08-24_2020-08-26,0,2.0,973,323,34,0,34,0,0,34,0,0,0
fire_24333255,2020-08-25,fire_24333255_2020-08-24_2020-08-26,1,3.0,1032,659,53,34,43,10,24,53,0,6,18
fire_24333255,2020-08-26,fire_24333255_2020-08-24_2020-08-26,2,4.0,1012,952,46,53,30,16,37,46,0,5,32
fire_24333255,2020-08-25,fire_24333255_2020-08-25_2020-08-28,0,2.0,1032,394,53,0,53,0,0,53,0,0,0
fire_24333255,2020-08-26,fire_24333255_2020-08-25_2020-08-28,1,3.0,1012,644,46,53,30,16,37,46,0,5,32
fire_24333255,2020-08-28,fire_24333255_2020-08-25_2020-08-28,2,4.0,679,635,23,46,15,8,38,23,0,12,26
fire_24333259,2020-08-29,fire_24333259_2020-08-29_2020-08-31,0,2.0,431,125,11,0,11,0,0,11,0,0,0
fire_24333259,2020-08-30,fire_24333259_2020-08-29_2020-08-31,1,3.0,479,291,19,11,16,3,8,19,0,8,0
fire_24333259,2020-08-31,fire_24333259_2020-08-29_2020-08-31,2,4.0,502,502,22,19,12,10,9,22,0,5,4
fire_24333259,2020-08-30,fire_24333259_2020-08-30_2020-09-03,0,2.0,479,148,19,0,19,0,0,19,0,0,0
fire_24333259,2020-08-31,fire_24333259_2020-08-30_2020-09-03,1,3.0,502,309,22,19,12,10,9,22,0,5,4
fire_24333259,2020-09-03,fire_24333259_2020-08-30_2020-09-03,2,4.0,462,396,8,22,6,2,20,8,0,0,20
fire_24333259,2020-08-31,fire_24333259_2020-08-31_2020-09-04,0,2.0,502,160,22,0,22,0,0,22,0,0,0
fire_24333259,2020-09-03,fire_24333259_2020-08-31_2020-09-04,1,3.0,462,228,8,22,6,2,20,8,0,0,20
fire_24333259,2020-09-04,fire_24333259_2020-08-31_2020-09-04,2,4.0,560,560,29,8,26,3,5,29,0,5,0
fire_24333259,2020-09-03,fire_24333259_2020-09-03_2020-09-05,0,2.0,462,108,8,0,8,0,0,8,0,0,0
fire_24333259,2020-09-04,fire_24333259_2020-09-03_2020-09-05,1,3.0,560,350,29,8,26,3,5,29,0,5,0
fire_24333259,2020-09-05,fire_24333259_2020-09-03_2020-09-05,2,4.0,638,638,37,29,27,10,19,37,0,15,4
fire_24333259,2020-09-04,fire_24333259_2020-09-04_2020-09-06,0,2.0,560,188,29,0,29,0,0,29,0,0,0
fire_24333259,2020-09-05,fire_24333259_2020-09-04_2020-09-06,1,3.0,638,413,37,29,27,10,19,37,0,15,4
fire_24333259,2020-09-06,fire_24333259_2020-09-04_2020-09-06,2,4.0,814,814,49,37,43,6,31,49,0,31,0
fire_24333259,2020-09-05,fire_24333259_2020-09-05_2020-09-07,0,2.0,638,230,37,0,37,0,0,37,0,0,0
fire_24333259,2020-09-06,fire_24333259_2020-09-05_2020-09-07,1,3.0,814,550,49,37,43,6,31,49,0,31,0
fire_24333259,2020-09-07,fire_24333259_2020-09-05_2020-09-07,2,4.0,866,866,38,49,28,10,39,38,0,19,20
fire_24333259,2020-09-06,fire_24333259_2020-09-06_2020-09-11,0,2.0,814,318,49,0,49,0,0,49,0,0,0
fire_24333259,2020-09-07,fire_24333259_2020-09-06_2020-09-11,1,3.0,866,586,38,49,28,10,39,38,0,19,20
fire_24333259,2020-09-11,fire_24333259_2020-09-06_2020-09-11,2,4.0,399,396,11,38,9,2,36,11,0,9,27
fire_24333259,2020-09-07,fire_24333259_2020-09-07_2020-09-12,0,2.0,866,349,38,0,38,0,0,38,0,0,0
fire_24333259,2020-09-11,fire_24333259_2020-09-07_2020-09-12,1,3.0,399,228,11,38,9,2,36,11,0,16,20
fire_24333259,2020-09-12,fire_24333259_2020-09-07_2020-09-12,2,4.0,427,396,10,11,10,0,11,10,0,11,0
fire_24333259,2020-09-11,fire_24333259_2020-09-11_2020-09-13,0,2.0,399,108,11,0,11,0,0,11,0,0,0
fire_24333259,2020-09-12,fire_24333259_2020-09-11_2020-09-13,1,3.0,427,228,10,11,10,0,11,10,0,11,0
fire_24333259,2020-09-13,fire_24333259_2020-09-11_2020-09-13,2,4.0,477,477,20,10,20,0,10,20,0,10,0
fire_24333259,2020-09-12,fire_24333259_2020-09-12_2020-09-14,0,2.0,427,108,10,0,10,0,0,10,0,0,0
fire_24333259,2020-09-13,fire_24333259_2020-09-12_2020-09-14,1,3.0,477,289,20,10,20,0,10,20,0,10,0
fire_24333259,2020-09-14,fire_24333259_2020-09-12_2020-09-14,2,4.0,462,396,8,20,6,2,18,8,0,3,15
fire_24333259,2020-09-13,fire_24333259_2020-09-13_2020-09-16,0,2.0,477,148,20,0,20,0,0,20,0,0,0
fire_24333259,2020-09-14,fire_24333259_2020-09-13_2020-09-16,1,3.0,462,228,8,20,6,2,18,8,0,3,15
fire_24333259,2020-09-16,fire_24333259_2020-09-13_2020-09-16,2,4.0,865,799,28,8,26,2,6,28,0,2,4
fire_24333259,2020-09-14,fire_24333259_2020-09-14_2020-09-17,0,2.0,462,108,8,0,8,0,0,8,0,0,0
fire_24333259,2020-09-16,fire_24333259_2020-09-14_2020-09-17,1,3.0,865,522,28,8,26,2,6,28,0,2,4
fire_24333259,2020-09-17,fire_24333259_2020-09-14_2020-09-17,2,4.0,66,0,0,28,0,0,28,0,0,28,0
fire_24333259,2020-09-16,fire_24333259_2020-09-16_2020-09-18,0,2.0,865,274,28,0,28,0,0,28,0,0,0
fire_24333259,2020-09-17,fire_24333259_2020-09-16_2020-09-18,1,3.0,66,0,0,28,0,0,28,0,0,28,0
fire_24333259,2020-09-18,fire_24333259_2020-09-16_2020-09-18,2,4.0,569,569,24,0,24,0,0,24,0,0,0
fire_24333270,2020-09-02,fire_24333270_2020-09-02_2020-09-05,0,2.0,66,0,0,0,0,0,0,0,0,0,0
fire_24333270,2020-09-04,fire_24333270_2020-09-02_2020-09-05,1,3.0,1425,1045,13,0,13,0,0,13,0,0,0
fire_24333270,2020-09-05,fire_24333270_2020-09-02_2020-09-05,2,4.0,1501,1501,9,13,9,0,13,9,0,7,6
fire_24333270,2020-09-04,fire_24333270_2020-09-04_2020-09-06,0,2.0,1425,708,13,0,13,0,0,13,0,0,0
fire_24333270,2020-09-05,fire_24333270_2020-09-04_2020-09-06,1,3.0,1501,1101,9,13,9,0,13,9,0,7,6
fire_24333270,2020-09-06,fire_24333270_2020-09-04_2020-09-06,2,4.0,1417,1417,4,9,3,1,8,4,0,4,4
fire_24333270,2020-09-05,fire_24333270_2020-09-05_2020-09-07,0,2.0,1501,665,9,0,9,0,0,9,0,0,0
fire_24333270,2020-09-06,fire_24333270_2020-09-05_2020-09-07,1,3.0,1417,968,4,9,3,1,8,4,0,5,3
fire_24333270,2020-09-07,fire_24333270_2020-09-05_2020-09-07,2,4.0,2127,2116,0,4,0,0,4,0,0,0,4
fire_24333277,2020-09-01,fire_24333277_2020-09-01_2020-09-04,0,2.0,462,108,0,0,0,0,0,0,0,0,0
fire_24333277,2020-09-03,fire_24333277_2020-09-01_2020-09-04,1,3.0,1629,1049,5,0,5,0,0,5,0,0,0
fire_24333277,2020-09-04,fire_24333277_2020-09-01_2020-09-04,2,4.0,5203,5200,65,5,65,0,5,65,0,3,2
fire_24333277,2020-09-03,fire_24333277_2020-09-03_2020-09-05,0,2.0,1629,606,5,0,5,0,0,5,0,0,0
fire_24333277,2020-09-04,fire_24333277_2020-09-03_2020-09-05,1,3.0,5203,3823,65,5,65,0,5,65,0,3,2
fire_24333277,2020-09-05,fire_24333277_2020-09-03_2020-09-05,2,4.0,2665,2599,43,65,34,9,56,43,0,21,35
fire_24333277,2020-09-04,fire_24333277_2020-09-04_2020-09-06,0,2.0,5203,2416,65,0,65,0,0,65,0,0,0
fire_24333277,2020-09-05,fire_24333277_2020-09-04_2020-09-06,1,3.0,2665,1730,43,65,34,9,56,43,0,22,34
fire_24333277,2020-09-06,fire_24333277_2020-09-04_2020-09-06,2,4.0,677,611,11,43,9,2,41,11,0,19,22
fire_24333277,2020-09-05,fire_24333277_2020-09-05_2020-09-07,0,2.0,2665,1000,43,0,43,0,0,43,0,0,0
fire_24333277,2020-09-06,fire_24333277_2020-09-05_2020-09-07,1,3.0,677,389,11,43,9,2,41,11,0,19,22
fire_24333277,2020-09-07,fire_24333277_2020-09-05_2020-09-07,2,4.0,462,396,0,11,0,0,11,0,0,0,11
fire_24333279,2020-09-03,fire_24333279_2020-09-03_2020-09-05,0,2.0,1159,477,18,0,18,0,0,18,0,0,0
fire_24333279,2020-09-04,fire_24333279_2020-09-03_2020-09-05,1,3.0,2894,2164,99,18,98,1,17,99,0,6,11
fire_24333279,2020-09-05,fire_24333279_2020-09-03_2020-09-05,2,4.0,2259,2259,82,99,72,10,89,82,0,29,60
fire_24333285,2020-09-01,fire_24333285_2020-09-01_2020-09-04,0,2.0,462,108,0,0,0,0,0,0,0,0,0
fire_24333285,2020-09-03,fire_24333285_2020-09-01_2020-09-04,1,3.0,1640,1049,5,0,5,0,0,5,0,0,0
fire_24333285,2020-09-04,fire_24333285_2020-09-01_2020-09-04,2,4.0,5201,5200,71,5,71,0,5,71,0,3,2
fire_24333285,2020-09-03,fire_24333285_2020-09-03_2020-09-05,0,2.0,1640,606,5,0,5,0,0,5,0,0,0
fire_24333285,2020-09-04,fire_24333285_2020-09-03_2020-09-05,1,3.0,5201,3823,71,5,71,0,5,71,0,3,2
fire_24333285,2020-09-05,fire_24333285_2020-09-03_2020-09-05,2,4.0,2599,2599,45,71,35,10,61,45,0,25,36
fire_24333285,2020-09-04,fire_24333285_2020-09-04_2020-09-06,0,2.0,5201,2416,71,0,71,0,0,71,0,0,0
fire_24333285,2020-09-05,fire_24333285_2020-09-04_2020-09-06,1,3.0,2599,1730,45,71,35,10,61,45,0,26,35
fire_24333285,2020-09-06,fire_24333285_2020-09-04_2020-09-06,2,4.0,635,611,11,45,9,2,43,11,0,21,22
fire_24333285,2020-09-05,fire_24333285_2020-09-05_2020-09-07,0,2.0,2599,1000,45,0,45,0,0,45,0,0,0
fire_24333285,2020-09-06,fire_24333285_2020-09-05_2020-09-07,1,3.0,635,389,11,45,9,2,43,11,0,21,22
fire_24333285,2020-09-07,fire_24333285_2020-09-05_2020-09-07,2,4.0,432,396,0,11,0,0,11,0,0,0,11
fire_24333293,2020-08-28,fire_24333293_2020-08-28_2020-08-31,0,2.0,580,198,0,0,0,0,0,0,0,0,0
fire_24333293,2020-08-29,fire_24333293_2020-08-28_2020-08-31,1,3.0,607,381,0,0,0,0,0,0,0,0,0
fire_24333293,2020-08-31,fire_24333293_2020-08-28_2020-08-31,2,4.0,535,496,6,0,6,0,0,6,0,0,0
fire_24333293,2020-08-29,fire_24333293_2020-08-29_2020-09-02,0,2.0,607,208,0,0,0,0,0,0,0,0,0
fire_24333293,2020-08-31,fire_24333293_2020-08-29_2020-09-02,1,3.0,535,303,6,0,6,0,0,6,0,0,0
fire_24333293,2020-09-02,fire_24333293_2020-08-29_2020-09-02,2,4.0,505,439,4,6,4,0,6,4,0,6,0
fire_24461320,2020-09-05,fire_24461320_2020-09-05_2020-09-09,0,2.0,898,236,12,0,12,0,0,12,0,0,0
fire_24461320,2020-09-06,fire_24461320_2020-09-05_2020-09-09,1,3.0,973,543,17,12,11,6,6,17,0,4,2
fire_24461320,2020-09-09,fire_24461320_2020-09-05_2020-09-09,2,4.0,1874,1808,5,17,5,0,17,5,0,17,0
fire_24461320,2020-09-06,fire_24461320_2020-09-06_2020-09-10,0,2.0,973,271,17,0,17,0,0,17,0,0,0
fire_24461320,2020-09-09,fire_24461320_2020-09-06_2020-09-10,1,3.0,1874,1223,5,17,5,0,17,5,0,17,0
fire_24461320,2020-09-10,fire_24461320_2020-09-06_2020-09-10,2,4.0,2942,2942,28,5,28,0,5,28,0,0,5
fire_24461320,2020-09-09,fire_24461320_2020-09-09_2020-09-11,0,2.0,1874,720,5,0,5,0,0,5,0,0,0
fire_24461320,2020-09-10,fire_24461320_2020-09-09_2020-09-11,1,3.0,2942,2014,28,5,28,0,5,28,0,0,5
fire_24461320,2020-09-11,fire_24461320_2020-09-09_2020-09-11,2,4.0,2384,2384,40,28,38,2,26,40,0,20,6
fire_24461320,2020-09-10,fire_24461320_2020-09-10_2020-09-12,0,2.0,2942,1224,28,0,28,0,0,28,0,0,0
fire_24461320,2020-09-11,fire_24461320_2020-09-10_2020-09-12,1,3.0,2384,1722,40,28,38,2,26,40,0,20,6
fire_24461320,2020-09-12,fire_24461320_2020-09-10_2020-09-12,2,4.0,1773,1773,77,40,71,6,34,77,0,12,22
fire_24461320,2020-09-11,fire_24461320_2020-09-11_2020-09-13,0,2.0,2384,1124,40,0,40,0,0,40,0,0,0
fire_24461320,2020-09-12,fire_24461320_2020-09-11_2020-09-13,1,3.0,1773,1268,77,40,71,6,34,77,0,12,22
fire_24461320,2020-09-13,fire_24461320_2020-09-11_2020-09-13,2,4.0,1389,1387,79,77,71,8,69,79,0,41,28
fire_24461320,2020-09-12,fire_24461320_2020-09-12_2020-09-14,0,2.0,1773,801,77,0,77,0,0,77,0,0,0
fire_24461320,2020-09-13,fire_24461320_2020-09-12_2020-09-14,1,3.0,1389,1006,79,77,71,8,69,79,0,41,28
fire_24461320,2020-09-14,fire_24461320_2020-09-12_2020-09-14,2,4.0,995,995,68,79,59,9,70,68,0,28,42
fire_24461320,2020-09-13,fire_24461320_2020-09-13_2020-09-15,0,2.0,1389,656,79,0,79,0,0,79,0,0,0
fire_24461320,2020-09-14,fire_24461320_2020-09-13_2020-09-15,1,3.0,995,693,68,79,59,9,70,68,0,37,33
fire_24461320,2020-09-15,fire_24461320_2020-09-13_2020-09-15,2,4.0,941,941,100,68,82,18,50,100,0,16,34
fire_24461320,2020-09-14,fire_24461320_2020-09-14_2020-09-16,0,2.0,995,431,68,0,68,0,0,68,0,0,0
fire_24461320,2020-09-15,fire_24461320_2020-09-14_2020-09-16,1,3.0,941,639,100,68,82,18,50,100,0,16,34
fire_24461320,2020-09-16,fire_24461320_2020-09-14_2020-09-16,2,4.0,1350,1350,70,100,30,40,60,70,0,9,51
fire_24461320,2020-09-15,fire_24461320_2020-09-15_2020-09-17,0,2.0,941,380,100,0,100,0,0,100,0,0,0
fire_24461320,2020-09-16,fire_24461320_2020-09-15_2020-09-17,1,3.0,1350,884,70,100,30,40,60,70,0,9,51
fire_24461320,2020-09-17,fire_24461320_2020-09-15_2020-09-17,2,4.0,648,648,40,70,26,14,56,40,0,4,52
fire_24461320,2020-09-16,fire_24461320_2020-09-16_2020-09-18,0,2.0,1350,503,70,0,70,0,0,70,0,0,0
fire_24461320,2020-09-17,fire_24461320_2020-09-16_2020-09-18,1,3.0,648,422,40,70,26,14,56,40,0,9,47
fire_24461320,2020-09-18,fire_24461320_2020-09-16_2020-09-18,2,4.0,406,396,4,40,4,0,40,4,0,0,40
fire_24461320,2020-09-17,fire_24461320_2020-09-17_2020-09-21,0,2.0,648,240,40,0,40,0,0,40,0,0,0
fire_24461320,2020-09-18,fire_24461320_2020-09-17_2020-09-21,1,3.0,406,228,4,40,4,0,40,4,0,7,33
fire_24461320,2020-09-21,fire_24461320_2020-09-17_2020-09-21,2,4.0,462,396,0,4,0,0,4,0,0,4,0
fire_24461328,2020-09-09,fire_24461328_2020-09-09_2020-09-11,0,2.0,2275,989,169,0,169,0,0,169,0,0,0
fire_24461328,2020-09-10,fire_24461328_2020-09-09_2020-09-11,1,3.0,5361,4021,43,169,43,0,169,43,0,121,48
fire_24461328,2020-09-11,fire_24461328_2020-09-09_2020-09-11,2,4.0,7552,7552,330,43,324,6,37,330,0,28,9
fire_24461328,2020-09-10,fire_24461328_2020-09-10_2020-09-12,0,2.0,5361,2698,43,0,43,0,0,43,0,0,0
fire_24461328,2020-09-11,fire_24461328_2020-09-10_2020-09-12,1,3.0,7552,5900,330,43,324,6,37,330,0,28,9
fire_24461328,2020-09-12,fire_24461328_2020-09-10_2020-09-12,2,4.0,8312,8300,453,330,414,39,291,453,0,68,223
fire_24461328,2020-09-11,fire_24461328_2020-09-11_2020-09-13,0,2.0,7552,4132,330,0,330,0,0,330,0,0,0
fire_24461328,2020-09-12,fire_24461328_2020-09-11_2020-09-13,1,3.0,8312,6198,453,330,414,39,291,453,0,109,182
fire_24461328,2020-09-13,fire_24461328_2020-09-11_2020-09-13,2,4.0,7347,7333,499,453,355,144,309,499,0,130,179
fire_24461328,2020-09-12,fire_24461328_2020-09-12_2020-09-14,0,2.0,8312,3994,453,0,453,0,0,453,0,0,0
fire_24461328,2020-09-13,fire_24461328_2020-09-12_2020-09-14,1,3.0,7347,5488,499,453,355,144,309,499,0,138,171
fire_24461328,2020-09-14,fire_24461328_2020-09-12_2020-09-14,2,4.0,6853,6787,398,499,246,152,347,398,0,156,191
fire_24461328,2020-09-13,fire_24461328_2020-09-13_2020-09-15,0,2.0,7347,3594,499,0,499,0,0,499,0,0,0
fire_24461328,2020-09-14,fire_24461328_2020-09-13_2020-09-15,1,3.0,6853,5195,398,499,246,152,347,398,0,163,184
fire_24461328,2020-09-15,fire_24461328_2020-09-13_2020-09-15,2,4.0,6101,6092,513,398,407,106,292,513,0,134,158
fire_24461328,2020-09-14,fire_24461328_2020-09-14_2020-09-16,0,2.0,6853,3469,398,0,398,0,0,398,0,0,0
fire_24461328,2020-09-15,fire_24461328_2020-09-14_2020-09-16,1,3.0,6101,4741,513,398,407,106,292,513,0,140,152
fire_24461328,2020-09-16,fire_24461328_2020-09-14_2020-09-16,2,4.0,7604,7582,615,513,413,202,311,615,0,215,96
fire_24461328,2020-09-15,fire_24461328_2020-09-15_2020-09-17,0,2.0,6101,3208,513,0,513,0,0,513,0,0,0
fire_24461328,2020-09-16,fire_24461328_2020-09-15_2020-09-17,1,3.0,7604,5914,615,513,413,202,311,615,0,215,96
fire_24461328,2020-09-17,fire_24461328_2020-09-15_2020-09-17,2,4.0,6932,6932,426,615,265,161,454,426,0,139,315
fire_24461328,2020-09-16,fire_24461328_2020-09-16_2020-09-18,0,2.0,7604,4067,615,0,615,0,0,615,0,0,0
fire_24461328,2020-09-17,fire_24461328_2020-09-16_2020-09-18,1,3.0,6932,5485,426,615,265,161,454,426,0,145,309
fire_24461328,2020-09-18,fire_24461328_2020-09-16_2020-09-18,2,4.0,4677,4611,12,426,10,2,424,12,0,62,362
fire_24461328,2020-09-17,fire_24461328_2020-09-17_2020-09-19,0,2.0,6932,3852,426,0,426,0,0,426,0,0,0
fire_24461328,2020-09-18,fire_24461328_2020-09-17_2020-09-19,1,3.0,4677,3113,12,426,10,2,424,12,0,124,300
fire_24461328,2020-09-19,fire_24461328_2020-09-17_2020-09-19,2,4.0,5665,5654,0,12,0,0,12,0,0,1,11
fire_24461328,2020-09-18,fire_24461328_2020-09-18_2020-09-20,0,2.0,4677,1745,12,0,12,0,0,12,0,0,0
fire_24461328,2020-09-19,fire_24461328_2020-09-18_2020-09-20,1,3.0,5665,4020,0,12,0,0,12,0,0,1,11
fire_24461328,2020-09-20,fire_24461328_2020-09-18_2020-09-20,2,4.0,2428,2362,59,0,59,0,0,59,0,0,0
fire_24461328,2020-09-19,fire_24461328_2020-09-19_2020-09-21,0,2.0,5665,2430,0,0,0,0,0,0,0,0,0
fire_24461328,2020-09-20,fire_24461328_2020-09-19_2020-09-21,1,3.0,2428,1633,59,0,59,0,0,59,0,0,0
fire_24461328,2020-09-21,fire_24461328_2020-09-19_2020-09-21,2,4.0,6398,6398,0,59,0,0,59,0,0,28,31
fire_24461328,2020-09-20,fire_24461328_2020-09-20_2020-09-22,0,2.0,2428,905,59,0,59,0,0,59,0,0,0
fire_24461328,2020-09-21,fire_24461328_2020-09-20_2020-09-22,1,3.0,6398,4772,0,59,0,0,59,0,0,28,31
fire_24461328,2020-09-22,fire_24461328_2020-09-20_2020-09-22,2,4.0,6098,6032,395,0,395,0,0,395,0,0,0
fire_24461328,2020-09-21,fire_24461328_2020-09-21_2020-09-23,0,2.0,6398,3048,0,0,0,0,0,0,0,0,0
fire_24461328,2020-09-22,fire_24461328_2020-09-21_2020-09-23,1,3.0,6098,4511,395,0,395,0,0,395,0,0,0
fire_24461328,2020-09-23,fire_24461328_2020-09-21_2020-09-23,2,4.0,4194,4128,208,395,118,90,305,208,0,117,188
fire_24461328,2020-09-22,fire_24461328_2020-09-22_2020-09-24,0,2.0,6098,2891,395,0,395,0,0,395,0,0,0
fire_24461328,2020-09-23,fire_24461328_2020-09-22_2020-09-24,1,3.0,4194,2846,208,395,118,90,305,208,0,149,156
fire_24461328,2020-09-24,fire_24461328_2020-09-22_2020-09-24,2,4.0,4557,4492,0,208,0,0,208,0,0,28,180
fire_24461328,2020-09-23,fire_24461328_2020-09-23_2020-09-27,0,2.0,4194,1705,208,0,208,0,0,208,0,0,0
fire_24461328,2020-09-24,fire_24461328_2020-09-23_2020-09-27,1,3.0,4557,2909,0,208,0,0,208,0,0,50,158
fire_24461328,2020-09-27,fire_24461328_2020-09-23_2020-09-27,2,4.0,826,782,0,0,0,0,0,0,0,0,0
fire_24461328,2020-09-24,fire_24461328_2020-09-24_2020-09-28,0,2.0,4557,1569,0,0,0,0,0,0,0,0,0
fire_24461328,2020-09-27,fire_24461328_2020-09-24_2020-09-28,1,3.0,826,472,0,0,0,0,0,0,0,0,0
fire_24461328,2020-09-28,fire_24461328_2020-09-24_2020-09-28,2,4.0,673,635,0,0,0,0,0,0,0,0,0
fire_24461328,2020-09-27,fire_24461328_2020-09-27_2020-09-29,0,2.0,826,226,0,0,0,0,0,0,0,0,0
fire_24461328,2020-09-28,fire_24461328_2020-09-27_2020-09-29,1,3.0,673,405,0,0,0,0,0,0,0,0,0
fire_24461328,2020-09-29,fire_24461328_2020-09-27_2020-09-29,2,4.0,1328,1312,11,0,11,0,0,11,0,0,0
fire_24461328,2020-09-28,fire_24461328_2020-09-28_2020-09-30,0,2.0,673,222,0,0,0,0,0,0,0,0,0
fire_24461328,2020-09-29,fire_24461328_2020-09-28_2020-09-30,1,3.0,1328,776,11,0,11,0,0,11,0,0,0
fire_24461328,2020-09-30,fire_24461328_2020-09-28_2020-09-30,2,4.0,1854,1854,14,11,14,0,11,14,0,11,0
fire_24461328,2020-09-29,fire_24461328_2020-09-29_2020-10-01,0,2.0,1328,384,11,0,11,0,0,11,0,0,0
fire_24461328,2020-09-30,fire_24461328_2020-09-29_2020-10-01,1,3.0,1854,1189,14,11,14,0,11,14,0,11,0
fire_24461328,2020-10-01,fire_24461328_2020-09-29_2020-10-01,2,4.0,1732,1680,0,14,0,0,14,0,0,1,13
fire_24461328,2020-09-30,fire_24461328_2020-09-30_2020-10-02,0,2.0,1854,608,14,0,14,0,0,14,0,0,0
fire_24461328,2020-10-01,fire_24461328_2020-09-30_2020-10-02,1,3.0,1732,993,0,14,0,0,14,0,0,1,13
fire_24461328,2020-10-02,fire_24461328_2020-09-30_2020-10-02,2,4.0,3680,3680,0,0,0,0,0,0,0,0,0
fire_24461347,2020-09-09,fire_24461347_2020-09-09_2020-09-11,0,2.0,3195,1356,177,0,177,0,0,177,0,0,0
fire_24461347,2020-09-10,fire_24461347_2020-09-09_2020-09-11,1,3.0,6318,4646,44,177,44,0,177,44,0,125,52
fire_24461347,2020-09-11,fire_24461347_2020-09-09_2020-09-11,2,4.0,7543,7543,206,44,201,5,39,206,0,27,12
fire_24461347,2020-09-10,fire_24461347_2020-09-10_2020-09-12,0,2.0,6318,3068,44,0,44,0,0,44,0,0,0
fire_24461347,2020-09-11,fire_24461347_2020-09-10_2020-09-12,1,3.0,7543,5865,206,44,201,5,39,206,0,27,12
fire_24461347,2020-09-12,fire_24461347_2020-09-10_2020-09-12,2,4.0,7846,7846,455,206,425,30,176,455,0,58,118
fire_24461347,2020-09-11,fire_24461347_2020-09-11_2020-09-13,0,2.0,7543,4100,206,0,206,0,0,206,0,0,0
fire_24461347,2020-09-12,fire_24461347_2020-09-11_2020-09-13,1,3.0,7846,5881,455,206,425,30,176,455,0,73,103
fire_24461347,2020-09-13,fire_24461347_2020-09-11_2020-09-13,2,4.0,7065,7065,488,455,341,147,308,488,0,127,181
fire_24461347,2020-09-12,fire_24461347_2020-09-12_2020-09-14,0,2.0,7846,3782,455,0,455,0,0,455,0,0,0
fire_24461347,2020-09-13,fire_24461347_2020-09-12_2020-09-14,1,3.0,7065,5329,488,455,341,147,308,488,0,135,173
fire_24461347,2020-09-14,fire_24461347_2020-09-12_2020-09-14,2,4.0,6682,6621,413,488,253,160,328,413,0,155,173
fire_24461347,2020-09-13,fire_24461347_2020-09-13_2020-09-15,0,2.0,7065,3508,488,0,488,0,0,488,0,0,0
fire_24461347,2020-09-14,fire_24461347_2020-09-13_2020-09-15,1,3.0,6682,5122,413,488,253,160,328,413,0,161,167
fire_24461347,2020-09-15,fire_24461347_2020-09-13_2020-09-15,2,4.0,5498,5498,449,413,340,109,304,449,0,133,171
fire_24461347,2020-09-14,fire_24461347_2020-09-14_2020-09-16,0,2.0,6682,3444,413,0,413,0,0,413,0,0,0
fire_24461347,2020-09-15,fire_24461347_2020-09-14_2020-09-16,1,3.0,5498,4292,449,413,340,109,304,449,0,143,161
fire_24461347,2020-09-16,fire_24461347_2020-09-14_2020-09-16,2,4.0,6986,6986,560,449,368,192,257,560,0,179,78
fire_24461347,2020-09-15,fire_24461347_2020-09-15_2020-09-17,0,2.0,5498,2922,449,0,449,0,0,449,0,0,0
fire_24461347,2020-09-16,fire_24461347_2020-09-15_2020-09-17,1,3.0,6986,5487,560,449,368,192,257,560,0,179,78
fire_24461347,2020-09-17,fire_24461347_2020-09-15_2020-09-17,2,4.0,6306,6306,402,560,239,163,397,402,0,119,278
fire_24461347,2020-09-16,fire_24461347_2020-09-16_2020-09-18,0,2.0,6986,3761,560,0,560,0,0,560,0,0,0
fire_24461347,2020-09-17,fire_24461347_2020-09-16_2020-09-18,1,3.0,6306,4997,402,560,239,163,397,402,0,125,272
fire_24461347,2020-09-18,fire_24461347_2020-09-16_2020-09-18,2,4.0,4677,4611,13,402,12,1,401,13,0,57,344
fire_24461347,2020-09-17,fire_24461347_2020-09-17_2020-09-19,0,2.0,6306,3487,402,0,402,0,0,402,0,0,0
fire_24461347,2020-09-18,fire_24461347_2020-09-17_2020-09-19,1,3.0,4677,3113,13,402,12,1,401,13,0,115,286
fire_24461347,2020-09-19,fire_24461347_2020-09-17_2020-09-19,2,4.0,5285,5219,0,13,0,0,13,0,0,3,10
fire_24461347,2020-09-18,fire_24461347_2020-09-18_2020-09-20,0,2.0,4677,1745,13,0,13,0,0,13,0,0,0
fire_24461347,2020-09-19,fire_24461347_2020-09-18_2020-09-20,1,3.0,5285,3735,0,13,0,0,13,0,0,3,10
fire_24461347,2020-09-20,fire_24461347_2020-09-18_2020-09-20,2,4.0,2428,2362,58,0,58,0,0,58,0,0,0
fire_24461347,2020-09-19,fire_24461347_2020-09-19_2020-09-21,0,2.0,5285,2286,0,0,0,0,0,0,0,0,0
fire_24461347,2020-09-20,fire_24461347_2020-09-19_2020-09-21,1,3.0,2428,1633,58,0,58,0,0,58,0,0,0
fire_24461347,2020-09-21,fire_24461347_2020-09-19_2020-09-21,2,4.0,5749,5749,0,58,0,0,58,0,0,28,30
fire_24461347,2020-09-20,fire_24461347_2020-09-20_2020-09-22,0,2.0,2428,905,58,0,58,0,0,58,0,0,0
fire_24461347,2020-09-21,fire_24461347_2020-09-20_2020-09-22,1,3.0,5749,4296,0,58,0,0,58,0,0,28,30
fire_24461347,2020-09-22,fire_24461347_2020-09-20_2020-09-22,2,4.0,5768,5731,375,0,375,0,0,375,0,0,0
fire_24461347,2020-09-21,fire_24461347_2020-09-21_2020-09-23,0,2.0,5749,2815,0,0,0,0,0,0,0,0,0
fire_24461347,2020-09-22,fire_24461347_2020-09-21_2020-09-23,1,3.0,5768,4298,375,0,375,0,0,375,0,0,0
fire_24461347,2020-09-23,fire_24461347_2020-09-21_2020-09-23,2,4.0,4128,4128,216,375,117,99,276,216,0,105,171
fire_24461347,2020-09-22,fire_24461347_2020-09-22_2020-09-24,0,2.0,5768,2783,375,0,375,0,0,375,0,0,0
fire_24461347,2020-09-23,fire_24461347_2020-09-22_2020-09-24,1,3.0,4128,2846,216,375,117,99,276,216,0,129,147
fire_24461347,2020-09-24,fire_24461347_2020-09-22_2020-09-24,2,4.0,4054,3988,0,216,0,0,216,0,0,28,188
fire_24461347,2020-09-23,fire_24461347_2020-09-23_2020-09-27,0,2.0,4128,1705,216,0,216,0,0,216,0,0,0
fire_24461347,2020-09-24,fire_24461347_2020-09-23_2020-09-27,1,3.0,4054,2598,0,216,0,0,216,0,0,52,164
fire_24461347,2020-09-27,fire_24461347_2020-09-23_2020-09-27,2,4.0,848,782,0,0,0,0,0,0,0,0,0
fire_24461421,2020-09-28,fire_24461421_2020-09-28_2020-09-30,0,2.0,3023,1645,0,0,0,0,0,0,0,0,0
fire_24461421,2020-09-29,fire_24461421_2020-09-28_2020-09-30,1,3.0,5024,3905,279,0,279,0,0,279,0,0,0
fire_24461421,2020-09-30,fire_24461421_2020-09-28_2020-09-30,2,4.0,5596,5596,223,279,169,54,225,223,0,41,184
fire_24461421,2020-09-29,fire_24461421_2020-09-29_2020-10-01,0,2.0,5024,2811,279,0,279,0,0,279,0,0,0
fire_24461421,2020-09-30,fire_24461421_2020-09-29_2020-10-01,1,3.0,5596,4253,223,279,169,54,225,223,0,41,184
fire_24461421,2020-10-01,fire_24461421_2020-09-29_2020-10-01,2,4.0,4691,4691,232,223,168,64,159,232,0,32,127
fire_24461421,2020-09-30,fire_24461421_2020-09-30_2020-10-02,0,2.0,5596,2868,223,0,223,0,0,223,0,0,0
fire_24461421,2020-10-01,fire_24461421_2020-09-30_2020-10-02,1,3.0,4691,3534,232,223,168,64,159,232,0,36,123
fire_24461421,2020-10-02,fire_24461421_2020-09-30_2020-10-02,2,4.0,4364,4363,138,232,90,48,184,138,0,53,131
fire_24461421,2020-10-01,fire_24461421_2020-10-01_2020-10-03,0,2.0,4691,2299,232,0,232,0,0,232,0,0,0
fire_24461421,2020-10-02,fire_24461421_2020-10-01_2020-10-03,1,3.0,4364,3257,138,232,90,48,184,138,0,60,124
fire_24461421,2020-10-03,fire_24461421_2020-10-01_2020-10-03,2,4.0,3773,3743,134,138,111,23,115,134,0,44,71
fire_24461421,2020-10-02,fire_24461421_2020-10-02_2020-10-04,0,2.0,4364,2078,138,0,138,0,0,138,0,0,0
fire_24461421,2020-10-03,fire_24461421_2020-10-02_2020-10-04,1,3.0,3773,2574,134,138,111,23,115,134,0,60,55
fire_24461421,2020-10-04,fire_24461421_2020-10-02_2020-10-04,2,4.0,2406,2406,73,134,49,24,110,73,0,42,68
fire_24461421,2020-10-03,fire_24461421_2020-10-03_2020-10-05,0,2.0,3773,1472,134,0,134,0,0,134,0,0,0
fire_24461421,2020-10-04,fire_24461421_2020-10-03_2020-10-05,1,3.0,2406,1647,73,134,49,24,110,73,0,45,65
fire_24461421,2020-10-05,fire_24461421_2020-10-03_2020-10-05,2,4.0,2511,2445,171,73,156,15,58,171,0,38,20
fire_24461421,2020-10-04,fire_24461421_2020-10-04_2020-10-06,0,2.0,2406,984,73,0,73,0,0,73,0,0,0
fire_24461421,2020-10-05,fire_24461421_2020-10-04_2020-10-06,1,3.0,2511,1726,171,73,156,15,58,171,0,38,20
fire_24461421,2020-10-06,fire_24461421_2020-10-04_2020-10-06,2,4.0,2814,2748,93,171,73,20,151,93,0,36,115
fire_24461421,2020-10-05,fire_24461421_2020-10-05_2020-10-07,0,2.0,2511,1058,171,0,171,0,0,171,0,0,0
fire_24461421,2020-10-06,fire_24461421_2020-10-05_2020-10-07,1,3.0,2814,1979,93,171,73,20,151,93,0,36,115
fire_24461421,2020-10-07,fire_24461421_2020-10-05_2020-10-07,2,4.0,1882,1882,135,93,94,41,52,135,0,34,18
fire_24461607,2020-09-27,fire_24461607_2020-09-27_2020-09-29,0,2.0,462,108,0,0,0,0,0,0,0,0,0
fire_24461607,2020-09-28,fire_24461607_2020-09-27_2020-09-29,1,3.0,1150,727,0,0,0,0,0,0,0,0,0
fire_24461607,2020-09-29,fire_24461607_2020-09-27_2020-09-29,2,4.0,2561,2561,0,0,0,0,0,0,0,0,0
fire_24461607,2020-09-28,fire_24461607_2020-09-28_2020-09-30,0,2.0,1150,400,0,0,0,0,0,0,0,0,0
fire_24461607,2020-09-29,fire_24461607_2020-09-28_2020-09-30,1,3.0,2561,1925,0,0,0,0,0,0,0,0,0
fire_24461607,2020-09-30,fire_24461607_2020-09-28_2020-09-30,2,4.0,3367,3367,57,0,57,0,0,57,0,0,0
fire_24461607,2020-09-29,fire_24461607_2020-09-29_2020-10-01,0,2.0,2561,1324,0,0,0,0,0,0,0,0,0
fire_24461607,2020-09-30,fire_24461607_2020-09-29_2020-10-01,1,3.0,3367,2626,57,0,57,0,0,57,0,0,0
fire_24461607,2020-10-01,fire_24461607_2020-09-29_2020-10-01,2,4.0,2895,2895,94,57,88,6,51,94,0,25,26
fire_24461607,2020-09-30,fire_24461607_2020-09-30_2020-10-02,0,2.0,3367,1715,57,0,57,0,0,57,0,0,0
fire_24461607,2020-10-01,fire_24461607_2020-09-30_2020-10-02,1,3.0,2895,2137,94,57,88,6,51,94,0,25,26
fire_24461607,2020-10-02,fire_24461607_2020-09-30_2020-10-02,2,4.0,3278,3278,117,94,106,11,83,117,0,32,51
fire_24461607,2020-10-01,fire_24461607_2020-10-01_2020-10-03,0,2.0,2895,1339,94,0,94,0,0,94,0,0,0
fire_24461607,2020-10-02,fire_24461607_2020-10-01_2020-10-03,1,3.0,3278,2383,117,94,106,11,83,117,0,34,49
fire_24461607,2020-10-03,fire_24461607_2020-10-01_2020-10-03,2,4.0,2636,2636,64,117,54,10,107,64,0,36,71
fire_24461607,2020-10-02,fire_24461607_2020-10-02_2020-10-04,0,2.0,3278,1445,117,0,117,0,0,117,0,0,0
fire_24461607,2020-10-03,fire_24461607_2020-10-02_2020-10-04,1,3.0,2636,1851,64,117,54,10,107,64,0,41,66
fire_24461607,2020-10-04,fire_24461607_2020-10-02_2020-10-04,2,4.0,1757,1757,57,64,46,11,53,57,0,17,36
fire_24461607,2020-10-03,fire_24461607_2020-10-03_2020-10-05,0,2.0,2636,1116,64,0,64,0,0,64,0,0,0
fire_24461607,2020-10-04,fire_24461607_2020-10-03_2020-10-05,1,3.0,1757,1153,57,64,46,11,53,57,0,19,34
fire_24461607,2020-10-05,fire_24461607_2020-10-03_2020-10-05,2,4.0,1134,1097,21,57,15,6,51,21,0,15,36
fire_24461607,2020-10-04,fire_24461607_2020-10-04_2020-10-06,0,2.0,1757,633,57,0,57,0,0,57,0,0,0
fire_24461607,2020-10-05,fire_24461607_2020-10-04_2020-10-06,1,3.0,1134,689,21,57,15,6,51,21,0,15,36
fire_24461607,2020-10-06,fire_24461607_2020-10-04_2020-10-06,2,4.0,1051,985,10,21,7,3,18,10,0,6,12
fire_24461607,2020-10-05,fire_24461607_2020-10-05_2020-10-07,0,2.0,1134,371,21,0,21,0,0,21,0,0,0
fire_24461607,2020-10-06,fire_24461607_2020-10-05_2020-10-07,1,3.0,1051,604,10,21,7,3,18,10,0,6,12
fire_24461607,2020-10-07,fire_24461607_2020-10-05_2020-10-07,2,4.0,858,792,2,10,2,0,10,2,0,2,8
fire_24461607,2020-10-06,fire_24461607_2020-10-06_2020-10-08,0,2.0,1051,311,10,0,10,0,0,10,0,0,0
fire_24461607,2020-10-07,fire_24461607_2020-10-06_2020-10-08,1,3.0,858,456,2,10,2,0,10,2,0,2,8
fire_24461607,2020-10-08,fire_24461607_2020-10-06_2020-10-08,2,4.0,429,396,0,2,0,0,2,0,0,2,0
fire_24461607,2020-10-07,fire_24461607_2020-10-07_2020-10-11,0,2.0,858,216,2,0,2,0,0,2,0,0,0
fire_24461607,2020-10-08,fire_24461607_2020-10-07_2020-10-11,1,3.0,429,228,0,2,0,0,2,0,0,2,0
fire_24461607,2020-10-11,fire_24461607_2020-10-07_2020-10-11,2,4.0,66,0,0,0,0,0,0,0,0,0,0
fire_24461618,2020-09-03,fire_24461618_2020-09-03_2020-09-05,0,2.0,951,330,42,0,42,0,0,42,0,0,0
fire_24461618,2020-09-04,fire_24461618_2020-09-03_2020-09-05,1,3.0,1435,905,8,42,8,0,42,8,0,11,31
fire_24461618,2020-09-05,fire_24461618_2020-09-03_2020-09-05,2,4.0,1439,1429,25,8,23,2,6,25,0,3,3
fire_24461618,2020-09-04,fire_24461618_2020-09-04_2020-09-06,0,2.0,1435,473,8,0,8,0,0,8,0,0,0
fire_24461618,2020-09-05,fire_24461618_2020-09-04_2020-09-06,1,3.0,1439,938,25,8,23,2,6,25,0,3,3
fire_24461618,2020-09-06,fire_24461618_2020-09-04_2020-09-06,2,4.0,1888,1822,55,25,44,11,14,55,0,6,8
fire_24461618,2020-09-05,fire_24461618_2020-09-05_2020-09-07,0,2.0,1439,527,25,0,25,0,0,25,0,0,0
fire_24461618,2020-09-06,fire_24461618_2020-09-05_2020-09-07,1,3.0,1888,1171,55,25,44,11,14,55,0,6,8
fire_24461618,2020-09-07,fire_24461618_2020-09-05_2020-09-07,2,4.0,2395,2329,0,55,0,0,55,0,0,27,28
fire_24461618,2020-09-06,fire_24461618_2020-09-06_2020-09-08,0,2.0,1888,644,55,0,55,0,0,55,0,0,0
fire_24461618,2020-09-07,fire_24461618_2020-09-06_2020-09-08,1,3.0,2395,1517,0,55,0,0,55,0,0,27,28
fire_24461618,2020-09-08,fire_24461618_2020-09-06_2020-09-08,2,4.0,2354,2332,84,0,84,0,0,84,0,0,0
fire_24461618,2020-09-07,fire_24461618_2020-09-07_2020-09-09,0,2.0,2395,851,0,0,0,0,0,0,0,0,0
fire_24461618,2020-09-08,fire_24461618_2020-09-07_2020-09-09,1,3.0,2354,1519,84,0,84,0,0,84,0,0,0
fire_24461618,2020-09-09,fire_24461618_2020-09-07_2020-09-09,2,4.0,2439,2439,0,84,0,0,84,0,0,51,33
fire_24461618,2020-09-08,fire_24461618_2020-09-08_2020-09-10,0,2.0,2354,858,84,0,84,0,0,84,0,0,0
fire_24461618,2020-09-09,fire_24461618_2020-09-08_2020-09-10,1,3.0,2439,1594,0,84,0,0,84,0,0,51,33
fire_24461618,2020-09-10,fire_24461618_2020-09-08_2020-09-10,2,4.0,2263,2263,47,0,47,0,0,47,0,0,0
fire_24461618,2020-09-09,fire_24461618_2020-09-09_2020-09-11,0,2.0,2439,906,0,0,0,0,0,0,0,0,0
fire_24461618,2020-09-10,fire_24461618_2020-09-09_2020-09-11,1,3.0,2263,1665,47,0,47,0,0,47,0,0,0
fire_24461618,2020-09-11,fire_24461618_2020-09-09_2020-09-11,2,4.0,2674,2674,128,47,104,24,23,128,0,9,14
fire_24461618,2020-09-10,fire_24461618_2020-09-10_2020-09-12,0,2.0,2263,1097,47,0,47,0,0,47,0,0,0
fire_24461618,2020-09-11,fire_24461618_2020-09-10_2020-09-12,1,3.0,2674,1902,128,47,104,24,23,128,0,9,14
fire_24461618,2020-09-12,fire_24461618_2020-09-10_2020-09-12,2,4.0,3398,3398,223,128,172,51,77,223,0,50,27
fire_24461618,2020-09-11,fire_24461618_2020-09-11_2020-09-13,0,2.0,2674,1206,128,0,128,0,0,128,0,0,0
fire_24461618,2020-09-12,fire_24461618_2020-09-11_2020-09-13,1,3.0,3398,2405,223,128,172,51,77,223,0,50,27
fire_24461618,2020-09-13,fire_24461618_2020-09-11_2020-09-13,2,4.0,3118,3118,268,223,197,71,152,268,0,95,57
fire_24461618,2020-09-12,fire_24461618_2020-09-12_2020-09-14,0,2.0,3398,1523,223,0,223,0,0,223,0,0,0
fire_24461618,2020-09-13,fire_24461618_2020-09-12_2020-09-14,1,3.0,3118,2272,268,223,197,71,152,268,0,95,57
fire_24461618,2020-09-14,fire_24461618_2020-09-12_2020-09-14,2,4.0,3238,3238,233,268,176,57,211,233,0,120,91
fire_24461618,2020-09-13,fire_24461618_2020-09-13_2020-09-15,0,2.0,3118,1480,268,0,268,0,0,268,0,0,0
fire_24461618,2020-09-14,fire_24461618_2020-09-13_2020-09-15,1,3.0,3238,2385,233,268,176,57,211,233,0,120,91
fire_24461618,2020-09-15,fire_24461618_2020-09-13_2020-09-15,2,4.0,3302,3302,167,233,129,38,195,167,0,119,76
fire_24461618,2020-09-14,fire_24461618_2020-09-14_2020-09-16,0,2.0,3238,1599,233,0,233,0,0,233,0,0,0
fire_24461618,2020-09-15,fire_24461618_2020-09-14_2020-09-16,1,3.0,3302,2449,167,233,129,38,195,167,0,119,76
fire_24461618,2020-09-16,fire_24461618_2020-09-14_2020-09-16,2,4.0,3465,3465,220,167,168,52,115,220,0,34,81
fire_24461618,2020-09-15,fire_24461618_2020-09-15_2020-09-17,0,2.0,3302,1664,167,0,167,0,0,167,0,0,0
fire_24461618,2020-09-16,fire_24461618_2020-09-15_2020-09-17,1,3.0,3465,2598,220,167,168,52,115,220,0,34,81
fire_24461618,2020-09-17,fire_24461618_2020-09-15_2020-09-17,2,4.0,3989,3989,218,220,163,55,165,218,0,81,84
fire_24461618,2020-09-16,fire_24461618_2020-09-16_2020-09-18,0,2.0,3465,1804,220,0,220,0,0,220,0,0,0
fire_24461618,2020-09-17,fire_24461618_2020-09-16_2020-09-18,1,3.0,3989,3054,218,220,163,55,165,218,0,81,84
fire_24461618,2020-09-18,fire_24461618_2020-09-16_2020-09-18,2,4.0,4430,4430,167,218,154,13,205,167,0,93,112
fire_24461618,2020-09-17,fire_24461618_2020-09-17_2020-09-20,0,2.0,3989,2156,218,0,218,0,0,218,0,0,0
fire_24461618,2020-09-18,fire_24461618_2020-09-17_2020-09-20,1,3.0,4430,3433,167,218,154,13,205,167,0,93,112
fire_24461618,2020-09-20,fire_24461618_2020-09-17_2020-09-20,2,4.0,4250,4184,164,167,150,14,153,164,0,32,121
fire_24461618,2020-09-18,fire_24461618_2020-09-18_2020-09-21,0,2.0,4430,2412,167,0,167,0,0,167,0,0,0
fire_24461618,2020-09-20,fire_24461618_2020-09-18_2020-09-21,1,3.0,4250,3266,164,167,150,14,153,164,0,39,114
fire_24461618,2020-09-21,fire_24461618_2020-09-18_2020-09-21,2,4.0,4498,4432,23,164,22,1,163,23,0,64,99
fire_24461618,2020-09-20,fire_24461618_2020-09-20_2020-09-22,0,2.0,4250,2255,164,0,164,0,0,164,0,0,0
fire_24461618,2020-09-21,fire_24461618_2020-09-20_2020-09-22,1,3.0,4498,3409,23,164,22,1,163,23,0,65,98
fire_24461618,2020-09-22,fire_24461618_2020-09-20_2020-09-22,2,4.0,4777,4756,246,23,235,11,12,246,0,11,1
fire_24461618,2020-09-21,fire_24461618_2020-09-21_2020-09-23,0,2.0,4498,2374,23,0,23,0,0,23,0,0,0
fire_24461618,2020-09-22,fire_24461618_2020-09-21_2020-09-23,1,3.0,4777,3759,246,23,235,11,12,246,0,11,1
fire_24461618,2020-09-23,fire_24461618_2020-09-21_2020-09-23,2,4.0,4982,4916,220,246,179,41,205,220,0,54,151
fire_24461618,2020-09-22,fire_24461618_2020-09-22_2020-09-24,0,2.0,4777,2691,246,0,246,0,0,246,0,0,0
fire_24461618,2020-09-23,fire_24461618_2020-09-22_2020-09-24,1,3.0,4982,3880,220,246,179,41,205,220,0,54,151
fire_24461618,2020-09-24,fire_24461618_2020-09-22_2020-09-24,2,4.0,5067,5001,201,220,119,82,138,201,0,29,109
fire_24461618,2020-09-23,fire_24461618_2020-09-23_2020-09-25,0,2.0,4982,2765,220,0,220,0,0,220,0,0,0
fire_24461618,2020-09-24,fire_24461618_2020-09-23_2020-09-25,1,3.0,5067,3921,201,220,119,82,138,201,0,31,107
fire_24461618,2020-09-25,fire_24461618_2020-09-23_2020-09-25,2,4.0,4716,4660,371,201,293,78,123,371,0,12,111
fire_24461618,2020-09-24,fire_24461618_2020-09-24_2020-09-26,0,2.0,5067,2716,201,0,201,0,0,201,0,0,0
fire_24461618,2020-09-25,fire_24461618_2020-09-24_2020-09-26,1,3.0,4716,3578,371,201,293,78,123,371,0,15,108
fire_24461618,2020-09-26,fire_24461618_2020-09-24_2020-09-26,2,4.0,5038,5028,313,371,190,123,248,313,0,44,204
fire_24461618,2020-09-25,fire_24461618_2020-09-25_2020-09-27,0,2.0,4716,2386,371,0,371,0,0,371,0,0,0
fire_24461618,2020-09-26,fire_24461618_2020-09-25_2020-09-27,1,3.0,5038,3701,313,371,190,123,248,313,0,49,199
fire_24461618,2020-09-27,fire_24461618_2020-09-25_2020-09-27,2,4.0,4874,4820,328,313,199,129,184,328,0,86,98
fire_24461623,2020-09-06,fire_24461623_2020-09-06_2020-09-08,0,2.0,1918,949,163,0,163,0,0,163,0,0,0
fire_24461623,2020-09-07,fire_24461623_2020-09-06_2020-09-08,1,3.0,3576,2657,0,163,0,0,163,0,0,138,25
fire_24461623,2020-09-08,fire_24461623_2020-09-06_2020-09-08,2,4.0,5331,5331,470,0,470,0,0,470,0,0,0
fire_24461623,2020-09-07,fire_24461623_2020-09-07_2020-09-09,0,2.0,3576,1809,0,0,0,0,0,0,0,0,0
fire_24461623,2020-09-08,fire_24461623_2020-09-07_2020-09-09,1,3.0,5331,4187,470,0,470,0,0,470,0,0,0
fire_24461623,2020-09-09,fire_24461623_2020-09-07_2020-09-09,2,4.0,8179,8179,19,470,15,4,466,19,0,217,249
fire_24461623,2020-09-08,fire_24461623_2020-09-08_2020-09-10,0,2.0,5331,2949,470,0,470,0,0,470,0,0,0
fire_24461623,2020-09-09,fire_24461623_2020-09-08_2020-09-10,1,3.0,8179,6256,19,470,15,4,466,19,0,232,234
fire_24461623,2020-09-10,fire_24461623_2020-09-08_2020-09-10,2,4.0,8815,8815,337,19,337,0,19,337,0,3,16
fire_24461623,2020-09-09,fire_24461623_2020-09-09_2020-09-11,0,2.0,8179,4264,19,0,19,0,0,19,0,0,0
fire_24461623,2020-09-10,fire_24461623_2020-09-09_2020-09-11,1,3.0,8815,6740,337,19,337,0,19,337,0,3,16
fire_24461623,2020-09-11,fire_24461623_2020-09-09_2020-09-11,2,4.0,9173,9173,562,337,477,85,252,562,0,60,192
fire_24461623,2020-09-10,fire_24461623_2020-09-10_2020-09-12,0,2.0,8815,4613,337,0,337,0,0,337,0,0,0
fire_24461623,2020-09-11,fire_24461623_2020-09-10_2020-09-12,1,3.0,9173,7058,562,337,477,85,252,562,0,60,192
fire_24461623,2020-09-12,fire_24461623_2020-09-10_2020-09-12,2,4.0,10000,10000,717,562,509,208,354,717,0,152,202
fire_24461623,2020-09-11,fire_24461623_2020-09-11_2020-09-13,0,2.0,9173,4884,562,0,562,0,0,562,0,0,0
fire_24461623,2020-09-12,fire_24461623_2020-09-11_2020-09-13,1,3.0,10000,7685,717,562,509,208,354,717,0,154,200
fire_24461623,2020-09-13,fire_24461623_2020-09-11_2020-09-13,2,4.0,9215,9215,719,717,514,205,512,719,0,199,313
fire_24461623,2020-09-12,fire_24461623_2020-09-12_2020-09-14,0,2.0,10000,5316,717,0,717,0,0,717,0,0,0
fire_24461623,2020-09-13,fire_24461623_2020-09-12_2020-09-14,1,3.0,9215,6971,719,717,514,205,512,719,0,209,303
fire_24461623,2020-09-14,fire_24461623_2020-09-12_2020-09-14,2,4.0,9382,9382,700,719,487,213,506,700,0,260,246
fire_24461623,2020-09-13,fire_24461623_2020-09-13_2020-09-15,0,2.0,9215,4769,719,0,719,0,0,719,0,0,0
fire_24461623,2020-09-14,fire_24461623_2020-09-13_2020-09-15,1,3.0,9382,7091,700,719,487,213,506,700,0,266,240
fire_24461623,2020-09-15,fire_24461623_2020-09-13_2020-09-15,2,4.0,9663,9663,623,700,451,172,528,623,0,314,214
fire_24461623,2020-09-14,fire_24461623_2020-09-14_2020-09-16,0,2.0,9382,4822,700,0,700,0,0,700,0,0,0
fire_24461623,2020-09-15,fire_24461623_2020-09-14_2020-09-16,1,3.0,9663,7320,623,700,451,172,528,623,0,315,213
fire_24461623,2020-09-16,fire_24461623_2020-09-14_2020-09-16,2,4.0,10013,9989,737,623,541,196,427,737,0,134,293
fire_24461623,2020-09-15,fire_24461623_2020-09-15_2020-09-17,0,2.0,9663,5023,623,0,623,0,0,623,0,0,0
fire_24461623,2020-09-16,fire_24461623_2020-09-15_2020-09-17,1,3.0,10013,7577,737,623,541,196,427,737,0,137,290
fire_24461623,2020-09-17,fire_24461623_2020-09-15_2020-09-17,2,4.0,9953,9953,375,737,272,103,634,375,0,209,425
fire_24461623,2020-09-16,fire_24461623_2020-09-16_2020-09-18,0,2.0,10013,5190,737,0,737,0,0,737,0,0,0
fire_24461623,2020-09-17,fire_24461623_2020-09-16_2020-09-18,1,3.0,9953,7628,375,737,272,103,634,375,0,210,424
fire_24461623,2020-09-18,fire_24461623_2020-09-16_2020-09-18,2,4.0,9925,9925,534,375,450,84,291,534,0,165,126
fire_24461623,2020-09-17,fire_24461623_2020-09-17_2020-09-19,0,2.0,9953,5336,375,0,375,0,0,375,0,0,0
fire_24461623,2020-09-18,fire_24461623_2020-09-17_2020-09-19,1,3.0,9925,7734,534,375,450,84,291,534,0,165,126
fire_24461623,2020-09-19,fire_24461623_2020-09-17_2020-09-19,2,4.0,918,852,11,534,7,4,530,11,0,471,59
fire_24461623,2020-09-18,fire_24461623_2020-09-18_2020-09-20,0,2.0,9925,5420,534,0,534,0,0,534,0,0,0
fire_24461623,2020-09-19,fire_24461623_2020-09-18_2020-09-20,1,3.0,918,504,11,534,7,4,530,11,0,499,31
fire_24461623,2020-09-20,fire_24461623_2020-09-18_2020-09-20,2,4.0,8361,8317,350,11,349,1,10,350,0,9,1
fire_24461623,2020-09-19,fire_24461623_2020-09-19_2020-09-21,0,2.0,918,246,11,0,11,0,0,11,0,0,0
fire_24461623,2020-09-20,fire_24461623_2020-09-19_2020-09-21,1,3.0,8361,6172,350,11,349,1,10,350,0,9,1
fire_24461623,2020-09-21,fire_24461623_2020-09-19_2020-09-21,2,4.0,8242,8242,167,350,132,35,315,167,0,114,201
fire_24461623,2020-09-20,fire_24461623_2020-09-20_2020-09-22,0,2.0,8361,4023,350,0,350,0,0,350,0,0,0
fire_24461623,2020-09-21,fire_24461623_2020-09-20_2020-09-22,1,3.0,8242,6276,167,350,132,35,315,167,0,115,200
fire_24461623,2020-09-22,fire_24461623_2020-09-20_2020-09-22,2,4.0,9888,9888,600,167,542,58,109,600,0,76,33
fire_24461623,2020-09-21,fire_24461623_2020-09-21_2020-09-23,0,2.0,8242,4228,167,0,167,0,0,167,0,0,0
fire_24461623,2020-09-22,fire_24461623_2020-09-21_2020-09-23,1,3.0,9888,7602,600,167,542,58,109,600,0,76,33
fire_24461623,2020-09-23,fire_24461623_2020-09-21_2020-09-23,2,4.0,10682,10682,440,600,344,96,504,440,0,169,335
fire_24461623,2020-09-22,fire_24461623_2020-09-22_2020-09-24,0,2.0,9888,5181,600,0,600,0,0,600,0,0,0
fire_24461623,2020-09-23,fire_24461623_2020-09-22_2020-09-24,1,3.0,10682,8230,440,600,344,96,504,440,0,169,335
fire_24461623,2020-09-24,fire_24461623_2020-09-22_2020-09-24,2,4.0,10464,10398,456,440,325,131,309,456,0,89,220
fire_24461623,2020-09-23,fire_24461623_2020-09-23_2020-09-25,0,2.0,10682,5630,440,0,440,0,0,440,0,0,0
fire_24461623,2020-09-24,fire_24461623_2020-09-23_2020-09-25,1,3.0,10464,7964,456,440,325,131,309,456,0,89,220
fire_24461623,2020-09-25,fire_24461623_2020-09-23_2020-09-25,2,4.0,9624,9598,594,456,476,118,338,594,0,76,262
fire_24461623,2020-09-24,fire_24461623_2020-09-24_2020-09-26,0,2.0,10464,5356,456,0,456,0,0,456,0,0,0
fire_24461623,2020-09-25,fire_24461623_2020-09-24_2020-09-26,1,3.0,9624,7270,594,456,476,118,338,594,0,77,261
fire_24461623,2020-09-26,fire_24461623_2020-09-24_2020-09-26,2,4.0,9138,9123,516,594,365,151,443,516,0,91,352
fire_24461623,2020-09-25,fire_24461623_2020-09-25_2020-09-27,0,2.0,9624,4756,594,0,594,0,0,594,0,0,0
fire_24461623,2020-09-26,fire_24461623_2020-09-25_2020-09-27,1,3.0,9138,6803,516,594,365,151,443,516,0,95,348
fire_24461623,2020-09-27,fire_24461623_2020-09-25_2020-09-27,2,4.0,8570,8505,322,516,187,135,381,322,0,136,245
fire_24461623,2020-09-26,fire_24461623_2020-09-26_2020-09-28,0,2.0,9138,4244,516,0,516,0,0,516,0,0,0
fire_24461623,2020-09-27,fire_24461623_2020-09-26_2020-09-28,1,3.0,8570,6389,322,516,187,135,381,322,0,137,244
fire_24461623,2020-09-28,fire_24461623_2020-09-26_2020-09-28,2,4.0,9390,9357,175,322,175,0,322,175,0,98,224
fire_24461623,2020-09-27,fire_24461623_2020-09-27_2020-09-29,0,2.0,8570,4080,322,0,322,0,0,322,0,0,0
fire_24461623,2020-09-28,fire_24461623_2020-09-27_2020-09-29,1,3.0,9390,7269,175,322,175,0,322,175,0,98,224
fire_24461623,2020-09-29,fire_24461623_2020-09-27_2020-09-29,2,4.0,9228,9228,0,175,0,0,175,0,0,24,151
fire_24461623,2020-09-28,fire_24461623_2020-09-28_2020-09-30,0,2.0,9390,4843,175,0,175,0,0,175,0,0,0
fire_24461623,2020-09-29,fire_24461623_2020-09-28_2020-09-30,1,3.0,9228,7084,0,175,0,0,175,0,0,24,151
fire_24461623,2020-09-30,fire_24461623_2020-09-28_2020-09-30,2,4.0,8129,8129,346,0,346,0,0,346,0,0,0
fire_24461623,2020-09-29,fire_24461623_2020-09-29_2020-10-01,0,2.0,9228,4699,0,0,0,0,0,0,0,0,0
fire_24461623,2020-09-30,fire_24461623_2020-09-29_2020-10-01,1,3.0,8129,5962,346,0,346,0,0,346,0,0,0
fire_24461623,2020-10-01,fire_24461623_2020-09-29_2020-10-01,2,4.0,7043,7043,0,346,0,0,346,0,0,73,273
fire_24461623,2020-09-30,fire_24461623_2020-09-30_2020-10-02,0,2.0,8129,3675,346,0,346,0,0,346,0,0,0
fire_24461623,2020-10-01,fire_24461623_2020-09-30_2020-10-02,1,3.0,7043,5072,0,346,0,0,346,0,0,86,260
fire_24461623,2020-10-02,fire_24461623_2020-09-30_2020-10-02,2,4.0,7514,7514,216,0,216,0,0,216,0,0,0
fire_24461623,2020-10-01,fire_24461623_2020-10-01_2020-10-03,0,2.0,7043,3171,0,0,0,0,0,0,0,0,0
fire_24461623,2020-10-02,fire_24461623_2020-10-01_2020-10-03,1,3.0,7514,5609,216,0,216,0,0,216,0,0,0
fire_24461623,2020-10-03,fire_24461623_2020-10-01_2020-10-03,2,4.0,8296,8296,52,216,42,10,206,52,0,64,142
fire_24461623,2020-10-02,fire_24461623_2020-10-02_2020-10-04,0,2.0,7514,3621,216,0,216,0,0,216,0,0,0
fire_24461623,2020-10-03,fire_24461623_2020-10-02_2020-10-04,1,3.0,8296,6304,52,216,42,10,206,52,0,68,138
fire_24461623,2020-10-04,fire_24461623_2020-10-02_2020-10-04,2,4.0,8802,8802,53,52,51,2,50,53,0,8,42
fire_24461623,2020-10-03,fire_24461623_2020-10-03_2020-10-05,0,2.0,8296,4147,52,0,52,0,0,52,0,0,0
fire_24461623,2020-10-04,fire_24461623_2020-10-03_2020-10-05,1,3.0,8802,6634,53,52,51,2,50,53,0,13,37
fire_24461623,2020-10-05,fire_24461623_2020-10-03_2020-10-05,2,4.0,6994,6994,62,53,52,10,43,62,0,16,27
fire_24461623,2020-10-04,fire_24461623_2020-10-04_2020-10-06,0,2.0,8802,4273,53,0,53,0,0,53,0,0,0
fire_24461623,2020-10-05,fire_24461623_2020-10-04_2020-10-06,1,3.0,6994,5214,62,53,52,10,43,62,0,21,22
fire_24461623,2020-10-06,fire_24461623_2020-10-04_2020-10-06,2,4.0,7689,7689,58,62,58,0,62,58,0,23,39
fire_24461623,2020-10-05,fire_24461623_2020-10-05_2020-10-07,0,2.0,6994,3388,62,0,62,0,0,62,0,0,0
fire_24461623,2020-10-06,fire_24461623_2020-10-05_2020-10-07,1,3.0,7689,5579,58,62,58,0,62,58,0,23,39
fire_24461623,2020-10-07,fire_24461623_2020-10-05_2020-10-07,2,4.0,7451,7451,21,58,18,3,55,21,0,20,35
fire_24461623,2020-10-06,fire_24461623_2020-10-06_2020-10-08,0,2.0,7689,3510,58,0,58,0,0,58,0,0,0
fire_24461623,2020-10-07,fire_24461623_2020-10-06_2020-10-08,1,3.0,7451,5463,21,58,18,3,55,21,0,20,35
fire_24461623,2020-10-08,fire_24461623_2020-10-06_2020-10-08,2,4.0,7796,7785,35,21,35,0,21,35,0,7,14
fire_24461623,2020-10-07,fire_24461623_2020-10-07_2020-10-09,0,2.0,7451,3352,21,0,21,0,0,21,0,0,0
fire_24461623,2020-10-08,fire_24461623_2020-10-07_2020-10-09,1,3.0,7796,5764,35,21,35,0,21,35,0,7,14
fire_24461623,2020-10-09,fire_24461623_2020-10-07_2020-10-09,2,4.0,7299,7260,3,35,3,0,35,3,0,12,23
fire_24461623,2020-10-08,fire_24461623_2020-10-08_2020-10-10,0,2.0,7796,3684,35,0,35,0,0,35,0,0,0
fire_24461623,2020-10-09,fire_24461623_2020-10-08_2020-10-10,1,3.0,7299,5323,3,35,3,0,35,3,0,15,20
fire_24461623,2020-10-10,fire_24461623_2020-10-08_2020-10-10,2,4.0,6192,6168,34,3,34,0,3,34,0,0,3
fire_24461623,2020-10-09,fire_24461623_2020-10-09_2020-10-11,0,2.0,7299,3331,3,0,3,0,0,3,0,0,0
fire_24461623,2020-10-10,fire_24461623_2020-10-09_2020-10-11,1,3.0,6192,4235,34,3,34,0,3,34,0,3,0
fire_24461623,2020-10-11,fire_24461623_2020-10-09_2020-10-11,2,4.0,4222,4166,25,34,6,19,15,25,0,0,15
fire_24461623,2020-10-10,fire_24461623_2020-10-10_2020-10-12,0,2.0,6192,2436,34,0,34,0,0,34,0,0,0
fire_24461623,2020-10-11,fire_24461623_2020-10-10_2020-10-12,1,3.0,4222,2761,25,34,6,19,15,25,0,0,15
fire_24461623,2020-10-12,fire_24461623_2020-10-10_2020-10-12,2,4.0,3561,3561,28,25,28,0,25,28,0,7,18
fire_24461623,2020-10-11,fire_24461623_2020-10-11_2020-10-13,0,2.0,4222,1527,25,0,25,0,0,25,0,0,0
fire_24461623,2020-10-12,fire_24461623_2020-10-11_2020-10-13,1,3.0,3561,2347,28,25,28,0,25,28,0,7,18
fire_24461623,2020-10-13,fire_24461623_2020-10-11_2020-10-13,2,4.0,5553,5553,147,28,143,4,24,147,0,7,17
fire_24461623,2020-10-12,fire_24461623_2020-10-12_2020-10-14,0,2.0,3561,1324,28,0,28,0,0,28,0,0,0
fire_24461623,2020-10-13,fire_24461623_2020-10-12_2020-10-14,1,3.0,5553,3996,147,28,143,4,24,147,0,7,17
fire_24461623,2020-10-14,fire_24461623_2020-10-12_2020-10-14,2,4.0,6730,6730,141,147,109,32,115,141,0,56,59
fire_24461623,2020-10-13,fire_24461623_2020-10-13_2020-10-15,0,2.0,5553,2427,147,0,147,0,0,147,0,0,0
fire_24461623,2020-10-14,fire_24461623_2020-10-13_2020-10-15,1,3.0,6730,4766,141,147,109,32,115,141,0,56,59
fire_24461623,2020-10-15,fire_24461623_2020-10-13_2020-10-15,2,4.0,5833,5833,0,141,0,0,141,0,0,46,95
fire_24461771,2020-09-05,fire_24461771_2020-09-05_2020-09-07,0,2.0,888,230,0,0,0,0,0,0,0,0,0
fire_24461771,2020-09-06,fire_24461771_2020-09-05_2020-09-07,1,3.0,462,228,0,0,0,0,0,0,0,0,0
fire_24461771,2020-09-07,fire_24461771_2020-09-05_2020-09-07,2,4.0,1800,1779,0,0,0,0,0,0,0,0,0
fire_24461771,2020-09-06,fire_24461771_2020-09-06_2020-09-08,0,2.0,462,108,0,0,0,0,0,0,0,0,0
fire_24461771,2020-09-07,fire_24461771_2020-09-06_2020-09-08,1,3.0,1800,1057,0,0,0,0,0,0,0,0,0
fire_24461771,2020-09-08,fire_24461771_2020-09-06_2020-09-08,2,4.0,2004,2004,26,0,26,0,0,26,0,0,0
fire_24461771,2020-09-07,fire_24461771_2020-09-07_2020-09-09,0,2.0,1800,527,0,0,0,0,0,0,0,0,0
fire_24461771,2020-09-08,fire_24461771_2020-09-07_2020-09-09,1,3.0,2004,1305,26,0,26,0,0,26,0,0,0
fire_24461771,2020-09-09,fire_24461771_2020-09-07_2020-09-09,2,4.0,1617,1617,0,26,0,0,26,0,0,23,3
fire_24461771,2020-09-08,fire_24461771_2020-09-08_2020-09-10,0,2.0,2004,748,26,0,26,0,0,26,0,0,0
fire_24461771,2020-09-09,fire_24461771_2020-09-08_2020-09-10,1,3.0,1617,1186,0,26,0,0,26,0,0,23,3
fire_24461771,2020-09-10,fire_24461771_2020-09-08_2020-09-10,2,4.0,2394,2394,1,0,1,0,0,1,0,0,0
fire_24461771,2020-09-09,fire_24461771_2020-09-09_2020-09-11,0,2.0,1617,798,0,0,0,0,0,0,0,0,0
fire_24461771,2020-09-10,fire_24461771_2020-09-09_2020-09-11,1,3.0,2394,1704,1,0,1,0,0,1,0,0,0
fire_24461771,2020-09-11,fire_24461771_2020-09-09_2020-09-11,2,4.0,3949,3949,115,1,115,0,1,115,0,0,1
fire_24461771,2020-09-10,fire_24461771_2020-09-10_2020-09-12,0,2.0,2394,1101,1,0,1,0,0,1,0,0,0
fire_24461771,2020-09-11,fire_24461771_2020-09-10_2020-09-12,1,3.0,3949,2716,115,1,115,0,1,115,0,0,1
fire_24461771,2020-09-12,fire_24461771_2020-09-10_2020-09-12,2,4.0,4523,4523,64,115,53,11,104,64,0,36,68
fire_24461771,2020-09-11,fire_24461771_2020-09-11_2020-09-13,0,2.0,3949,1626,115,0,115,0,0,115,0,0,0
fire_24461771,2020-09-12,fire_24461771_2020-09-11_2020-09-13,1,3.0,4523,3047,64,115,53,11,104,64,0,37,67
fire_24461771,2020-09-13,fire_24461771_2020-09-11_2020-09-13,2,4.0,4977,4977,39,64,35,4,60,39,0,14,46
fire_24461771,2020-09-12,fire_24461771_2020-09-12_2020-09-14,0,2.0,4523,1747,64,0,64,0,0,64,0,0,0
fire_24461771,2020-09-13,fire_24461771_2020-09-12_2020-09-14,1,3.0,4977,3233,39,64,35,4,60,39,0,21,39
fire_24461771,2020-09-14,fire_24461771_2020-09-12_2020-09-14,2,4.0,3517,3517,131,39,127,4,35,131,0,11,24
fire_24461771,2020-09-13,fire_24461771_2020-09-13_2020-09-15,0,2.0,4977,1784,39,0,39,0,0,39,0,0,0
fire_24461771,2020-09-14,fire_24461771_2020-09-13_2020-09-15,1,3.0,3517,2427,131,39,127,4,35,131,0,12,23
fire_24461771,2020-09-15,fire_24461771_2020-09-13_2020-09-15,2,4.0,3711,3711,145,131,123,22,109,145,0,49,60
fire_24461771,2020-09-14,fire_24461771_2020-09-14_2020-09-16,0,2.0,3517,1455,131,0,131,0,0,131,0,0,0
fire_24461771,2020-09-15,fire_24461771_2020-09-14_2020-09-16,1,3.0,3711,2561,145,131,123,22,109,145,0,49,60
fire_24461771,2020-09-16,fire_24461771_2020-09-14_2020-09-16,2,4.0,4049,4049,128,145,111,17,128,128,0,42,86
fire_24461771,2020-09-15,fire_24461771_2020-09-15_2020-09-17,0,2.0,3711,1554,145,0,145,0,0,145,0,0,0
fire_24461771,2020-09-16,fire_24461771_2020-09-15_2020-09-17,1,3.0,4049,2806,128,145,111,17,128,128,0,50,78
fire_24461771,2020-09-17,fire_24461771_2020-09-15_2020-09-17,2,4.0,4374,4374,75,128,58,17,111,75,0,42,69
fire_24461771,2020-09-16,fire_24461771_2020-09-16_2020-09-18,0,2.0,4049,1681,128,0,128,0,0,128,0,0,0
fire_24461771,2020-09-17,fire_24461771_2020-09-16_2020-09-18,1,3.0,4374,2969,75,128,58,17,111,75,0,42,69
fire_24461771,2020-09-18,fire_24461771_2020-09-16_2020-09-18,2,4.0,4753,4753,90,75,82,8,67,90,0,33,34
fire_24461771,2020-09-17,fire_24461771_2020-09-17_2020-09-19,0,2.0,4374,1760,75,0,75,0,0,75,0,0,0
fire_24461771,2020-09-18,fire_24461771_2020-09-17_2020-09-19,1,3.0,4753,3283,90,75,82,8,67,90,0,33,34
fire_24461771,2020-09-19,fire_24461771_2020-09-17_2020-09-19,2,4.0,4071,4071,163,90,161,2,88,163,0,60,28
fire_24461771,2020-09-18,fire_24461771_2020-09-18_2020-09-20,0,2.0,4753,1985,90,0,90,0,0,90,0,0,0
fire_24461771,2020-09-19,fire_24461771_2020-09-18_2020-09-20,1,3.0,4071,2895,163,90,161,2,88,163,0,60,28
fire_24461771,2020-09-20,fire_24461771_2020-09-18_2020-09-20,2,4.0,5491,5491,198,163,183,15,148,198,0,68,80
fire_24461771,2020-09-19,fire_24461771_2020-09-19_2020-09-21,0,2.0,4071,1814,163,0,163,0,0,163,0,0,0
fire_24461771,2020-09-20,fire_24461771_2020-09-19_2020-09-21,1,3.0,5491,4004,198,163,183,15,148,198,0,68,80
fire_24461771,2020-09-21,fire_24461771_2020-09-19_2020-09-21,2,4.0,5083,5083,214,198,199,15,183,214,0,59,124
fire_24461771,2020-09-20,fire_24461771_2020-09-20_2020-09-22,0,2.0,5491,2649,198,0,198,0,0,198,0,0,0
fire_24461771,2020-09-21,fire_24461771_2020-09-20_2020-09-22,1,3.0,5083,3654,214,198,199,15,183,214,0,73,110
fire_24461771,2020-09-22,fire_24461771_2020-09-20_2020-09-22,2,4.0,4033,4033,136,214,119,17,197,136,0,45,152
fire_24461771,2020-09-21,fire_24461771_2020-09-21_2020-09-23,0,2.0,5083,2309,214,0,214,0,0,214,0,0,0
fire_24461771,2020-09-22,fire_24461771_2020-09-21_2020-09-23,1,3.0,4033,2789,136,214,119,17,197,136,0,60,137
fire_24461771,2020-09-23,fire_24461771_2020-09-21_2020-09-23,2,4.0,4603,4603,119,136,94,25,111,119,0,48,63
fire_24461771,2020-09-22,fire_24461771_2020-09-22_2020-09-24,0,2.0,4033,1703,136,0,136,0,0,136,0,0,0
fire_24461771,2020-09-23,fire_24461771_2020-09-22_2020-09-24,1,3.0,4603,3100,119,136,94,25,111,119,0,54,57
fire_24461771,2020-09-24,fire_24461771_2020-09-22_2020-09-24,2,4.0,6296,6296,106,119,78,28,91,106,0,31,60
fire_24461771,2020-09-23,fire_24461771_2020-09-23_2020-09-25,0,2.0,4603,1808,119,0,119,0,0,119,0,0,0
fire_24461771,2020-09-24,fire_24461771_2020-09-23_2020-09-25,1,3.0,6296,3931,106,119,78,28,91,106,0,32,59
fire_24461771,2020-09-25,fire_24461771_2020-09-23_2020-09-25,2,4.0,2923,2923,61,106,41,20,86,61,0,23,63
fire_24461771,2020-09-24,fire_24461771_2020-09-24_2020-09-26,0,2.0,6296,2125,106,0,106,0,0,106,0,0,0
fire_24461771,2020-09-25,fire_24461771_2020-09-24_2020-09-26,1,3.0,2923,1959,61,106,41,20,86,61,0,31,55
fire_24461771,2020-09-26,fire_24461771_2020-09-24_2020-09-26,2,4.0,2886,2863,35,61,28,7,54,35,0,13,41
fire_24461771,2020-09-25,fire_24461771_2020-09-25_2020-09-27,0,2.0,2923,1156,61,0,61,0,0,61,0,0,0
fire_24461771,2020-09-26,fire_24461771_2020-09-25_2020-09-27,1,3.0,2886,1893,35,61,28,7,54,35,0,13,41
fire_24461771,2020-09-27,fire_24461771_2020-09-25_2020-09-27,2,4.0,2198,2144,18,35,15,3,32,18,0,2,30
fire_24461771,2020-09-26,fire_24461771_2020-09-26_2020-09-28,0,2.0,2886,1098,35,0,35,0,0,35,0,0,0
fire_24461771,2020-09-27,fire_24461771_2020-09-26_2020-09-28,1,3.0,2198,1337,18,35,15,3,32,18,0,2,30
fire_24461771,2020-09-28,fire_24461771_2020-09-26_2020-09-28,2,4.0,2456,2456,2,18,2,0,18,2,0,9,9
fire_24461771,2020-09-27,fire_24461771_2020-09-27_2020-09-29,0,2.0,2198,713,18,0,18,0,0,18,0,0,0
fire_24461771,2020-09-28,fire_24461771_2020-09-27_2020-09-29,1,3.0,2456,1500,2,18,2,0,18,2,0,15,3
fire_24461771,2020-09-29,fire_24461771_2020-09-27_2020-09-29,2,4.0,2085,2019,0,2,0,0,2,0,0,1,1
fire_24461771,2020-09-28,fire_24461771_2020-09-28_2020-09-30,0,2.0,2456,783,2,0,2,0,0,2,0,0,0
fire_24461771,2020-09-29,fire_24461771_2020-09-28_2020-09-30,1,3.0,2085,1249,0,2,0,0,2,0,0,1,1
fire_24461771,2020-09-30,fire_24461771_2020-09-28_2020-09-30,2,4.0,1096,1066,4,0,4,0,0,4,0,0,0
fire_24461771,2020-09-29,fire_24461771_2020-09-29_2020-10-01,0,2.0,2085,670,0,0,0,0,0,0,0,0,0
fire_24461771,2020-09-30,fire_24461771_2020-09-29_2020-10-01,1,3.0,1096,654,4,0,4,0,0,4,0,0,0
fire_24461771,2020-10-01,fire_24461771_2020-09-29_2020-10-01,2,4.0,1219,1156,33,4,30,3,1,33,0,1,0
fire_24461771,2020-09-30,fire_24461771_2020-09-30_2020-10-02,0,2.0,1096,324,4,0,4,0,0,4,0,0,0
fire_24461771,2020-10-01,fire_24461771_2020-09-30_2020-10-02,1,3.0,1219,736,33,4,30,3,1,33,0,1,0
fire_24461771,2020-10-02,fire_24461771_2020-09-30_2020-10-02,2,4.0,633,567,3,33,3,0,33,3,0,6,27
fire_24461780,2020-09-05,fire_24461780_2020-09-05_2020-09-07,0,2.0,462,108,0,0,0,0,0,0,0,0,0
fire_24461780,2020-09-06,fire_24461780_2020-09-05_2020-09-07,1,3.0,1588,1067,0,0,0,0,0,0,0,0,0
fire_24461780,2020-09-07,fire_24461780_2020-09-05_2020-09-07,2,4.0,1276,1276,0,0,0,0,0,0,0,0,0
fire_24461780,2020-09-06,fire_24461780_2020-09-06_2020-09-08,0,2.0,1588,632,0,0,0,0,0,0,0,0,0
fire_24461780,2020-09-07,fire_24461780_2020-09-06_2020-09-08,1,3.0,1276,825,0,0,0,0,0,0,0,0,0
fire_24461780,2020-09-08,fire_24461780_2020-09-06_2020-09-08,2,4.0,1818,1815,118,0,118,0,0,118,0,0,0
fire_24461780,2020-09-07,fire_24461780_2020-09-07_2020-09-09,0,2.0,1276,463,0,0,0,0,0,0,0,0,0
fire_24461780,2020-09-08,fire_24461780_2020-09-07_2020-09-09,1,3.0,1818,1257,118,0,118,0,0,118,0,0,0
fire_24461780,2020-09-09,fire_24461780_2020-09-07_2020-09-09,2,4.0,1378,1378,61,118,47,14,104,61,0,14,90
fire_24461780,2020-09-08,fire_24461780_2020-09-08_2020-09-10,0,2.0,1818,791,118,0,118,0,0,118,0,0,0
fire_24461780,2020-09-09,fire_24461780_2020-09-08_2020-09-10,1,3.0,1378,966,61,118,47,14,104,61,0,23,81
fire_24461780,2020-09-10,fire_24461780_2020-09-08_2020-09-10,2,4.0,1444,1444,0,61,0,0,61,0,0,27,34
fire_24461780,2020-09-09,fire_24461780_2020-09-09_2020-09-11,0,2.0,1378,583,61,0,61,0,0,61,0,0,0
fire_24461780,2020-09-10,fire_24461780_2020-09-09_2020-09-11,1,3.0,1444,1010,0,61,0,0,61,0,0,27,34
fire_24461780,2020-09-11,fire_24461780_2020-09-09_2020-09-11,2,4.0,1962,1962,92,0,92,0,0,92,0,0,0
fire_24461780,2020-09-10,fire_24461780_2020-09-10_2020-09-12,0,2.0,1444,584,0,0,0,0,0,0,0,0,0
fire_24461780,2020-09-11,fire_24461780_2020-09-10_2020-09-12,1,3.0,1962,1270,92,0,92,0,0,92,0,0,0
fire_24461780,2020-09-12,fire_24461780_2020-09-10_2020-09-12,2,4.0,2709,2709,65,92,40,25,67,65,0,7,60
fire_24461780,2020-09-11,fire_24461780_2020-09-11_2020-09-13,0,2.0,1962,719,92,0,92,0,0,92,0,0,0
fire_24461780,2020-09-12,fire_24461780_2020-09-11_2020-09-13,1,3.0,2709,1709,65,92,40,25,67,65,0,7,60
fire_24461780,2020-09-13,fire_24461780_2020-09-11_2020-09-13,2,4.0,2359,2359,54,65,27,27,38,54,0,18,20
fire_24461780,2020-09-12,fire_24461780_2020-09-12_2020-09-14,0,2.0,2709,911,65,0,65,0,0,65,0,0,0
fire_24461780,2020-09-13,fire_24461780_2020-09-12_2020-09-14,1,3.0,2359,1490,54,65,27,27,38,54,0,18,20
fire_24461780,2020-09-14,fire_24461780_2020-09-12_2020-09-14,2,4.0,2070,2062,62,54,37,25,29,62,0,6,23
fire_24461780,2020-09-13,fire_24461780_2020-09-13_2020-09-15,0,2.0,2359,805,54,0,54,0,0,54,0,0,0
fire_24461780,2020-09-14,fire_24461780_2020-09-13_2020-09-15,1,3.0,2070,1340,62,54,37,25,29,62,0,6,23
fire_24461780,2020-09-15,fire_24461780_2020-09-13_2020-09-15,2,4.0,1556,1556,97,62,90,7,55,97,0,31,24
fire_24461780,2020-09-14,fire_24461780_2020-09-14_2020-09-16,0,2.0,2070,743,62,0,62,0,0,62,0,0,0
fire_24461780,2020-09-15,fire_24461780_2020-09-14_2020-09-16,1,3.0,1556,1036,97,62,90,7,55,97,0,40,15
fire_24461780,2020-09-16,fire_24461780_2020-09-14_2020-09-16,2,4.0,1239,1239,125,97,79,46,51,125,0,32,19
fire_24461780,2020-09-15,fire_24461780_2020-09-15_2020-09-17,0,2.0,1556,598,97,0,97,0,0,97,0,0,0
fire_24461780,2020-09-16,fire_24461780_2020-09-15_2020-09-17,1,3.0,1239,871,125,97,79,46,51,125,0,32,19
fire_24461780,2020-09-17,fire_24461780_2020-09-15_2020-09-17,2,4.0,1613,1613,108,125,68,40,85,108,0,33,52
fire_24461780,2020-09-16,fire_24461780_2020-09-16_2020-09-18,0,2.0,1239,525,125,0,125,0,0,125,0,0,0
fire_24461780,2020-09-17,fire_24461780_2020-09-16_2020-09-18,1,3.0,1613,1083,108,125,68,40,85,108,0,33,52
fire_24461780,2020-09-18,fire_24461780_2020-09-16_2020-09-18,2,4.0,2100,2100,101,108,61,40,68,101,0,39,29
fire_24461780,2020-09-17,fire_24461780_2020-09-17_2020-09-19,0,2.0,1613,630,108,0,108,0,0,108,0,0,0
fire_24461780,2020-09-18,fire_24461780_2020-09-17_2020-09-19,1,3.0,2100,1387,101,108,61,40,68,101,0,39,29
fire_24461780,2020-09-19,fire_24461780_2020-09-17_2020-09-19,2,4.0,2100,2100,84,101,74,10,91,84,0,25,66
fire_24461780,2020-09-18,fire_24461780_2020-09-18_2020-09-20,0,2.0,2100,799,101,0,101,0,0,101,0,0,0
fire_24461780,2020-09-19,fire_24461780_2020-09-18_2020-09-20,1,3.0,2100,1454,84,101,74,10,91,84,0,36,55
fire_24461780,2020-09-20,fire_24461780_2020-09-18_2020-09-20,2,4.0,1799,1799,73,84,48,25,59,73,0,24,35
fire_24461780,2020-09-19,fire_24461780_2020-09-19_2020-09-21,0,2.0,2100,898,84,0,84,0,0,84,0,0,0
fire_24461780,2020-09-20,fire_24461780_2020-09-19_2020-09-21,1,3.0,1799,1222,73,84,48,25,59,73,0,24,35
fire_24461780,2020-09-21,fire_24461780_2020-09-19_2020-09-21,2,4.0,1657,1657,58,73,43,15,58,58,0,5,53
fire_24461780,2020-09-20,fire_24461780_2020-09-20_2020-09-22,0,2.0,1799,725,73,0,73,0,0,73,0,0,0
fire_24461780,2020-09-21,fire_24461780_2020-09-20_2020-09-22,1,3.0,1657,1105,58,73,43,15,58,58,0,5,53
fire_24461780,2020-09-22,fire_24461780_2020-09-20_2020-09-22,2,4.0,1972,1972,34,58,24,10,48,34,0,6,42
fire_24461780,2020-09-21,fire_24461780_2020-09-21_2020-09-23,0,2.0,1657,619,58,0,58,0,0,58,0,0,0
fire_24461780,2020-09-22,fire_24461780_2020-09-21_2020-09-23,1,3.0,1972,1208,34,58,24,10,48,34,0,8,40
fire_24461780,2020-09-23,fire_24461780_2020-09-21_2020-09-23,2,4.0,1261,1261,13,34,9,4,30,13,0,5,25
fire_24461780,2020-09-22,fire_24461780_2020-09-22_2020-09-24,0,2.0,1972,634,34,0,34,0,0,34,0,0,0
fire_24461780,2020-09-23,fire_24461780_2020-09-22_2020-09-24,1,3.0,1261,741,13,34,9,4,30,13,0,12,18
fire_24461780,2020-09-24,fire_24461780_2020-09-22_2020-09-24,2,4.0,1423,1418,16,13,15,1,12,16,0,2,10
fire_24461780,2020-09-23,fire_24461780_2020-09-23_2020-09-25,0,2.0,1261,360,13,0,13,0,0,13,0,0,0
fire_24461780,2020-09-24,fire_24461780_2020-09-23_2020-09-25,1,3.0,1423,852,16,13,15,1,12,16,0,2,10
fire_24461780,2020-09-25,fire_24461780_2020-09-23_2020-09-25,2,4.0,918,852,0,16,0,0,16,0,0,16,0
fire_24461780,2020-09-24,fire_24461780_2020-09-24_2020-09-26,0,2.0,1423,428,16,0,16,0,0,16,0,0,0
fire_24461780,2020-09-25,fire_24461780_2020-09-24_2020-09-26,1,3.0,918,504,0,16,0,0,16,0,0,16,0
fire_24461780,2020-09-26,fire_24461780_2020-09-24_2020-09-26,2,4.0,913,913,18,0,18,0,0,18,0,0,0
fire_24461780,2020-09-25,fire_24461780_2020-09-25_2020-09-27,0,2.0,918,246,0,0,0,0,0,0,0,0,0
fire_24461780,2020-09-26,fire_24461780_2020-09-25_2020-09-27,1,3.0,913,549,18,0,18,0,0,18,0,0,0
fire_24461780,2020-09-27,fire_24461780_2020-09-25_2020-09-27,2,4.0,863,822,10,18,9,1,17,10,0,0,17
fire_24461780,2020-09-26,fire_24461780_2020-09-26_2020-09-28,0,2.0,913,275,18,0,18,0,0,18,0,0,0
fire_24461780,2020-09-27,fire_24461780_2020-09-26_2020-09-28,1,3.0,863,478,10,18,9,1,17,10,0,0,17
fire_24461780,2020-09-28,fire_24461780_2020-09-26_2020-09-28,2,4.0,1236,1236,0,10,0,0,10,0,0,3,7
fire_24461780,2020-09-27,fire_24461780_2020-09-27_2020-09-29,0,2.0,863,230,10,0,10,0,0,10,0,0,0
fire_24461780,2020-09-28,fire_24461780_2020-09-27_2020-09-29,1,3.0,1236,720,0,10,0,0,10,0,0,3,7
fire_24461780,2020-09-29,fire_24461780_2020-09-27_2020-09-29,2,4.0,1680,1680,0,0,0,0,0,0,0,0,0
fire_24461785,2020-09-26,fire_24461785_2020-09-26_2020-09-28,0,2.0,524,169,0,0,0,0,0,0,0,0,0
fire_24461785,2020-09-27,fire_24461785_2020-09-26_2020-09-28,1,3.0,1240,882,49,0,49,0,0,49,0,0,0
fire_24461785,2020-09-28,fire_24461785_2020-09-26_2020-09-28,2,4.0,1113,1110,21,49,20,1,48,21,0,18,30
fire_24461785,2020-09-27,fire_24461785_2020-09-27_2020-09-29,0,2.0,1240,558,49,0,49,0,0,49,0,0,0
fire_24461785,2020-09-28,fire_24461785_2020-09-27_2020-09-29,1,3.0,1113,766,21,49,20,1,48,21,0,24,24
fire_24461785,2020-09-29,fire_24461785_2020-09-27_2020-09-29,2,4.0,681,615,27,21,24,3,18,27,0,11,7
fire_24461789,2020-09-28,fire_24461789_2020-09-28_2020-09-30,0,2.0,610,206,27,0,27,0,0,27,0,0,0
fire_24461789,2020-09-29,fire_24461789_2020-09-28_2020-09-30,1,3.0,670,423,36,27,25,11,16,36,0,13,3
fire_24461789,2020-09-30,fire_24461789_2020-09-28_2020-09-30,2,4.0,747,747,51,36,35,16,20,51,0,15,5
fire_24461789,2020-09-29,fire_24461789_2020-09-29_2020-10-01,0,2.0,670,236,36,0,36,0,0,36,0,0,0
fire_24461789,2020-09-30,fire_24461789_2020-09-29_2020-10-01,1,3.0,747,496,51,36,35,16,20,51,0,15,5
fire_24461789,2020-10-01,fire_24461789_2020-09-29_2020-10-01,2,4.0,846,846,81,51,57,24,27,81,0,18,9
fire_24461789,2020-09-30,fire_24461789_2020-09-30_2020-10-02,0,2.0,747,288,51,0,51,0,0,51,0,0,0
fire_24461789,2020-10-01,fire_24461789_2020-09-30_2020-10-02,1,3.0,846,578,81,51,57,24,27,81,0,18,9
fire_24461789,2020-10-02,fire_24461789_2020-09-30_2020-10-02,2,4.0,977,977,93,81,67,26,55,93,0,48,7
fire_24461789,2020-10-01,fire_24461789_2020-10-01_2020-10-03,0,2.0,846,353,81,0,81,0,0,81,0,0,0
fire_24461789,2020-10-02,fire_24461789_2020-10-01_2020-10-03,1,3.0,977,681,93,81,67,26,55,93,0,48,7
fire_24461789,2020-10-03,fire_24461789_2020-10-01_2020-10-03,2,4.0,1181,1181,115,93,89,26,67,115,0,52,15
fire_24461789,2020-10-02,fire_24461789_2020-10-02_2020-10-04,0,2.0,977,425,93,0,93,0,0,93,0,0,0
fire_24461789,2020-10-03,fire_24461789_2020-10-02_2020-10-04,1,3.0,1181,839,115,93,89,26,67,115,0,52,15
fire_24461789,2020-10-04,fire_24461789_2020-10-02_2020-10-04,2,4.0,1252,1252,129,115,93,36,79,129,0,41,38
fire_24461789,2020-10-03,fire_24461789_2020-10-03_2020-10-05,0,2.0,1181,543,115,0,115,0,0,115,0,0,0
fire_24461789,2020-10-04,fire_24461789_2020-10-03_2020-10-05,1,3.0,1252,907,129,115,93,36,79,129,0,41,38
fire_24461789,2020-10-05,fire_24461789_2020-10-03_2020-10-05,2,4.0,1485,1485,166,129,137,29,100,166,0,68,32
fire_24461789,2020-10-04,fire_24461789_2020-10-04_2020-10-06,0,2.0,1252,600,129,0,129,0,0,129,0,0,0
fire_24461789,2020-10-05,fire_24461789_2020-10-04_2020-10-06,1,3.0,1485,1096,166,129,137,29,100,166,0,68,32
fire_24461789,2020-10-06,fire_24461789_2020-10-04_2020-10-06,2,4.0,1619,1619,173,166,116,57,109,173,0,71,38
fire_24461789,2020-10-05,fire_24461789_2020-10-05_2020-10-07,0,2.0,1485,747,166,0,166,0,0,166,0,0,0
fire_24461789,2020-10-06,fire_24461789_2020-10-05_2020-10-07,1,3.0,1619,1207,173,166,116,57,109,173,0,71,38
fire_24461789,2020-10-07,fire_24461789_2020-10-05_2020-10-07,2,4.0,1759,1759,187,173,138,49,124,187,0,69,55
fire_24461789,2020-10-06,fire_24461789_2020-10-06_2020-10-08,0,2.0,1619,839,173,0,173,0,0,173,0,0,0
fire_24461789,2020-10-07,fire_24461789_2020-10-06_2020-10-08,1,3.0,1759,1342,187,173,138,49,124,187,0,69,55
fire_24461789,2020-10-08,fire_24461789_2020-10-06_2020-10-08,2,4.0,1988,1988,210,187,155,55,132,210,0,71,61
fire_24461789,2020-10-07,fire_24461789_2020-10-07_2020-10-09,0,2.0,1759,941,187,0,187,0,0,187,0,0,0
fire_24461789,2020-10-08,fire_24461789_2020-10-07_2020-10-09,1,3.0,1988,1533,210,187,155,55,132,210,0,71,61
fire_24461789,2020-10-09,fire_24461789_2020-10-07_2020-10-09,2,4.0,2135,2135,253,210,192,61,149,253,0,85,64
fire_24461789,2020-10-08,fire_24461789_2020-10-08_2020-10-10,0,2.0,1988,1082,210,0,210,0,0,210,0,0,0
fire_24461789,2020-10-09,fire_24461789_2020-10-08_2020-10-10,1,3.0,2135,1665,253,210,192,61,149,253,0,85,64
fire_24461789,2020-10-10,fire_24461789_2020-10-08_2020-10-10,2,4.0,2259,2259,242,253,166,76,177,242,0,47,130
fire_24461789,2020-10-09,fire_24461789_2020-10-09_2020-10-11,0,2.0,2135,1169,253,0,253,0,0,253,0,0,0
fire_24461789,2020-10-10,fire_24461789_2020-10-09_2020-10-11,1,3.0,2259,1779,242,253,166,76,177,242,0,47,130
fire_24461789,2020-10-11,fire_24461789_2020-10-09_2020-10-11,2,4.0,2323,2323,198,242,126,72,170,198,0,53,117
fire_24461789,2020-10-10,fire_24461789_2020-10-10_2020-10-12,0,2.0,2259,1241,242,0,242,0,0,242,0,0,0
fire_24461789,2020-10-11,fire_24461789_2020-10-10_2020-10-12,1,3.0,2323,1809,198,242,126,72,170,198,0,53,117
fire_24461789,2020-10-12,fire_24461789_2020-10-10_2020-10-12,2,4.0,2437,2437,154,198,95,59,139,154,0,37,102
fire_24461789,2020-10-11,fire_24461789_2020-10-11_2020-10-13,0,2.0,2323,1225,198,0,198,0,0,198,0,0,0
fire_24461789,2020-10-12,fire_24461789_2020-10-11_2020-10-13,1,3.0,2437,1776,154,198,95,59,139,154,0,42,97
fire_24461789,2020-10-13,fire_24461789_2020-10-11_2020-10-13,2,4.0,1815,1815,0,154,0,0,154,0,0,39,115
fire_24461789,2020-10-12,fire_24461789_2020-10-12_2020-10-14,0,2.0,2437,1087,154,0,154,0,0,154,0,0,0
fire_24461789,2020-10-13,fire_24461789_2020-10-12_2020-10-14,1,3.0,1815,1211,0,154,0,0,154,0,0,48,106
fire_24461789,2020-10-14,fire_24461789_2020-10-12_2020-10-14,2,4.0,2243,2243,116,0,116,0,0,116,0,0,0
fire_24461789,2020-10-13,fire_24461789_2020-10-13_2020-10-15,0,2.0,1815,694,0,0,0,0,0,0,0,0,0
fire_24461789,2020-10-14,fire_24461789_2020-10-13_2020-10-15,1,3.0,2243,1552,116,0,116,0,0,116,0,0,0
fire_24461789,2020-10-15,fire_24461789_2020-10-13_2020-10-15,2,4.0,2305,2305,145,116,104,41,75,145,0,37,38
fire_24461789,2020-10-14,fire_24461789_2020-10-14_2020-10-16,0,2.0,2243,918,116,0,116,0,0,116,0,0,0
fire_24461789,2020-10-15,fire_24461789_2020-10-14_2020-10-16,1,3.0,2305,1554,145,116,104,41,75,145,0,43,32
fire_24461789,2020-10-16,fire_24461789_2020-10-14_2020-10-16,2,4.0,2294,2294,127,145,82,45,100,127,0,30,70
fire_24461789,2020-10-15,fire_24461789_2020-10-15_2020-10-17,0,2.0,2305,914,145,0,145,0,0,145,0,0,0
fire_24461789,2020-10-16,fire_24461789_2020-10-15_2020-10-17,1,3.0,2294,1614,127,145,82,45,100,127,0,33,67
fire_24461789,2020-10-17,fire_24461789_2020-10-15_2020-10-17,2,4.0,2139,2119,98,127,63,35,92,98,0,26,66
fire_24461789,2020-10-16,fire_24461789_2020-10-16_2020-10-18,0,2.0,2294,980,127,0,127,0,0,127,0,0,0
fire_24461789,2020-10-17,fire_24461789_2020-10-16_2020-10-18,1,3.0,2139,1457,98,127,63,35,92,98,0,32,60
fire_24461789,2020-10-18,fire_24461789_2020-10-16_2020-10-18,2,4.0,1530,1486,48,98,35,13,85,48,0,20,65
fire_24461789,2020-10-17,fire_24461789_2020-10-17_2020-10-19,0,2.0,2139,844,98,0,98,0,0,98,0,0,0
fire_24461789,2020-10-18,fire_24461789_2020-10-17_2020-10-19,1,3.0,1530,909,48,98,35,13,85,48,0,30,55
fire_24461789,2020-10-19,fire_24461789_2020-10-17_2020-10-19,2,4.0,726,690,34,48,29,5,43,34,0,31,12
fire_24461899,2020-09-08,fire_24461899_2020-09-08_2020-09-10,0,2.0,11057,6899,0,0,0,0,0,0,0,0,0
fire_24461899,2020-09-09,fire_24461899_2020-09-08_2020-09-10,1,3.0,15109,11752,19,0,19,0,0,19,0,0,0
fire_24461899,2020-09-10,fire_24461899_2020-09-08_2020-09-10,2,4.0,8422,8414,0,19,0,0,19,0,0,12,7
fire_24461899,2020-09-09,fire_24461899_2020-09-09_2020-09-11,0,2.0,15109,7984,19,0,19,0,0,19,0,0,0
fire_24461899,2020-09-10,fire_24461899_2020-09-09_2020-09-11,1,3.0,8422,5693,0,19,0,0,19,0,0,13,6
fire_24461899,2020-09-11,fire_24461899_2020-09-09_2020-09-11,2,4.0,3223,3157,0,0,0,0,0,0,0,0,0
fire_24461899,2020-09-10,fire_24461899_2020-09-10_2020-09-12,0,2.0,8422,3311,0,0,0,0,0,0,0,0,0
fire_24461899,2020-09-11,fire_24461899_2020-09-10_2020-09-12,1,3.0,3223,2010,0,0,0,0,0,0,0,0,0
fire_24461899,2020-09-12,fire_24461899_2020-09-10_2020-09-12,2,4.0,2001,1935,20,0,20,0,0,20,0,0,0
fire_24461899,2020-09-11,fire_24461899_2020-09-11_2020-09-13,0,2.0,3223,1052,0,0,0,0,0,0,0,0,0
fire_24461899,2020-09-12,fire_24461899_2020-09-11_2020-09-13,1,3.0,2001,1178,20,0,20,0,0,20,0,0,0
fire_24461899,2020-09-13,fire_24461899_2020-09-11_2020-09-13,2,4.0,1263,1197,8,20,5,3,17,8,0,5,12
fire_24461930,2020-09-08,fire_24461930_2020-09-08_2020-09-10,0,2.0,8563,5024,0,0,0,0,0,0,0,0,0
fire_24461930,2020-09-09,fire_24461930_2020-09-08_2020-09-10,1,3.0,11540,9019,12,0,12,0,0,12,0,0,0
fire_24461930,2020-09-10,fire_24461930_2020-09-08_2020-09-10,2,4.0,5669,5603,0,12,0,0,12,0,0,10,2
fire_24461930,2020-09-09,fire_24461930_2020-09-09_2020-09-11,0,2.0,11540,6191,12,0,12,0,0,12,0,0,0
fire_24461930,2020-09-10,fire_24461930_2020-09-09_2020-09-11,1,3.0,5669,3663,0,12,0,0,12,0,0,11,1
fire_24461930,2020-09-11,fire_24461930_2020-09-09_2020-09-11,2,4.0,1575,1509,0,0,0,0,0,0,0,0,0
fire_24461930,2020-09-10,fire_24461930_2020-09-10_2020-09-12,0,2.0,5669,2037,0,0,0,0,0,0,0,0,0
fire_24461930,2020-09-11,fire_24461930_2020-09-10_2020-09-12,1,3.0,1575,925,0,0,0,0,0,0,0,0,0
fire_24461930,2020-09-12,fire_24461930_2020-09-10_2020-09-12,2,4.0,1357,1291,5,0,5,0,0,5,0,0,0
fire_24461930,2020-09-11,fire_24461930_2020-09-11_2020-09-13,0,2.0,1575,476,0,0,0,0,0,0,0,0,0
fire_24461930,2020-09-12,fire_24461930_2020-09-11_2020-09-13,1,3.0,1357,763,5,0,5,0,0,5,0,0,0
fire_24461930,2020-09-13,fire_24461930_2020-09-11_2020-09-13,2,4.0,782,716,2,5,2,0,5,2,0,5,0
fire_24461965,2020-09-08,fire_24461965_2020-09-08_2020-09-10,0,2.0,8372,5196,0,0,0,0,0,0,0,0,0
fire_24461965,2020-09-09,fire_24461965_2020-09-08_2020-09-10,1,3.0,11202,8898,0,0,0,0,0,0,0,0,0
fire_24461965,2020-09-10,fire_24461965_2020-09-08_2020-09-10,2,4.0,5870,5804,0,0,0,0,0,0,0,0,0
fire_24461965,2020-09-09,fire_24461965_2020-09-09_2020-09-11,0,2.0,11202,6196,0,0,0,0,0,0,0,0,0
fire_24461965,2020-09-10,fire_24461965_2020-09-09_2020-09-11,1,3.0,5870,3826,0,0,0,0,0,0,0,0,0
fire_24461965,2020-09-11,fire_24461965_2020-09-09_2020-09-11,2,4.0,1216,1150,0,0,0,0,0,0,0,0,0
fire_24461965,2020-09-10,fire_24461965_2020-09-10_2020-09-12,0,2.0,5870,2156,0,0,0,0,0,0,0,0,0
fire_24461965,2020-09-11,fire_24461965_2020-09-10_2020-09-12,1,3.0,1216,692,0,0,0,0,0,0,0,0,0
fire_24461965,2020-09-12,fire_24461965_2020-09-10_2020-09-12,2,4.0,961,895,4,0,4,0,0,4,0,0,0
fire_24461996,2020-09-08,fire_24461996_2020-09-08_2020-09-10,0,2.0,1374,501,0,0,0,0,0,0,0,0,0
fire_24461996,2020-09-09,fire_24461996_2020-09-08_2020-09-10,1,3.0,5934,4821,0,0,0,0,0,0,0,0,0
fire_24461996,2020-09-10,fire_24461996_2020-09-08_2020-09-10,2,4.0,3517,3451,0,0,0,0,0,0,0,0,0
fire_24461996,2020-09-09,fire_24461996_2020-09-09_2020-09-11,0,2.0,5934,3495,0,0,0,0,0,0,0,0,0
fire_24461996,2020-09-10,fire_24461996_2020-09-09_2020-09-11,1,3.0,3517,2315,0,0,0,0,0,0,0,0,0
fire_24461996,2020-09-11,fire_24461996_2020-09-09_2020-09-11,2,4.0,578,512,0,0,0,0,0,0,0,0,0
fire_24462033,2020-09-02,fire_24462033_2020-09-02_2020-09-07,0,2.0,66,0,0,0,0,0,0,0,0,0,0
fire_24462033,2020-09-05,fire_24462033_2020-09-02_2020-09-07,1,3.0,462,228,0,0,0,0,0,0,0,0,0
fire_24462033,2020-09-07,fire_24462033_2020-09-02_2020-09-07,2,4.0,66,0,0,0,0,0,0,0,0,0,0
fire_24462033,2020-09-05,fire_24462033_2020-09-05_2020-09-08,0,2.0,462,108,0,0,0,0,0,0,0,0,0
fire_24462033,2020-09-07,fire_24462033_2020-09-05_2020-09-08,1,3.0,66,0,0,0,0,0,0,0,0,0,0
fire_24462033,2020-09-08,fire_24462033_2020-09-05_2020-09-08,2,4.0,1821,1821,0,0,0,0,0,0,0,0,0
fire_24462033,2020-09-07,fire_24462033_2020-09-07_2020-09-09,0,2.0,66,0,0,0,0,0,0,0,0,0,0
fire_24462033,2020-09-08,fire_24462033_2020-09-07_2020-09-09,1,3.0,1821,1228,0,0,0,0,0,0,0,0,0
fire_24462033,2020-09-09,fire_24462033_2020-09-07_2020-09-09,2,4.0,1851,1851,0,0,0,0,0,0,0,0,0
fire_24462033,2020-09-08,fire_24462033_2020-09-08_2020-09-10,0,2.0,1821,727,0,0,0,0,0,0,0,0,0
fire_24462033,2020-09-09,fire_24462033_2020-09-08_2020-09-10,1,3.0,1851,1226,0,0,0,0,0,0,0,0,0
fire_24462033,2020-09-10,fire_24462033_2020-09-08_2020-09-10,2,4.0,499,433,0,0,0,0,0,0,0,0,0
fire_24462033,2020-09-09,fire_24462033_2020-09-09_2020-09-11,0,2.0,1851,666,0,0,0,0,0,0,0,0,0
fire_24462033,2020-09-10,fire_24462033_2020-09-09_2020-09-11,1,3.0,499,283,0,0,0,0,0,0,0,0,0
fire_24462033,2020-09-11,fire_24462033_2020-09-09_2020-09-11,2,4.0,482,416,0,0,0,0,0,0,0,0,0
fire_24462033,2020-09-10,fire_24462033_2020-09-10_2020-09-12,0,2.0,499,144,0,0,0,0,0,0,0,0,0
fire_24462033,2020-09-11,fire_24462033_2020-09-10_2020-09-12,1,3.0,482,244,0,0,0,0,0,0,0,0,0
fire_24462033,2020-09-12,fire_24462033_2020-09-10_2020-09-12,2,4.0,462,396,0,0,0,0,0,0,0,0,0
fire_24462033,2020-09-11,fire_24462033_2020-09-11_2020-09-13,0,2.0,482,118,0,0,0,0,0,0,0,0,0
fire_24462033,2020-09-12,fire_24462033_2020-09-11_2020-09-13,1,3.0,462,228,0,0,0,0,0,0,0,0,0
fire_24462033,2020-09-13,fire_24462033_2020-09-11_2020-09-13,2,4.0,550,484,0,0,0,0,0,0,0,0,0
fire_24462088,2020-09-06,fire_24462088_2020-09-06_2020-09-09,0,2.0,954,262,0,0,0,0,0,0,0,0,0
fire_24462088,2020-09-08,fire_24462088_2020-09-06_2020-09-09,1,3.0,1072,617,0,0,0,0,0,0,0,0,0
fire_24462088,2020-09-09,fire_24462088_2020-09-06_2020-09-09,2,4.0,1464,1398,0,0,0,0,0,0,0,0,0
fire_24462127,2020-09-29,fire_24462127_2020-09-29_2020-10-01,0,2.0,2229,702,0,0,0,0,0,0,0,0,0
fire_24462127,2020-09-30,fire_24462127_2020-09-29_2020-10-01,1,3.0,2762,1677,0,0,0,0,0,0,0,0,0
fire_24462127,2020-10-01,fire_24462127_2020-09-29_2020-10-01,2,4.0,2307,2241,0,0,0,0,0,0,0,0,0
fire_24462127,2020-09-30,fire_24462127_2020-09-30_2020-10-02,0,2.0,2762,857,0,0,0,0,0,0,0,0,0
fire_24462127,2020-10-01,fire_24462127_2020-09-30_2020-10-02,1,3.0,2307,1362,0,0,0,0,0,0,0,0,0
fire_24462127,2020-10-02,fire_24462127_2020-09-30_2020-10-02,2,4.0,3033,2967,0,0,0,0,0,0,0,0,0
fire_24462127,2020-10-01,fire_24462127_2020-10-01_2020-10-03,0,2.0,2307,684,0,0,0,0,0,0,0,0,0
fire_24462127,2020-10-02,fire_24462127_2020-10-01_2020-10-03,1,3.0,3033,1920,0,0,0,0,0,0,0,0,0
fire_24462127,2020-10-03,fire_24462127_2020-10-01_2020-10-03,2,4.0,1196,1130,0,0,0,0,0,0,0,0,0
fire_24462127,2020-10-02,fire_24462127_2020-10-02_2020-10-06,0,2.0,3033,1047,0,0,0,0,0,0,0,0,0
fire_24462127,2020-10-03,fire_24462127_2020-10-02_2020-10-06,1,3.0,1196,712,0,0,0,0,0,0,0,0,0
fire_24462127,2020-10-06,fire_24462127_2020-10-02_2020-10-06,2,4.0,4420,4354,0,0,0,0,0,0,0,0,0
fire_24462127,2020-10-03,fire_24462127_2020-10-03_2020-10-08,0,2.0,1196,382,0,0,0,0,0,0,0,0,0
fire_24462127,2020-10-06,fire_24462127_2020-10-03_2020-10-08,1,3.0,4420,2716,0,0,0,0,0,0,0,0,0
fire_24462127,2020-10-08,fire_24462127_2020-10-03_2020-10-08,2,4.0,5962,5896,0,0,0,0,0,0,0,0,0
fire_24462212,2020-09-09,fire_24462212_2020-09-09_2020-09-11,0,2.0,2287,887,124,0,124,0,0,124,0,0,0
fire_24462212,2020-09-10,fire_24462212_2020-09-09_2020-09-11,1,3.0,1719,1232,26,124,20,6,118,26,0,78,40
fire_24462212,2020-09-11,fire_24462212_2020-09-09_2020-09-11,2,4.0,1929,1929,15,26,15,0,26,15,0,15,11
fire_24462212,2020-09-10,fire_24462212_2020-09-10_2020-09-12,0,2.0,1719,785,26,0,26,0,0,26,0,0,0
fire_24462212,2020-09-11,fire_24462212_2020-09-10_2020-09-12,1,3.0,1929,1416,15,26,15,0,26,15,0,15,11
fire_24462212,2020-09-12,fire_24462212_2020-09-10_2020-09-12,2,4.0,2360,2294,74,15,74,0,15,74,0,1,14
fire_24462212,2020-09-11,fire_24462212_2020-09-11_2020-09-13,0,2.0,1929,940,15,0,15,0,0,15,0,0,0
fire_24462212,2020-09-12,fire_24462212_2020-09-11_2020-09-13,1,3.0,2360,1708,74,15,74,0,15,74,0,1,14
fire_24462212,2020-09-13,fire_24462212_2020-09-11_2020-09-13,2,4.0,1920,1920,52,74,42,10,64,52,0,14,50
fire_24462212,2020-09-12,fire_24462212_2020-09-12_2020-09-14,0,2.0,2360,1115,74,0,74,0,0,74,0,0,0
fire_24462212,2020-09-13,fire_24462212_2020-09-12_2020-09-14,1,3.0,1920,1278,52,74,42,10,64,52,0,20,44
fire_24462212,2020-09-14,fire_24462212_2020-09-12_2020-09-14,2,4.0,1502,1495,56,52,48,8,44,56,0,21,23
fire_24462233,2020-09-03,fire_24462233_2020-09-03_2020-09-05,0,2.0,639,215,16,0,16,0,0,16,0,0,0
fire_24462233,2020-09-04,fire_24462233_2020-09-03_2020-09-05,1,3.0,787,509,28,16,18,10,6,28,0,5,1
fire_24462233,2020-09-05,fire_24462233_2020-09-03_2020-09-05,2,4.0,820,820,47,28,38,9,19,47,0,8,11
fire_24462233,2020-09-04,fire_24462233_2020-09-04_2020-09-06,0,2.0,787,295,28,0,28,0,0,28,0,0,0
fire_24462233,2020-09-05,fire_24462233_2020-09-04_2020-09-06,1,3.0,820,552,47,28,38,9,19,47,0,8,11
fire_24462233,2020-09-06,fire_24462233_2020-09-04_2020-09-06,2,4.0,943,943,41,47,30,11,36,41,0,23,13
fire_24462233,2020-09-05,fire_24462233_2020-09-05_2020-09-07,0,2.0,820,328,47,0,47,0,0,47,0,0,0
fire_24462233,2020-09-06,fire_24462233_2020-09-05_2020-09-07,1,3.0,943,656,41,47,30,11,36,41,0,23,13
fire_24462233,2020-09-07,fire_24462233_2020-09-05_2020-09-07,2,4.0,969,969,15,41,5,10,31,15,0,11,20
fire_24462233,2020-09-06,fire_24462233_2020-09-06_2020-09-08,0,2.0,943,413,41,0,41,0,0,41,0,0,0
fire_24462233,2020-09-07,fire_24462233_2020-09-06_2020-09-08,1,3.0,969,679,15,41,5,10,31,15,0,11,20
fire_24462233,2020-09-08,fire_24462233_2020-09-06_2020-09-08,2,4.0,1040,974,0,15,0,0,15,0,0,1,14
fire_24462233,2020-09-07,fire_24462233_2020-09-07_2020-09-09,0,2.0,969,431,15,0,15,0,0,15,0,0,0
fire_24462233,2020-09-08,fire_24462233_2020-09-07_2020-09-09,1,3.0,1040,687,0,15,0,0,15,0,0,1,14
fire_24462233,2020-09-09,fire_24462233_2020-09-07_2020-09-09,2,4.0,454,411,1,0,1,0,0,1,0,0,0
fire_24462233,2020-09-08,fire_24462233_2020-09-08_2020-09-10,0,2.0,1040,443,0,0,0,0,0,0,0,0,0
fire_24462233,2020-09-09,fire_24462233_2020-09-08_2020-09-10,1,3.0,454,239,1,0,1,0,0,1,0,0,0
fire_24462233,2020-09-10,fire_24462233_2020-09-08_2020-09-10,2,4.0,997,997,0,1,0,0,1,0,0,0,1
fire_24462233,2020-09-09,fire_24462233_2020-09-09_2020-09-11,0,2.0,454,115,1,0,1,0,0,1,0,0,0
fire_24462233,2020-09-10,fire_24462233_2020-09-09_2020-09-11,1,3.0,997,703,0,1,0,0,1,0,0,0,1
fire_24462233,2020-09-11,fire_24462233_2020-09-09_2020-09-11,2,4.0,906,887,22,0,22,0,0,22,0,0,0
fire_24462233,2020-09-10,fire_24462233_2020-09-10_2020-09-12,0,2.0,997,457,0,0,0,0,0,0,0,0,0
fire_24462233,2020-09-11,fire_24462233_2020-09-10_2020-09-12,1,3.0,906,604,22,0,22,0,0,22,0,0,0
fire_24462233,2020-09-12,fire_24462233_2020-09-10_2020-09-12,2,4.0,1060,1060,62,22,55,7,15,62,0,5,10
fire_24462233,2020-09-11,fire_24462233_2020-09-11_2020-09-13,0,2.0,906,356,22,0,22,0,0,22,0,0,0
fire_24462233,2020-09-12,fire_24462233_2020-09-11_2020-09-13,1,3.0,1060,755,62,22,55,7,15,62,0,5,10
fire_24462233,2020-09-13,fire_24462233_2020-09-11_2020-09-13,2,4.0,1100,1100,47,62,35,12,50,47,0,22,28
fire_24462233,2020-09-12,fire_24462233_2020-09-12_2020-09-14,0,2.0,1060,493,62,0,62,0,0,62,0,0,0
fire_24462233,2020-09-13,fire_24462233_2020-09-12_2020-09-14,1,3.0,1100,783,47,62,35,12,50,47,0,22,28
fire_24462233,2020-09-14,fire_24462233_2020-09-12_2020-09-14,2,4.0,1141,1141,56,47,44,12,35,56,0,12,23
fire_24462233,2020-09-13,fire_24462233_2020-09-13_2020-09-15,0,2.0,1100,509,47,0,47,0,0,47,0,0,0
fire_24462233,2020-09-14,fire_24462233_2020-09-13_2020-09-15,1,3.0,1141,815,56,47,44,12,35,56,0,12,23
fire_24462233,2020-09-15,fire_24462233_2020-09-13_2020-09-15,2,4.0,1260,1194,73,56,66,7,49,73,0,10,39
fire_24462233,2020-09-14,fire_24462233_2020-09-14_2020-09-16,0,2.0,1141,534,56,0,56,0,0,56,0,0,0
fire_24462233,2020-09-15,fire_24462233_2020-09-14_2020-09-16,1,3.0,1260,856,73,56,66,7,49,73,0,13,36
fire_24462233,2020-09-16,fire_24462233_2020-09-14_2020-09-16,2,4.0,1417,1351,137,73,106,31,42,137,0,26,16
fire_24462233,2020-09-15,fire_24462233_2020-09-15_2020-09-17,0,2.0,1260,539,73,0,73,0,0,73,0,0,0
fire_24462233,2020-09-16,fire_24462233_2020-09-15_2020-09-17,1,3.0,1417,991,137,73,106,31,42,137,0,26,16
fire_24462233,2020-09-17,fire_24462233_2020-09-15_2020-09-17,2,4.0,1737,1737,126,137,70,56,81,126,0,33,48
fire_24462233,2020-09-16,fire_24462233_2020-09-16_2020-09-18,0,2.0,1417,678,137,0,137,0,0,137,0,0,0
fire_24462233,2020-09-17,fire_24462233_2020-09-16_2020-09-18,1,3.0,1737,1214,126,137,70,56,81,126,0,33,48
fire_24462233,2020-09-18,fire_24462233_2020-09-16_2020-09-18,2,4.0,1795,1795,141,126,81,60,66,141,0,24,42
fire_24462233,2020-09-17,fire_24462233_2020-09-17_2020-09-19,0,2.0,1737,777,126,0,126,0,0,126,0,0,0
fire_24462233,2020-09-18,fire_24462233_2020-09-17_2020-09-19,1,3.0,1795,1260,141,126,81,60,66,141,0,24,42
fire_24462233,2020-09-19,fire_24462233_2020-09-17_2020-09-19,2,4.0,2017,1951,0,141,0,0,141,0,0,22,119
fire_24462263,2020-09-04,fire_24462263_2020-09-04_2020-09-06,0,2.0,964,311,0,0,0,0,0,0,0,0,0
fire_24462263,2020-09-05,fire_24462263_2020-09-04_2020-09-06,1,3.0,943,608,0,0,0,0,0,0,0,0,0
fire_24462263,2020-09-06,fire_24462263_2020-09-04_2020-09-06,2,4.0,1072,1072,48,0,48,0,0,48,0,0,0
fire_24462263,2020-09-05,fire_24462263_2020-09-05_2020-09-07,0,2.0,943,332,0,0,0,0,0,0,0,0,0
fire_24462263,2020-09-06,fire_24462263_2020-09-05_2020-09-07,1,3.0,1072,712,48,0,48,0,0,48,0,0,0
fire_24462263,2020-09-07,fire_24462263_2020-09-05_2020-09-07,2,4.0,1291,1291,20,48,19,1,47,20,0,32,15
fire_24462263,2020-09-06,fire_24462263_2020-09-06_2020-09-08,0,2.0,1072,412,48,0,48,0,0,48,0,0,0
fire_24462263,2020-09-07,fire_24462263_2020-09-06_2020-09-08,1,3.0,1291,875,20,48,19,1,47,20,0,32,15
fire_24462263,2020-09-08,fire_24462263_2020-09-06_2020-09-08,2,4.0,1354,1354,0,20,0,0,20,0,0,4,16
fire_24462263,2020-09-07,fire_24462263_2020-09-07_2020-09-09,0,2.0,1291,518,20,0,20,0,0,20,0,0,0
fire_24462263,2020-09-08,fire_24462263_2020-09-07_2020-09-09,1,3.0,1354,928,0,20,0,0,20,0,0,4,16
fire_24462263,2020-09-09,fire_24462263_2020-09-07_2020-09-09,2,4.0,9819,9819,414,0,414,0,0,414,0,0,0
fire_24462263,2020-09-08,fire_24462263_2020-09-08_2020-09-10,0,2.0,1354,557,0,0,0,0,0,0,0,0,0
fire_24462263,2020-09-09,fire_24462263_2020-09-08_2020-09-10,1,3.0,9819,7178,414,0,414,0,0,414,0,0,0
fire_24462263,2020-09-10,fire_24462263_2020-09-08_2020-09-10,2,4.0,15404,15404,713,414,698,15,399,713,0,313,86
fire_24462263,2020-09-09,fire_24462263_2020-09-09_2020-09-11,0,2.0,9819,4713,414,0,414,0,0,414,0,0,0
fire_24462263,2020-09-10,fire_24462263_2020-09-09_2020-09-11,1,3.0,15404,12733,713,414,698,15,399,713,0,314,85
fire_24462263,2020-09-11,fire_24462263_2020-09-09_2020-09-11,2,4.0,17859,17859,441,713,392,49,664,441,0,156,508
fire_24462263,2020-09-10,fire_24462263_2020-09-10_2020-09-12,0,2.0,15404,9724,713,0,713,0,0,713,0,0,0
fire_24462263,2020-09-11,fire_24462263_2020-09-10_2020-09-12,1,3.0,17859,15278,441,713,392,49,664,441,0,156,508
fire_24462263,2020-09-12,fire_24462263_2020-09-10_2020-09-12,2,4.0,18849,18849,346,441,308,38,403,346,0,63,340
fire_24462263,2020-09-11,fire_24462263_2020-09-11_2020-09-13,0,2.0,17859,12187,441,0,441,0,0,441,0,0,0
fire_24462263,2020-09-12,fire_24462263_2020-09-11_2020-09-13,1,3.0,18849,15264,346,441,308,38,403,346,0,96,307
fire_24462263,2020-09-13,fire_24462263_2020-09-11_2020-09-13,2,4.0,12748,12748,462,346,385,77,269,462,0,99,170
fire_24462263,2020-09-12,fire_24462263_2020-09-12_2020-09-14,0,2.0,18849,10312,346,0,346,0,0,346,0,0,0
fire_24462263,2020-09-13,fire_24462263_2020-09-12_2020-09-14,1,3.0,12748,9369,462,346,385,77,269,462,0,129,140
fire_24462263,2020-09-14,fire_24462263_2020-09-12_2020-09-14,2,4.0,11167,11167,587,462,442,145,317,587,0,110,207
fire_24462263,2020-09-13,fire_24462263_2020-09-13_2020-09-15,0,2.0,12748,5882,462,0,462,0,0,462,0,0,0
fire_24462263,2020-09-14,fire_24462263_2020-09-13_2020-09-15,1,3.0,11167,7897,587,462,442,145,317,587,0,120,197
fire_24462263,2020-09-15,fire_24462263_2020-09-13_2020-09-15,2,4.0,6809,6766,299,587,226,73,514,299,0,178,336
fire_24462263,2020-09-14,fire_24462263_2020-09-14_2020-09-16,0,2.0,11167,4735,587,0,587,0,0,587,0,0,0
fire_24462263,2020-09-15,fire_24462263_2020-09-14_2020-09-16,1,3.0,6809,4725,299,587,226,73,514,299,0,186,328
fire_24462263,2020-09-16,fire_24462263_2020-09-14_2020-09-16,2,4.0,7010,6944,0,299,0,0,299,0,0,110,189
fire_24462263,2020-09-15,fire_24462263_2020-09-15_2020-09-17,0,2.0,6809,2922,299,0,299,0,0,299,0,0,0
fire_24462263,2020-09-16,fire_24462263_2020-09-15_2020-09-17,1,3.0,7010,4841,0,299,0,0,299,0,0,115,184
fire_24462263,2020-09-17,fire_24462263_2020-09-15_2020-09-17,2,4.0,9600,9535,95,0,95,0,0,95,0,0,0
fire_24462263,2020-09-16,fire_24462263_2020-09-16_2020-09-18,0,2.0,7010,2969,0,0,0,0,0,0,0,0,0
fire_24462263,2020-09-17,fire_24462263_2020-09-16_2020-09-18,1,3.0,9600,6592,95,0,95,0,0,95,0,0,0
fire_24462263,2020-09-18,fire_24462263_2020-09-16_2020-09-18,2,4.0,6774,6708,10,95,9,1,94,10,0,10,84
fire_24462263,2020-09-17,fire_24462263_2020-09-17_2020-09-19,0,2.0,9600,3840,95,0,95,0,0,95,0,0,0
fire_24462263,2020-09-18,fire_24462263_2020-09-17_2020-09-19,1,3.0,6774,4563,10,95,9,1,94,10,0,10,84
fire_24462263,2020-09-19,fire_24462263_2020-09-17_2020-09-19,2,4.0,1666,1600,0,10,0,0,10,0,0,2,8
fire_24462263,2020-09-18,fire_24462263_2020-09-18_2020-09-21,0,2.0,6774,2706,10,0,10,0,0,10,0,0,0
fire_24462263,2020-09-19,fire_24462263_2020-09-18_2020-09-21,1,3.0,1666,1053,0,10,0,0,10,0,0,3,7
fire_24462263,2020-09-21,fire_24462263_2020-09-18_2020-09-21,2,4.0,66,0,0,0,0,0,0,0,0,0,0
fire_24462263,2020-09-19,fire_24462263_2020-09-19_2020-09-22,0,2.0,1666,588,0,0,0,0,0,0,0,0,0
fire_24462263,2020-09-21,fire_24462263_2020-09-19_2020-09-22,1,3.0,66,0,0,0,0,0,0,0,0,0,0
fire_24462263,2020-09-22,fire_24462263_2020-09-19_2020-09-22,2,4.0,462,396,0,0,0,0,0,0,0,0,0
fire_24462263,2020-09-21,fire_24462263_2020-09-21_2020-09-23,0,2.0,66,0,0,0,0,0,0,0,0,0,0
fire_24462263,2020-09-22,fire_24462263_2020-09-21_2020-09-23,1,3.0,462,228,0,0,0,0,0,0,0,0,0
fire_24462263,2020-09-23,fire_24462263_2020-09-21_2020-09-23,2,4.0,462,396,0,0,0,0,0,0,0,0,0
fire_24462263,2020-09-22,fire_24462263_2020-09-22_2020-10-01,0,2.0,462,108,0,0,0,0,0,0,0,0,0
fire_24462263,2020-09-23,fire_24462263_2020-09-22_2020-10-01,1,3.0,462,228,0,0,0,0,0,0,0,0,0
fire_24462263,2020-10-01,fire_24462263_2020-09-22_2020-10-01,2,4.0,497,431,0,0,0,0,0,0,0,0,0
fire_24462263,2020-09-23,fire_24462263_2020-09-23_2020-10-02,0,2.0,462,108,0,0,0,0,0,0,0,0,0
fire_24462263,2020-10-01,fire_24462263_2020-09-23_2020-10-02,1,3.0,497,255,0,0,0,0,0,0,0,0,0
fire_24462263,2020-10-02,fire_24462263_2020-09-23_2020-10-02,2,4.0,512,446,0,0,0,0,0,0,0,0,0
fire_24462263,2020-10-01,fire_24462263_2020-10-01_2020-10-03,0,2.0,497,125,0,0,0,0,0,0,0,0,0
fire_24462263,2020-10-02,fire_24462263_2020-10-01_2020-10-03,1,3.0,512,266,0,0,0,0,0,0,0,0,0
fire_24462263,2020-10-03,fire_24462263_2020-10-01_2020-10-03,2,4.0,545,479,0,0,0,0,0,0,0,0,0
fire_24462306,2020-09-09,fire_24462306_2020-09-09_2020-09-11,0,2.0,902,322,0,0,0,0,0,0,0,0,0
fire_24462306,2020-09-10,fire_24462306_2020-09-09_2020-09-11,1,3.0,1166,762,0,0,0,0,0,0,0,0,0
fire_24462306,2020-09-11,fire_24462306_2020-09-09_2020-09-11,2,4.0,1121,1055,0,0,0,0,0,0,0,0,0
fire_24462335,2020-09-08,fire_24462335_2020-09-08_2020-09-10,0,2.0,528,140,8,0,8,0,0,8,0,0,0
fire_24462335,2020-09-09,fire_24462335_2020-09-08_2020-09-10,1,3.0,2023,1401,0,8,0,0,8,0,0,2,6
fire_24462335,2020-09-10,fire_24462335_2020-09-08_2020-09-10,2,4.0,2515,2515,0,0,0,0,0,0,0,0,0
fire_24462335,2020-09-09,fire_24462335_2020-09-09_2020-09-11,0,2.0,2023,865,0,0,0,0,0,0,0,0,0
fire_24462335,2020-09-10,fire_24462335_2020-09-09_2020-09-11,1,3.0,2515,1872,0,0,0,0,0,0,0,0,0
fire_24462335,2020-09-11,fire_24462335_2020-09-09_2020-09-11,2,4.0,2287,2287,186,0,186,0,0,186,0,0,0
fire_24462335,2020-09-10,fire_24462335_2020-09-10_2020-09-12,0,2.0,2515,1262,0,0,0,0,0,0,0,0,0
fire_24462335,2020-09-11,fire_24462335_2020-09-10_2020-09-12,1,3.0,2287,1692,186,0,186,0,0,186,0,0,0
fire_24462335,2020-09-12,fire_24462335_2020-09-10_2020-09-12,2,4.0,1616,1601,127,186,83,44,142,127,0,54,88
fire_24462335,2020-09-11,fire_24462335_2020-09-11_2020-09-13,0,2.0,2287,1122,186,0,186,0,0,186,0,0,0
fire_24462335,2020-09-12,fire_24462335_2020-09-11_2020-09-13,1,3.0,1616,1151,127,186,83,44,142,127,0,70,72
fire_24462335,2020-09-13,fire_24462335_2020-09-11_2020-09-13,2,4.0,1710,1710,134,127,96,38,89,134,0,39,50
fire_24462335,2020-09-12,fire_24462335_2020-09-12_2020-09-14,0,2.0,1616,736,127,0,127,0,0,127,0,0,0
fire_24462335,2020-09-13,fire_24462335_2020-09-12_2020-09-14,1,3.0,1710,1233,134,127,96,38,89,134,0,39,50
fire_24462335,2020-09-14,fire_24462335_2020-09-12_2020-09-14,2,4.0,1245,1245,120,134,80,40,94,120,0,44,50
fire_24462335,2020-09-13,fire_24462335_2020-09-13_2020-09-15,0,2.0,1710,769,134,0,134,0,0,134,0,0,0
fire_24462335,2020-09-14,fire_24462335_2020-09-13_2020-09-15,1,3.0,1245,876,120,134,80,40,94,120,0,44,50
fire_24462335,2020-09-15,fire_24462335_2020-09-13_2020-09-15,2,4.0,3722,3722,298,120,282,16,104,298,0,73,31
fire_24462335,2020-09-14,fire_24462335_2020-09-14_2020-09-16,0,2.0,1245,550,120,0,120,0,0,120,0,0,0
fire_24462335,2020-09-15,fire_24462335_2020-09-14_2020-09-16,1,3.0,3722,2755,298,120,282,16,104,298,0,73,31
fire_24462335,2020-09-16,fire_24462335_2020-09-14_2020-09-16,2,4.0,2543,2543,400,298,359,41,257,400,0,147,110
fire_24462335,2020-09-15,fire_24462335_2020-09-15_2020-09-17,0,2.0,3722,1823,298,0,298,0,0,298,0,0,0
fire_24462335,2020-09-16,fire_24462335_2020-09-15_2020-09-17,1,3.0,2543,1942,400,298,359,41,257,400,0,172,85
fire_24462335,2020-09-17,fire_24462335_2020-09-15_2020-09-17,2,4.0,2907,2907,457,400,339,118,282,457,0,77,205
fire_24462335,2020-09-16,fire_24462335_2020-09-16_2020-09-18,0,2.0,2543,1369,400,0,400,0,0,400,0,0,0
fire_24462335,2020-09-17,fire_24462335_2020-09-16_2020-09-18,1,3.0,2907,2304,457,400,339,118,282,457,0,77,205
fire_24462335,2020-09-18,fire_24462335_2020-09-16_2020-09-18,2,4.0,3519,3519,432,457,281,151,306,432,0,99,207
fire_24462335,2020-09-17,fire_24462335_2020-09-17_2020-09-19,0,2.0,2907,1721,457,0,457,0,0,457,0,0,0
fire_24462335,2020-09-18,fire_24462335_2020-09-17_2020-09-19,1,3.0,3519,2753,432,457,281,151,306,432,0,99,207
fire_24462335,2020-09-19,fire_24462335_2020-09-17_2020-09-19,2,4.0,3432,3432,9,432,6,3,429,9,0,76,353
fire_24462335,2020-09-18,fire_24462335_2020-09-18_2020-09-20,0,2.0,3519,2046,432,0,432,0,0,432,0,0,0
fire_24462335,2020-09-19,fire_24462335_2020-09-18_2020-09-20,1,3.0,3432,2782,9,432,6,3,429,9,0,84,345
fire_24462335,2020-09-20,fire_24462335_2020-09-18_2020-09-20,2,4.0,2417,2417,35,9,35,0,9,35,0,1,8
fire_24462335,2020-09-19,fire_24462335_2020-09-19_2020-09-21,0,2.0,3432,1951,9,0,9,0,0,9,0,0,0
fire_24462335,2020-09-20,fire_24462335_2020-09-19_2020-09-21,1,3.0,2417,1760,35,9,35,0,9,35,0,2,7
fire_24462335,2020-09-21,fire_24462335_2020-09-19_2020-09-21,2,4.0,2332,2272,130,35,120,10,25,130,0,16,9
fire_24462335,2020-09-20,fire_24462335_2020-09-20_2020-09-22,0,2.0,2417,1107,35,0,35,0,0,35,0,0,0
fire_24462335,2020-09-21,fire_24462335_2020-09-20_2020-09-22,1,3.0,2332,1574,130,35,120,10,25,130,0,16,9
fire_24462335,2020-09-22,fire_24462335_2020-09-20_2020-09-22,2,4.0,2582,2516,242,130,191,51,79,242,0,24,55
fire_24462335,2020-09-21,fire_24462335_2020-09-21_2020-09-23,0,2.0,2332,965,130,0,130,0,0,130,0,0,0
fire_24462335,2020-09-22,fire_24462335_2020-09-21_2020-09-23,1,3.0,2582,1898,242,130,191,51,79,242,0,32,47
fire_24462335,2020-09-23,fire_24462335_2020-09-21_2020-09-23,2,4.0,2728,2708,223,242,149,74,168,223,0,72,96
fire_24462335,2020-09-22,fire_24462335_2020-09-22_2020-09-24,0,2.0,2582,1246,242,0,242,0,0,242,0,0,0
fire_24462335,2020-09-23,fire_24462335_2020-09-22_2020-09-24,1,3.0,2728,1992,223,242,149,74,168,223,0,74,94
fire_24462335,2020-09-24,fire_24462335_2020-09-22_2020-09-24,2,4.0,2010,1983,184,223,127,57,166,184,0,67,99
fire_24462335,2020-09-23,fire_24462335_2020-09-23_2020-09-25,0,2.0,2728,1278,223,0,223,0,0,223,0,0,0
fire_24462335,2020-09-24,fire_24462335_2020-09-23_2020-09-25,1,3.0,2010,1459,184,223,127,57,166,184,0,70,96
fire_24462335,2020-09-25,fire_24462335_2020-09-23_2020-09-25,2,4.0,2482,2416,92,184,65,27,157,92,0,30,127
fire_24462335,2020-09-24,fire_24462335_2020-09-24_2020-09-30,0,2.0,2010,960,184,0,184,0,0,184,0,0,0
fire_24462335,2020-09-25,fire_24462335_2020-09-24_2020-09-30,1,3.0,2482,1752,92,184,65,27,157,92,0,30,127
fire_24462335,2020-09-30,fire_24462335_2020-09-24_2020-09-30,2,4.0,497,431,0,92,0,0,92,0,0,73,19
fire_24462335,2020-09-25,fire_24462335_2020-09-25_2020-10-01,0,2.0,2482,1090,92,0,92,0,0,92,0,0,0
fire_24462335,2020-09-30,fire_24462335_2020-09-25_2020-10-01,1,3.0,497,255,0,92,0,0,92,0,0,73,19
fire_24462335,2020-10-01,fire_24462335_2020-09-25_2020-10-01,2,4.0,858,792,0,0,0,0,0,0,0,0,0
fire_24462335,2020-09-30,fire_24462335_2020-09-30_2020-10-02,0,2.0,497,125,0,0,0,0,0,0,0,0,0
fire_24462335,2020-10-01,fire_24462335_2020-09-30_2020-10-02,1,3.0,858,456,0,0,0,0,0,0,0,0,0
fire_24462335,2020-10-02,fire_24462335_2020-09-30_2020-10-02,2,4.0,853,787,0,0,0,0,0,0,0,0,0
fire_24462488,2020-09-05,fire_24462488_2020-09-05_2020-09-10,0,2.0,284,64,0,0,0,0,0,0,0,0,0
fire_24462488,2020-09-09,fire_24462488_2020-09-05_2020-09-10,1,3.0,3570,2750,0,0,0,0,0,0,0,0,0
fire_24462488,2020-09-10,fire_24462488_2020-09-05_2020-09-10,2,4.0,5462,5462,35,0,35,0,0,35,0,0,0
fire_24462488,2020-09-09,fire_24462488_2020-09-09_2020-09-11,0,2.0,3570,1938,0,0,0,0,0,0,0,0,0
fire_24462488,2020-09-10,fire_24462488_2020-09-09_2020-09-11,1,3.0,5462,4430,35,0,35,0,0,35,0,0,0
fire_24462488,2020-09-11,fire_24462488_2020-09-09_2020-09-11,2,4.0,7375,7375,30,35,30,0,35,30,0,30,5
fire_24462488,2020-09-10,fire_24462488_2020-09-10_2020-09-12,0,2.0,5462,3334,35,0,35,0,0,35,0,0,0
fire_24462488,2020-09-11,fire_24462488_2020-09-10_2020-09-12,1,3.0,7375,6074,30,35,30,0,35,30,0,30,5
fire_24462488,2020-09-12,fire_24462488_2020-09-10_2020-09-12,2,4.0,7830,7830,221,30,219,2,28,221,0,26,2
fire_24462488,2020-09-11,fire_24462488_2020-09-11_2020-09-13,0,2.0,7375,4407,30,0,30,0,0,30,0,0,0
fire_24462488,2020-09-12,fire_24462488_2020-09-11_2020-09-13,1,3.0,7830,6020,221,30,219,2,28,221,0,26,2
fire_24462488,2020-09-13,fire_24462488_2020-09-11_2020-09-13,2,4.0,7026,7026,117,221,76,41,180,117,0,49,131
fire_24462488,2020-09-12,fire_24462488_2020-09-12_2020-09-14,0,2.0,7830,4070,221,0,221,0,0,221,0,0,0
fire_24462488,2020-09-13,fire_24462488_2020-09-12_2020-09-14,1,3.0,7026,5287,117,221,76,41,180,117,0,49,131
fire_24462488,2020-09-14,fire_24462488_2020-09-12_2020-09-14,2,4.0,6157,6156,145,117,111,34,83,145,0,28,55
fire_24462488,2020-09-13,fire_24462488_2020-09-13_2020-09-15,0,2.0,7026,3445,117,0,117,0,0,117,0,0,0
fire_24462488,2020-09-14,fire_24462488_2020-09-13_2020-09-15,1,3.0,6157,4499,145,117,111,34,83,145,0,28,55
fire_24462488,2020-09-15,fire_24462488_2020-09-13_2020-09-15,2,4.0,5685,5685,56,145,46,10,135,56,0,34,101
fire_24462488,2020-09-14,fire_24462488_2020-09-14_2020-09-16,0,2.0,6157,2889,145,0,145,0,0,145,0,0,0
fire_24462488,2020-09-15,fire_24462488_2020-09-14_2020-09-16,1,3.0,5685,3941,56,145,46,10,135,56,0,34,101
fire_24462488,2020-09-16,fire_24462488_2020-09-14_2020-09-16,2,4.0,5498,5498,3,56,1,2,54,3,0,13,41
fire_24462488,2020-09-15,fire_24462488_2020-09-15_2020-09-17,0,2.0,5685,2315,56,0,56,0,0,56,0,0,0
fire_24462488,2020-09-16,fire_24462488_2020-09-15_2020-09-17,1,3.0,5498,3930,3,56,1,2,54,3,0,19,35
fire_24462488,2020-09-17,fire_24462488_2020-09-15_2020-09-17,2,4.0,5466,5466,0,3,0,0,3,0,0,0,3
fire_24462488,2020-09-16,fire_24462488_2020-09-16_2020-09-18,0,2.0,5498,2412,3,0,3,0,0,3,0,0,0
fire_24462488,2020-09-17,fire_24462488_2020-09-16_2020-09-18,1,3.0,5466,3895,0,3,0,0,3,0,0,0,3
fire_24462488,2020-09-18,fire_24462488_2020-09-16_2020-09-18,2,4.0,5665,5663,0,0,0,0,0,0,0,0,0
fire_24462488,2020-09-17,fire_24462488_2020-09-17_2020-09-19,0,2.0,5466,2373,0,0,0,0,0,0,0,0,0
fire_24462488,2020-09-18,fire_24462488_2020-09-17_2020-09-19,1,3.0,5665,4014,0,0,0,0,0,0,0,0,0
fire_24462488,2020-09-19,fire_24462488_2020-09-17_2020-09-19,2,4.0,893,827,0,0,0,0,0,0,0,0,0
fire_24462488,2020-09-18,fire_24462488_2020-09-18_2020-09-24,0,2.0,5665,2484,0,0,0,0,0,0,0,0,0
fire_24462488,2020-09-19,fire_24462488_2020-09-18_2020-09-24,1,3.0,893,483,0,0,0,0,0,0,0,0,0
fire_24462488,2020-09-24,fire_24462488_2020-09-18_2020-09-24,2,4.0,462,396,0,0,0,0,0,0,0,0,0
fire_24462488,2020-09-19,fire_24462488_2020-09-19_2020-09-30,0,2.0,893,233,0,0,0,0,0,0,0,0,0
fire_24462488,2020-09-24,fire_24462488_2020-09-19_2020-09-30,1,3.0,462,228,0,0,0,0,0,0,0,0,0
fire_24462488,2020-09-30,fire_24462488_2020-09-19_2020-09-30,2,4.0,482,416,0,0,0,0,0,0,0,0,0
fire_24462488,2020-09-24,fire_24462488_2020-09-24_2020-10-01,0,2.0,462,108,0,0,0,0,0,0,0,0,0
fire_24462488,2020-09-30,fire_24462488_2020-09-24_2020-10-01,1,3.0,482,244,0,0,0,0,0,0,0,0,0
fire_24462488,2020-10-01,fire_24462488_2020-09-24_2020-10-01,2,4.0,254,188,0,0,0,0,0,0,0,0,0
fire_24462604,2020-09-05,fire_24462604_2020-09-05_2020-09-07,0,2.0,512,132,11,0,11,0,0,11,0,0,0
fire_24462604,2020-09-06,fire_24462604_2020-09-05_2020-09-07,1,3.0,462,228,8,11,5,3,8,8,0,0,8
fire_24462604,2020-09-07,fire_24462604_2020-09-05_2020-09-07,2,4.0,462,396,7,8,5,2,6,7,0,2,4
fire_24462604,2020-09-06,fire_24462604_2020-09-06_2020-09-08,0,2.0,462,108,8,0,8,0,0,8,0,0,0
fire_24462604,2020-09-07,fire_24462604_2020-09-06_2020-09-08,1,3.0,462,228,7,8,5,2,6,7,0,2,4
fire_24462604,2020-09-08,fire_24462604_2020-09-06_2020-09-08,2,4.0,647,647,72,7,72,0,7,72,0,7,0
fire_24462604,2020-09-07,fire_24462604_2020-09-07_2020-09-09,0,2.0,462,108,7,0,7,0,0,7,0,0,0
fire_24462604,2020-09-08,fire_24462604_2020-09-07_2020-09-09,1,3.0,647,414,72,7,72,0,7,72,0,7,0
fire_24462604,2020-09-09,fire_24462604_2020-09-07_2020-09-09,2,4.0,817,817,0,72,0,0,72,0,0,36,36
fire_24462604,2020-09-08,fire_24462604_2020-09-08_2020-09-10,0,2.0,647,228,72,0,72,0,0,72,0,0,0
fire_24462604,2020-09-09,fire_24462604_2020-09-08_2020-09-10,1,3.0,817,547,0,72,0,0,72,0,0,36,36
fire_24462604,2020-09-10,fire_24462604_2020-09-08_2020-09-10,2,4.0,836,836,53,0,53,0,0,53,0,0,0
fire_24462604,2020-09-09,fire_24462604_2020-09-09_2020-09-11,0,2.0,817,318,0,0,0,0,0,0,0,0,0
fire_24462604,2020-09-10,fire_24462604_2020-09-09_2020-09-11,1,3.0,836,566,53,0,53,0,0,53,0,0,0
fire_24462604,2020-09-11,fire_24462604_2020-09-09_2020-09-11,2,4.0,1321,1321,78,53,57,21,32,78,0,13,19
fire_24462604,2020-09-10,fire_24462604_2020-09-10_2020-09-12,0,2.0,836,343,53,0,53,0,0,53,0,0,0
fire_24462604,2020-09-11,fire_24462604_2020-09-10_2020-09-12,1,3.0,1321,858,78,53,57,21,32,78,0,13,19
fire_24462604,2020-09-12,fire_24462604_2020-09-10_2020-09-12,2,4.0,984,984,65,78,40,25,53,65,0,25,28
fire_24462604,2020-09-11,fire_24462604_2020-09-11_2020-09-13,0,2.0,1321,487,78,0,78,0,0,78,0,0,0
fire_24462604,2020-09-12,fire_24462604_2020-09-11_2020-09-13,1,3.0,984,683,65,78,40,25,53,65,0,25,28
fire_24462604,2020-09-13,fire_24462604_2020-09-11_2020-09-13,2,4.0,1009,1009,60,65,34,26,39,60,0,6,33
fire_24462604,2020-09-12,fire_24462604_2020-09-12_2020-09-14,0,2.0,984,431,65,0,65,0,0,65,0,0,0
fire_24462604,2020-09-13,fire_24462604_2020-09-12_2020-09-14,1,3.0,1009,694,60,65,34,26,39,60,0,6,33
fire_24462604,2020-09-14,fire_24462604_2020-09-12_2020-09-14,2,4.0,578,578,30,60,17,13,47,30,0,7,40
fire_24462604,2020-09-13,fire_24462604_2020-09-13_2020-09-15,0,2.0,1009,422,60,0,60,0,0,60,0,0,0
fire_24462604,2020-09-14,fire_24462604_2020-09-13_2020-09-15,1,3.0,578,364,30,60,17,13,47,30,0,13,34
fire_24462604,2020-09-15,fire_24462604_2020-09-13_2020-09-15,2,4.0,1287,1287,77,30,64,13,17,77,0,13,4
fire_24462604,2020-09-14,fire_24462604_2020-09-14_2020-09-16,0,2.0,578,197,30,0,30,0,0,30,0,0,0
fire_24462604,2020-09-15,fire_24462604_2020-09-14_2020-09-16,1,3.0,1287,832,77,30,64,13,17,77,0,13,4
fire_24462604,2020-09-16,fire_24462604_2020-09-14_2020-09-16,2,4.0,1242,1242,57,77,35,22,55,57,0,6,49
fire_24462604,2020-09-15,fire_24462604_2020-09-15_2020-09-17,0,2.0,1287,468,77,0,77,0,0,77,0,0,0
fire_24462604,2020-09-16,fire_24462604_2020-09-15_2020-09-17,1,3.0,1242,795,57,77,35,22,55,57,0,6,49
fire_24462604,2020-09-17,fire_24462604_2020-09-15_2020-09-17,2,4.0,1219,1219,36,57,32,4,53,36,0,4,49
fire_24462610,2020-09-09,fire_24462610_2020-09-09_2020-09-11,0,2.0,3188,1568,250,0,250,0,0,250,0,0,0
fire_24462610,2020-09-10,fire_24462610_2020-09-09_2020-09-11,1,3.0,3266,2431,83,250,80,3,247,83,0,198,49
fire_24462610,2020-09-11,fire_24462610_2020-09-09_2020-09-11,2,4.0,5105,5105,48,83,46,2,81,48,0,66,15
fire_24462610,2020-09-10,fire_24462610_2020-09-10_2020-09-12,0,2.0,3266,1628,83,0,83,0,0,83,0,0,0
fire_24462610,2020-09-11,fire_24462610_2020-09-10_2020-09-12,1,3.0,5105,4260,48,83,46,2,81,48,0,66,15
fire_24462610,2020-09-12,fire_24462610_2020-09-10_2020-09-12,2,4.0,5779,5778,241,48,237,4,44,241,0,27,17
fire_24462610,2020-09-11,fire_24462610_2020-09-11_2020-09-13,0,2.0,5105,3360,48,0,48,0,0,48,0,0,0
fire_24462610,2020-09-12,fire_24462610_2020-09-11_2020-09-13,1,3.0,5779,4365,241,48,237,4,44,241,0,31,13
fire_24462610,2020-09-13,fire_24462610_2020-09-11_2020-09-13,2,4.0,4721,4721,210,241,163,47,194,210,0,36,158
fire_24462610,2020-09-12,fire_24462610_2020-09-12_2020-09-14,0,2.0,5779,2927,241,0,241,0,0,241,0,0,0
fire_24462610,2020-09-13,fire_24462610_2020-09-12_2020-09-14,1,3.0,4721,3385,210,241,163,47,194,210,0,56,138
fire_24462610,2020-09-14,fire_24462610_2020-09-12_2020-09-14,2,4.0,4499,4497,162,210,111,51,159,162,0,43,116
fire_24462610,2020-09-13,fire_24462610_2020-09-13_2020-09-15,0,2.0,4721,2149,210,0,210,0,0,210,0,0,0
fire_24462610,2020-09-14,fire_24462610_2020-09-13_2020-09-15,1,3.0,4499,3183,162,210,111,51,159,162,0,44,115
fire_24462610,2020-09-15,fire_24462610_2020-09-13_2020-09-15,2,4.0,4288,4288,139,162,109,30,132,139,0,38,94
fire_24462610,2020-09-14,fire_24462610_2020-09-14_2020-09-16,0,2.0,4499,1955,162,0,162,0,0,162,0,0,0
fire_24462610,2020-09-15,fire_24462610_2020-09-14_2020-09-16,1,3.0,4288,2948,139,162,109,30,132,139,0,40,92
fire_24462610,2020-09-16,fire_24462610_2020-09-14_2020-09-16,2,4.0,5118,5118,169,139,123,46,93,169,0,56,37
fire_24462610,2020-09-15,fire_24462610_2020-09-15_2020-09-17,0,2.0,4288,1765,139,0,139,0,0,139,0,0,0
fire_24462610,2020-09-16,fire_24462610_2020-09-15_2020-09-17,1,3.0,5118,3646,169,139,123,46,93,169,0,56,37
fire_24462610,2020-09-17,fire_24462610_2020-09-15_2020-09-17,2,4.0,4927,4927,51,169,31,20,149,51,0,46,103
fire_24462610,2020-09-16,fire_24462610_2020-09-16_2020-09-18,0,2.0,5118,2219,169,0,169,0,0,169,0,0,0
fire_24462610,2020-09-17,fire_24462610_2020-09-16_2020-09-18,1,3.0,4927,3535,51,169,31,20,149,51,0,46,103
fire_24462610,2020-09-18,fire_24462610_2020-09-16_2020-09-18,2,4.0,4131,4131,0,51,0,0,51,0,0,5,46
fire_24462610,2020-09-17,fire_24462610_2020-09-17_2020-09-22,0,2.0,4927,2228,51,0,51,0,0,51,0,0,0
fire_24462610,2020-09-18,fire_24462610_2020-09-17_2020-09-22,1,3.0,4131,2878,0,51,0,0,51,0,0,9,42
fire_24462610,2020-09-22,fire_24462610_2020-09-17_2020-09-22,2,4.0,462,396,0,0,0,0,0,0,0,0,0
fire_24462691,2020-09-10,fire_24462691_2020-09-10_2020-09-12,0,2.0,1473,549,60,0,60,0,0,60,0,0,0
fire_24462691,2020-09-11,fire_24462691_2020-09-10_2020-09-12,1,3.0,1094,748,70,60,43,27,33,70,0,14,19
fire_24462691,2020-09-12,fire_24462691_2020-09-10_2020-09-12,2,4.0,1172,1172,125,70,93,32,38,125,0,18,20
fire_24462691,2020-09-11,fire_24462691_2020-09-11_2020-09-13,0,2.0,1094,447,70,0,70,0,0,70,0,0,0
fire_24462691,2020-09-12,fire_24462691_2020-09-11_2020-09-13,1,3.0,1172,827,125,70,93,32,38,125,0,18,20
fire_24462691,2020-09-13,fire_24462691_2020-09-11_2020-09-13,2,4.0,1194,1194,126,125,82,44,81,126,0,24,57
fire_24462691,2020-09-12,fire_24462691_2020-09-12_2020-09-14,0,2.0,1172,527,125,0,125,0,0,125,0,0,0
fire_24462691,2020-09-13,fire_24462691_2020-09-12_2020-09-14,1,3.0,1194,856,126,125,82,44,81,126,0,24,57
fire_24462691,2020-09-14,fire_24462691_2020-09-12_2020-09-14,2,4.0,1264,1264,142,126,101,41,85,142,0,32,53
fire_24462691,2020-09-13,fire_24462691_2020-09-13_2020-09-15,0,2.0,1194,565,126,0,126,0,0,126,0,0,0
fire_24462691,2020-09-14,fire_24462691_2020-09-13_2020-09-15,1,3.0,1264,906,142,126,101,41,85,142,0,32,53
fire_24462691,2020-09-15,fire_24462691_2020-09-13_2020-09-15,2,4.0,1340,1340,117,142,68,49,93,117,0,47,46
fire_24462691,2020-09-14,fire_24462691_2020-09-14_2020-09-16,0,2.0,1264,585,142,0,142,0,0,142,0,0,0
fire_24462691,2020-09-15,fire_24462691_2020-09-14_2020-09-16,1,3.0,1340,955,117,142,68,49,93,117,0,47,46
fire_24462691,2020-09-16,fire_24462691_2020-09-14_2020-09-16,2,4.0,1398,1398,160,117,108,52,65,160,0,43,22
fire_24462691,2020-09-15,fire_24462691_2020-09-15_2020-09-17,0,2.0,1340,597,117,0,117,0,0,117,0,0,0
fire_24462691,2020-09-16,fire_24462691_2020-09-15_2020-09-17,1,3.0,1398,1013,160,117,108,52,65,160,0,43,22
fire_24462691,2020-09-17,fire_24462691_2020-09-15_2020-09-17,2,4.0,1408,1408,158,160,78,80,80,158,0,31,49
fire_24462691,2020-09-16,fire_24462691_2020-09-16_2020-09-18,0,2.0,1398,668,160,0,160,0,0,160,0,0,0
fire_24462691,2020-09-17,fire_24462691_2020-09-16_2020-09-18,1,3.0,1408,1020,158,160,78,80,80,158,0,31,49
fire_24462691,2020-09-18,fire_24462691_2020-09-16_2020-09-18,2,4.0,1327,1327,121,158,74,47,111,121,0,19,92
fire_24462691,2020-09-17,fire_24462691_2020-09-17_2020-09-19,0,2.0,1408,680,158,0,158,0,0,158,0,0,0
fire_24462691,2020-09-18,fire_24462691_2020-09-17_2020-09-19,1,3.0,1327,949,121,158,74,47,111,121,0,21,90
fire_24462691,2020-09-19,fire_24462691_2020-09-17_2020-09-19,2,4.0,717,651,0,121,0,0,121,0,0,18,103
fire_24462753,2020-09-09,fire_24462753_2020-09-09_2020-09-11,0,2.0,642,233,0,0,0,0,0,0,0,0,0
fire_24462753,2020-09-10,fire_24462753_2020-09-09_2020-09-11,1,3.0,813,545,37,0,37,0,0,37,0,0,0
fire_24462753,2020-09-11,fire_24462753_2020-09-09_2020-09-11,2,4.0,1021,1021,65,37,56,9,28,65,0,26,2
fire_24462753,2020-09-10,fire_24462753_2020-09-10_2020-09-12,0,2.0,813,314,37,0,37,0,0,37,0,0,0
fire_24462753,2020-09-11,fire_24462753_2020-09-10_2020-09-12,1,3.0,1021,711,65,37,56,9,28,65,0,26,2
fire_24462753,2020-09-12,fire_24462753_2020-09-10_2020-09-12,2,4.0,1092,1092,107,65,92,15,50,107,0,18,32
fire_24462753,2020-09-11,fire_24462753_2020-09-11_2020-09-13,0,2.0,1021,440,65,0,65,0,0,65,0,0,0
fire_24462753,2020-09-12,fire_24462753_2020-09-11_2020-09-13,1,3.0,1092,764,107,65,92,15,50,107,0,19,31
fire_24462753,2020-09-13,fire_24462753_2020-09-11_2020-09-13,2,4.0,1318,1318,142,107,136,6,101,142,0,76,25
fire_24462753,2020-09-12,fire_24462753_2020-09-12_2020-09-14,0,2.0,1092,467,107,0,107,0,0,107,0,0,0
fire_24462753,2020-09-13,fire_24462753_2020-09-12_2020-09-14,1,3.0,1318,927,142,107,136,6,101,142,0,76,25
fire_24462753,2020-09-14,fire_24462753_2020-09-12_2020-09-14,2,4.0,1783,1783,179,142,173,6,136,179,0,97,39
fire_24462753,2020-09-13,fire_24462753_2020-09-13_2020-09-15,0,2.0,1318,582,142,0,142,0,0,142,0,0,0
fire_24462753,2020-09-14,fire_24462753_2020-09-13_2020-09-15,1,3.0,1783,1287,179,142,173,6,136,179,0,97,39
fire_24462753,2020-09-15,fire_24462753_2020-09-13_2020-09-15,2,4.0,2191,2191,222,179,198,24,155,222,0,51,104
fire_24462753,2020-09-14,fire_24462753_2020-09-14_2020-09-16,0,2.0,1783,836,179,0,179,0,0,179,0,0,0
fire_24462753,2020-09-15,fire_24462753_2020-09-14_2020-09-16,1,3.0,2191,1605,222,179,198,24,155,222,0,56,99
fire_24462753,2020-09-16,fire_24462753_2020-09-14_2020-09-16,2,4.0,2355,2355,197,222,175,22,200,197,0,77,123
fire_24462753,2020-09-15,fire_24462753_2020-09-15_2020-09-17,0,2.0,2191,1047,222,0,222,0,0,222,0,0,0
fire_24462753,2020-09-16,fire_24462753_2020-09-15_2020-09-17,1,3.0,2355,1670,197,222,175,22,200,197,0,90,110
fire_24462753,2020-09-17,fire_24462753_2020-09-15_2020-09-17,2,4.0,2271,2271,121,197,87,34,163,121,0,48,115
fire_24462753,2020-09-16,fire_24462753_2020-09-16_2020-09-18,0,2.0,2355,1045,197,0,197,0,0,197,0,0,0
fire_24462753,2020-09-17,fire_24462753_2020-09-16_2020-09-18,1,3.0,2271,1631,121,197,87,34,163,121,0,49,114
fire_24462753,2020-09-18,fire_24462753_2020-09-16_2020-09-18,2,4.0,1805,1805,126,121,84,42,79,126,0,42,37
fire_24462753,2020-09-17,fire_24462753_2020-09-17_2020-09-19,0,2.0,2271,993,121,0,121,0,0,121,0,0,0
fire_24462753,2020-09-18,fire_24462753_2020-09-17_2020-09-19,1,3.0,1805,1222,126,121,84,42,79,126,0,44,35
fire_24462753,2020-09-19,fire_24462753_2020-09-17_2020-09-19,2,4.0,1546,1546,93,126,80,13,113,93,0,18,95
fire_24462753,2020-09-18,fire_24462753_2020-09-18_2020-09-20,0,2.0,1805,729,126,0,126,0,0,126,0,0,0
fire_24462753,2020-09-19,fire_24462753_2020-09-18_2020-09-20,1,3.0,1546,1042,93,126,80,13,113,93,0,32,81
fire_24462753,2020-09-20,fire_24462753_2020-09-18_2020-09-20,2,4.0,784,759,33,93,29,4,89,33,0,33,56
fire_24462753,2020-09-19,fire_24462753_2020-09-19_2020-09-21,0,2.0,1546,625,93,0,93,0,0,93,0,0,0
fire_24462753,2020-09-20,fire_24462753_2020-09-19_2020-09-21,1,3.0,784,503,33,93,29,4,89,33,0,36,53
fire_24462753,2020-09-21,fire_24462753_2020-09-19_2020-09-21,2,4.0,725,659,32,33,24,8,25,32,0,3,22
fire_24462753,2020-09-20,fire_24462753_2020-09-20_2020-09-22,0,2.0,784,291,33,0,33,0,0,33,0,0,0
fire_24462753,2020-09-21,fire_24462753_2020-09-20_2020-09-22,1,3.0,725,427,32,33,24,8,25,32,0,3,22
fire_24462753,2020-09-22,fire_24462753_2020-09-20_2020-09-22,2,4.0,734,668,33,32,15,18,14,33,0,10,4
fire_24462753,2020-09-21,fire_24462753_2020-09-21_2020-09-23,0,2.0,725,238,32,0,32,0,0,32,0,0,0
fire_24462753,2020-09-22,fire_24462753_2020-09-21_2020-09-23,1,3.0,734,434,33,32,15,18,14,33,0,10,4
fire_24462753,2020-09-23,fire_24462753_2020-09-21_2020-09-23,2,4.0,675,624,33,33,23,10,23,33,0,2,21
fire_24462753,2020-09-22,fire_24462753_2020-09-22_2020-09-24,0,2.0,734,242,33,0,33,0,0,33,0,0,0
fire_24462753,2020-09-23,fire_24462753_2020-09-22_2020-09-24,1,3.0,675,403,33,33,23,10,23,33,0,2,21
fire_24462753,2020-09-24,fire_24462753_2020-09-22_2020-09-24,2,4.0,521,455,13,33,10,3,30,13,0,1,29
fire_24462753,2020-09-23,fire_24462753_2020-09-23_2020-09-25,0,2.0,675,221,33,0,33,0,0,33,0,0,0
fire_24462753,2020-09-24,fire_24462753_2020-09-23_2020-09-25,1,3.0,521,271,13,33,10,3,30,13,0,2,28
fire_24462753,2020-09-25,fire_24462753_2020-09-23_2020-09-25,2,4.0,575,509,16,13,13,3,10,16,0,7,3
fire_24462753,2020-09-24,fire_24462753_2020-09-24_2020-09-27,0,2.0,521,136,13,0,13,0,0,13,0,0,0
fire_24462753,2020-09-25,fire_24462753_2020-09-24_2020-09-27,1,3.0,575,317,16,13,13,3,10,16,0,7,3
fire_24462753,2020-09-27,fire_24462753_2020-09-24_2020-09-27,2,4.0,462,396,0,16,0,0,16,0,0,0,16
fire_24462753,2020-09-25,fire_24462753_2020-09-25_2020-10-01,0,2.0,575,164,16,0,16,0,0,16,0,0,0
fire_24462753,2020-09-27,fire_24462753_2020-09-25_2020-10-01,1,3.0,462,228,0,16,0,0,16,0,0,0,16
fire_24462753,2020-10-01,fire_24462753_2020-09-25_2020-10-01,2,4.0,482,416,0,0,0,0,0,0,0,0,0
fire_24462764,2020-09-09,fire_24462764_2020-09-09_2020-09-11,0,2.0,1379,611,17,0,17,0,0,17,0,0,0
fire_24462764,2020-09-10,fire_24462764_2020-09-09_2020-09-11,1,3.0,1766,1211,136,17,131,5,12,136,0,10,2
fire_24462764,2020-09-11,fire_24462764_2020-09-09_2020-09-11,2,4.0,1324,1324,102,136,64,38,98,102,0,18,80
fire_24462764,2020-09-10,fire_24462764_2020-09-10_2020-09-12,0,2.0,1766,745,136,0,136,0,0,136,0,0,0
fire_24462764,2020-09-11,fire_24462764_2020-09-10_2020-09-12,1,3.0,1324,955,102,136,64,38,98,102,0,18,80
fire_24462764,2020-09-12,fire_24462764_2020-09-10_2020-09-12,2,4.0,861,861,34,102,24,10,92,34,0,8,84
fire_24462764,2020-09-11,fire_24462764_2020-09-11_2020-09-13,0,2.0,1324,620,102,0,102,0,0,102,0,0,0
fire_24462764,2020-09-12,fire_24462764_2020-09-11_2020-09-13,1,3.0,861,569,34,102,24,10,92,34,0,20,72
fire_24462764,2020-09-13,fire_24462764_2020-09-11_2020-09-13,2,4.0,768,768,14,34,9,5,29,14,0,2,27
fire_24462788,2020-09-14,fire_24462788_2020-09-14_2020-09-16,0,2.0,977,405,122,0,122,0,0,122,0,0,0
fire_24462788,2020-09-15,fire_24462788_2020-09-14_2020-09-16,1,3.0,1674,1218,241,122,224,17,105,241,0,75,30
fire_24462788,2020-09-16,fire_24462788_2020-09-14_2020-09-16,2,4.0,2271,2271,334,241,289,45,196,334,0,91,105
fire_24462788,2020-09-15,fire_24462788_2020-09-15_2020-09-17,0,2.0,1674,801,241,0,241,0,0,241,0,0,0
fire_24462788,2020-09-16,fire_24462788_2020-09-15_2020-09-17,1,3.0,2271,1756,334,241,289,45,196,334,0,91,105
fire_24462788,2020-09-17,fire_24462788_2020-09-15_2020-09-17,2,4.0,1984,1984,189,334,157,32,302,189,0,99,203
fire_24462788,2020-09-16,fire_24462788_2020-09-16_2020-09-18,0,2.0,2271,1240,334,0,334,0,0,334,0,0,0
fire_24462788,2020-09-17,fire_24462788_2020-09-16_2020-09-18,1,3.0,1984,1478,189,334,157,32,302,189,0,110,192
fire_24462788,2020-09-18,fire_24462788_2020-09-16_2020-09-18,2,4.0,2520,2520,160,189,139,21,168,160,0,77,91
fire_24462788,2020-09-17,fire_24462788_2020-09-17_2020-09-19,0,2.0,1984,944,189,0,189,0,0,189,0,0,0
fire_24462788,2020-09-18,fire_24462788_2020-09-17_2020-09-19,1,3.0,2520,1878,160,189,139,21,168,160,0,83,85
fire_24462788,2020-09-19,fire_24462788_2020-09-17_2020-09-19,2,4.0,1851,1795,17,160,16,1,159,17,0,47,112
fire_24462788,2020-09-18,fire_24462788_2020-09-18_2020-09-20,0,2.0,2520,1213,160,0,160,0,0,160,0,0,0
fire_24462788,2020-09-19,fire_24462788_2020-09-18_2020-09-20,1,3.0,1851,1178,17,160,16,1,159,17,0,87,72
fire_24462788,2020-09-20,fire_24462788_2020-09-18_2020-09-20,2,4.0,998,932,3,17,3,0,17,3,0,17,0
fire_24462788,2020-09-19,fire_24462788_2020-09-19_2020-09-21,0,2.0,1851,649,17,0,17,0,0,17,0,0,0
fire_24462788,2020-09-20,fire_24462788_2020-09-19_2020-09-21,1,3.0,998,636,3,17,3,0,17,3,0,17,0
fire_24462788,2020-09-21,fire_24462788_2020-09-19_2020-09-21,2,4.0,462,396,6,3,6,0,3,6,0,0,3
fire_24462788,2020-09-20,fire_24462788_2020-09-20_2020-09-22,0,2.0,998,382,3,0,3,0,0,3,0,0,0
fire_24462788,2020-09-21,fire_24462788_2020-09-20_2020-09-22,1,3.0,462,228,6,3,6,0,3,6,0,2,1
fire_24462788,2020-09-22,fire_24462788_2020-09-20_2020-09-22,2,4.0,807,792,8,6,8,0,6,8,0,6,0
fire_24462788,2020-09-21,fire_24462788_2020-09-21_2020-09-23,0,2.0,462,108,6,0,6,0,0,6,0,0,0
fire_24462788,2020-09-22,fire_24462788_2020-09-21_2020-09-23,1,3.0,807,456,8,6,8,0,6,8,0,6,0
fire_24462788,2020-09-23,fire_24462788_2020-09-21_2020-09-23,2,4.0,1288,1288,55,8,53,2,6,55,0,2,4
fire_24462788,2020-09-22,fire_24462788_2020-09-22_2020-09-24,0,2.0,807,216,8,0,8,0,0,8,0,0,0
fire_24462788,2020-09-23,fire_24462788_2020-09-22_2020-09-24,1,3.0,1288,901,55,8,53,2,6,55,0,2,4
fire_24462788,2020-09-24,fire_24462788_2020-09-22_2020-09-24,2,4.0,891,891,28,55,19,9,46,28,0,10,36
fire_24462788,2020-09-23,fire_24462788_2020-09-23_2020-09-25,0,2.0,1288,514,55,0,55,0,0,55,0,0,0
fire_24462788,2020-09-24,fire_24462788_2020-09-23_2020-09-25,1,3.0,891,576,28,55,19,9,46,28,0,18,28
fire_24462788,2020-09-25,fire_24462788_2020-09-23_2020-09-25,2,4.0,1217,1166,77,28,69,8,20,77,0,5,15
fire_24462788,2020-09-24,fire_24462788_2020-09-24_2020-09-26,0,2.0,891,299,28,0,28,0,0,28,0,0,0
fire_24462788,2020-09-25,fire_24462788_2020-09-24_2020-09-26,1,3.0,1217,822,77,28,69,8,20,77,0,5,15
fire_24462788,2020-09-26,fire_24462788_2020-09-24_2020-09-26,2,4.0,532,493,18,77,11,7,70,18,0,37,33
fire_24462788,2020-09-25,fire_24462788_2020-09-25_2020-09-30,0,2.0,1217,519,77,0,77,0,0,77,0,0,0
fire_24462788,2020-09-26,fire_24462788_2020-09-25_2020-09-30,1,3.0,532,301,18,77,11,7,70,18,0,41,29
fire_24462788,2020-09-30,fire_24462788_2020-09-25_2020-09-30,2,4.0,777,756,31,18,26,5,13,31,0,6,7
fire_24462788,2020-09-26,fire_24462788_2020-09-26_2020-10-01,0,2.0,532,156,18,0,18,0,0,18,0,0,0
fire_24462788,2020-09-30,fire_24462788_2020-09-26_2020-10-01,1,3.0,777,490,31,18,26,5,13,31,0,6,7
fire_24462788,2020-10-01,fire_24462788_2020-09-26_2020-10-01,2,4.0,654,588,27,31,14,13,18,27,0,10,8
fire_24462788,2020-09-30,fire_24462788_2020-09-30_2020-10-02,0,2.0,777,264,31,0,31,0,0,31,0,0,0
fire_24462788,2020-10-01,fire_24462788_2020-09-30_2020-10-02,1,3.0,654,374,27,31,14,13,18,27,0,17,1
fire_24462788,2020-10-02,fire_24462788_2020-09-30_2020-10-02,2,4.0,902,836,0,27,0,0,27,0,0,4,23
fire_24462819,2020-09-18,fire_24462819_2020-09-18_2020-09-20,0,2.0,505,128,11,0,11,0,0,11,0,0,0
fire_24462819,2020-09-19,fire_24462819_2020-09-18_2020-09-20,1,3.0,636,360,23,11,21,2,9,23,0,9,0
fire_24462819,2020-09-20,fire_24462819_2020-09-18_2020-09-20,2,4.0,1222,1222,57,23,57,0,23,57,0,10,13
fire_24462819,2020-09-19,fire_24462819_2020-09-19_2020-09-21,0,2.0,636,193,23,0,23,0,0,23,0,0,0
fire_24462819,2020-09-20,fire_24462819_2020-09-19_2020-09-21,1,3.0,1222,860,57,23,57,0,23,57,0,15,8
fire_24462819,2020-09-21,fire_24462819_2020-09-19_2020-09-21,2,4.0,1441,1441,53,57,51,2,55,53,0,20,35
fire_24462819,2020-09-20,fire_24462819_2020-09-20_2020-09-22,0,2.0,1222,545,57,0,57,0,0,57,0,0,0
fire_24462819,2020-09-21,fire_24462819_2020-09-20_2020-09-22,1,3.0,1441,1056,53,57,51,2,55,53,0,20,35
fire_24462819,2020-09-22,fire_24462819_2020-09-20_2020-09-22,2,4.0,1423,1423,142,53,116,26,27,142,0,16,11
fire_24462819,2020-09-21,fire_24462819_2020-09-21_2020-09-23,0,2.0,1441,724,53,0,53,0,0,53,0,0,0
fire_24462819,2020-09-22,fire_24462819_2020-09-21_2020-09-23,1,3.0,1423,1047,142,53,116,26,27,142,0,16,11
fire_24462819,2020-09-23,fire_24462819_2020-09-21_2020-09-23,2,4.0,1589,1523,7,142,7,0,142,7,0,48,94
fire_24462819,2020-09-22,fire_24462819_2020-09-22_2020-09-24,0,2.0,1423,711,142,0,142,0,0,142,0,0,0
fire_24462819,2020-09-23,fire_24462819_2020-09-22_2020-09-24,1,3.0,1589,1126,7,142,7,0,142,7,0,48,94
fire_24462819,2020-09-24,fire_24462819_2020-09-22_2020-09-24,2,4.0,1530,1530,78,7,77,1,6,78,0,4,2
fire_24462819,2020-09-23,fire_24462819_2020-09-23_2020-09-25,0,2.0,1589,766,7,0,7,0,0,7,0,0,0
fire_24462819,2020-09-24,fire_24462819_2020-09-23_2020-09-25,1,3.0,1530,1132,78,7,77,1,6,78,0,4,2
fire_24462819,2020-09-25,fire_24462819_2020-09-23_2020-09-25,2,4.0,1859,1859,76,78,66,10,68,76,0,37,31
fire_24462819,2020-09-24,fire_24462819_2020-09-24_2020-09-26,0,2.0,1530,766,78,0,78,0,0,78,0,0,0
fire_24462819,2020-09-25,fire_24462819_2020-09-24_2020-09-26,1,3.0,1859,1413,76,78,66,10,68,76,0,37,31
fire_24462819,2020-09-26,fire_24462819_2020-09-24_2020-09-26,2,4.0,2410,2410,45,76,43,2,74,45,0,43,31
fire_24462819,2020-09-25,fire_24462819_2020-09-25_2020-09-27,0,2.0,1859,1000,76,0,76,0,0,76,0,0,0
fire_24462819,2020-09-26,fire_24462819_2020-09-25_2020-09-27,1,3.0,2410,1887,45,76,43,2,74,45,0,43,31
fire_24462819,2020-09-27,fire_24462819_2020-09-25_2020-09-27,2,4.0,4287,4287,18,45,18,0,45,18,0,17,28
fire_24462819,2020-09-26,fire_24462819_2020-09-26_2020-09-28,0,2.0,2410,1388,45,0,45,0,0,45,0,0,0
fire_24462819,2020-09-27,fire_24462819_2020-09-26_2020-09-28,1,3.0,4287,3338,18,45,18,0,45,18,0,17,28
fire_24462819,2020-09-28,fire_24462819_2020-09-26_2020-09-28,2,4.0,4384,4384,0,18,0,0,18,0,0,12,6
fire_24462819,2020-09-27,fire_24462819_2020-09-27_2020-09-29,0,2.0,4287,2321,18,0,18,0,0,18,0,0,0
fire_24462819,2020-09-28,fire_24462819_2020-09-27_2020-09-29,1,3.0,4384,3498,0,18,0,0,18,0,0,12,6
fire_24462819,2020-09-29,fire_24462819_2020-09-27_2020-09-29,2,4.0,3383,3382,33,0,33,0,0,33,0,0,0
fire_24462819,2020-09-28,fire_24462819_2020-09-28_2020-09-30,0,2.0,4384,2462,0,0,0,0,0,0,0,0,0
fire_24462819,2020-09-29,fire_24462819_2020-09-28_2020-09-30,1,3.0,3383,2458,33,0,33,0,0,33,0,0,0
fire_24462819,2020-09-30,fire_24462819_2020-09-28_2020-09-30,2,4.0,4881,4881,15,33,12,3,30,15,0,12,18
fire_24462819,2020-09-29,fire_24462819_2020-09-29_2020-10-01,0,2.0,3383,1522,33,0,33,0,0,33,0,0,0
fire_24462819,2020-09-30,fire_24462819_2020-09-29_2020-10-01,1,3.0,4881,3949,15,33,12,3,30,15,0,12,18
fire_24462819,2020-10-01,fire_24462819_2020-09-29_2020-10-01,2,4.0,5488,5488,102,15,100,2,13,102,0,9,4
fire_24462819,2020-09-30,fire_24462819_2020-09-30_2020-10-02,0,2.0,4881,2651,15,0,15,0,0,15,0,0,0
fire_24462819,2020-10-01,fire_24462819_2020-09-30_2020-10-02,1,3.0,5488,4330,102,15,100,2,13,102,0,9,4
fire_24462819,2020-10-02,fire_24462819_2020-09-30_2020-10-02,2,4.0,6001,6001,87,102,80,7,95,87,0,34,61
fire_24462819,2020-10-01,fire_24462819_2020-10-01_2020-10-03,0,2.0,5488,3043,102,0,102,0,0,102,0,0,0
fire_24462819,2020-10-02,fire_24462819_2020-10-01_2020-10-03,1,3.0,6001,4857,87,102,80,7,95,87,0,34,61
fire_24462819,2020-10-03,fire_24462819_2020-10-01_2020-10-03,2,4.0,6330,6330,76,87,70,6,81,76,0,25,56
fire_24462819,2020-10-02,fire_24462819_2020-10-02_2020-10-04,0,2.0,6001,3420,87,0,87,0,0,87,0,0,0
fire_24462819,2020-10-03,fire_24462819_2020-10-02_2020-10-04,1,3.0,6330,4721,76,87,70,6,81,76,0,28,53
fire_24462819,2020-10-04,fire_24462819_2020-10-02_2020-10-04,2,4.0,5728,5673,0,76,0,0,76,0,0,32,44
fire_24462819,2020-10-03,fire_24462819_2020-10-03_2020-10-05,0,2.0,6330,3098,76,0,76,0,0,76,0,0,0
fire_24462819,2020-10-04,fire_24462819_2020-10-03_2020-10-05,1,3.0,5728,4161,0,76,0,0,76,0,0,32,44
fire_24462819,2020-10-05,fire_24462819_2020-10-03_2020-10-05,2,4.0,7189,7189,52,0,52,0,0,52,0,0,0
fire_24462819,2020-10-04,fire_24462819_2020-10-04_2020-10-06,0,2.0,5728,2652,0,0,0,0,0,0,0,0,0
fire_24462819,2020-10-05,fire_24462819_2020-10-04_2020-10-06,1,3.0,7189,5642,52,0,52,0,0,52,0,0,0
fire_24462819,2020-10-06,fire_24462819_2020-10-04_2020-10-06,2,4.0,7136,7136,9,52,9,0,52,9,0,12,40
fire_24462819,2020-10-05,fire_24462819_2020-10-05_2020-10-07,0,2.0,7189,3868,52,0,52,0,0,52,0,0,0
fire_24462819,2020-10-06,fire_24462819_2020-10-05_2020-10-07,1,3.0,7136,5746,9,52,9,0,52,9,0,12,40
fire_24462819,2020-10-07,fire_24462819_2020-10-05_2020-10-07,2,4.0,7137,7137,1,9,1,0,9,1,0,0,9
fire_24462819,2020-10-06,fire_24462819_2020-10-06_2020-10-08,0,2.0,7136,4072,9,0,9,0,0,9,0,0,0
fire_24462819,2020-10-07,fire_24462819_2020-10-06_2020-10-08,1,3.0,7137,5778,1,9,1,0,9,1,0,0,9
fire_24462819,2020-10-08,fire_24462819_2020-10-06_2020-10-08,2,4.0,7172,7171,9,1,9,0,1,9,0,0,1
fire_24462819,2020-10-07,fire_24462819_2020-10-07_2020-10-09,0,2.0,7137,4098,1,0,1,0,0,1,0,0,0
fire_24462819,2020-10-08,fire_24462819_2020-10-07_2020-10-09,1,3.0,7172,5444,9,1,9,0,1,9,0,0,1
fire_24462819,2020-10-09,fire_24462819_2020-10-07_2020-10-09,2,4.0,7434,7422,0,9,0,0,9,0,0,2,7
fire_24462819,2020-10-08,fire_24462819_2020-10-08_2020-10-10,0,2.0,7172,3651,9,0,9,0,0,9,0,0,0
fire_24462819,2020-10-09,fire_24462819_2020-10-08_2020-10-10,1,3.0,7434,5766,0,9,0,0,9,0,0,2,7
fire_24462819,2020-10-10,fire_24462819_2020-10-08_2020-10-10,2,4.0,6637,6571,0,0,0,0,0,0,0,0,0
fire_24462819,2020-10-09,fire_24462819_2020-10-09_2020-10-11,0,2.0,7434,3890,0,0,0,0,0,0,0,0,0
fire_24462819,2020-10-10,fire_24462819_2020-10-09_2020-10-11,1,3.0,6637,5059,0,0,0,0,0,0,0,0,0
fire_24462819,2020-10-11,fire_24462819_2020-10-09_2020-10-11,2,4.0,5936,5884,0,0,0,0,0,0,0,0,0
fire_24462819,2020-10-10,fire_24462819_2020-10-10_2020-10-12,0,2.0,6637,3338,0,0,0,0,0,0,0,0,0
fire_24462819,2020-10-11,fire_24462819_2020-10-10_2020-10-12,1,3.0,5936,4396,0,0,0,0,0,0,0,0,0
fire_24462819,2020-10-12,fire_24462819_2020-10-10_2020-10-12,2,4.0,5094,5034,0,0,0,0,0,0,0,0,0
fire_24462819,2020-10-11,fire_24462819_2020-10-11_2020-10-13,0,2.0,5936,2748,0,0,0,0,0,0,0,0,0
fire_24462819,2020-10-12,fire_24462819_2020-10-11_2020-10-13,1,3.0,5094,3743,0,0,0,0,0,0,0,0,0
fire_24462819,2020-10-13,fire_24462819_2020-10-11_2020-10-13,2,4.0,66,0,0,0,0,0,0,0,0,0,0
fire_24462819,2020-10-12,fire_24462819_2020-10-12_2020-10-14,0,2.0,5094,2368,0,0,0,0,0,0,0,0,0
fire_24462819,2020-10-13,fire_24462819_2020-10-12_2020-10-14,1,3.0,66,0,0,0,0,0,0,0,0,0,0
fire_24462819,2020-10-14,fire_24462819_2020-10-12_2020-10-14,2,4.0,1368,1354,0,0,0,0,0,0,0,0,0
fire_24462819,2020-10-13,fire_24462819_2020-10-13_2020-10-15,0,2.0,66,0,0,0,0,0,0,0,0,0,0
fire_24462819,2020-10-14,fire_24462819_2020-10-13_2020-10-15,1,3.0,1368,813,0,0,0,0,0,0,0,0,0
fire_24462819,2020-10-15,fire_24462819_2020-10-13_2020-10-15,2,4.0,2880,2814,0,0,0,0,0,0,0,0,0
fire_24462847,2020-09-04,fire_24462847_2020-09-04_2020-09-06,0,2.0,1298,478,76,0,76,0,0,76,0,0,0
fire_24462847,2020-09-05,fire_24462847_2020-09-04_2020-09-06,1,3.0,1451,913,53,76,27,26,50,53,0,28,22
fire_24462847,2020-09-06,fire_24462847_2020-09-04_2020-09-06,2,4.0,1836,1794,10,53,7,3,50,10,0,24,26
fire_24462847,2020-09-05,fire_24462847_2020-09-05_2020-09-07,0,2.0,1451,532,53,0,53,0,0,53,0,0,0
fire_24462847,2020-09-06,fire_24462847_2020-09-05_2020-09-07,1,3.0,1836,1290,10,53,7,3,50,10,0,24,26
fire_24462847,2020-09-07,fire_24462847_2020-09-05_2020-09-07,2,4.0,4324,4324,301,10,301,0,10,301,0,2,8
fire_24462847,2020-09-06,fire_24462847_2020-09-06_2020-09-08,0,2.0,1836,783,10,0,10,0,0,10,0,0,0
fire_24462847,2020-09-07,fire_24462847_2020-09-06_2020-09-08,1,3.0,4324,3363,301,10,301,0,10,301,0,2,8
fire_24462847,2020-09-08,fire_24462847_2020-09-06_2020-09-08,2,4.0,5180,5180,4,301,3,1,300,4,0,191,109
fire_24462847,2020-09-07,fire_24462847_2020-09-07_2020-09-15,0,2.0,4324,2348,301,0,301,0,0,301,0,0,0
fire_24462847,2020-09-08,fire_24462847_2020-09-07_2020-09-15,1,3.0,5180,4150,4,301,3,1,300,4,0,191,109
fire_24462847,2020-09-15,fire_24462847_2020-09-07_2020-09-15,2,4.0,508,442,12,4,12,0,4,12,0,4,0
fire_24462847,2020-09-08,fire_24462847_2020-09-08_2020-09-16,0,2.0,5180,2959,4,0,4,0,0,4,0,0,0
fire_24462847,2020-09-15,fire_24462847_2020-09-08_2020-09-16,1,3.0,508,262,12,4,12,0,4,12,0,4,0
fire_24462847,2020-09-16,fire_24462847_2020-09-08_2020-09-16,2,4.0,517,451,13,12,7,6,6,13,0,4,2
fire_24462847,2020-09-15,fire_24462847_2020-09-15_2020-09-17,0,2.0,508,130,12,0,12,0,0,12,0,0,0
fire_24462847,2020-09-16,fire_24462847_2020-09-15_2020-09-17,1,3.0,517,271,13,12,7,6,6,13,0,4,2
fire_24462847,2020-09-17,fire_24462847_2020-09-15_2020-09-17,2,4.0,527,464,12,13,5,7,6,12,0,2,4
fire_24462847,2020-09-16,fire_24462847_2020-09-16_2020-09-18,0,2.0,517,135,13,0,13,0,0,13,0,0,0
fire_24462847,2020-09-17,fire_24462847_2020-09-16_2020-09-18,1,3.0,527,280,12,13,5,7,6,12,0,2,4
fire_24462847,2020-09-18,fire_24462847_2020-09-16_2020-09-18,2,4.0,506,506,18,12,10,8,4,18,0,3,1
fire_24462847,2020-09-17,fire_24462847_2020-09-17_2020-09-19,0,2.0,527,141,12,0,12,0,0,12,0,0,0
fire_24462847,2020-09-18,fire_24462847_2020-09-17_2020-09-19,1,3.0,506,310,18,12,10,8,4,18,0,3,1
fire_24462847,2020-09-19,fire_24462847_2020-09-17_2020-09-19,2,4.0,498,498,5,18,4,1,17,5,0,5,12
fire_24462847,2020-09-18,fire_24462847_2020-09-18_2020-09-21,0,2.0,506,161,18,0,18,0,0,18,0,0,0
fire_24462847,2020-09-19,fire_24462847_2020-09-18_2020-09-21,1,3.0,498,305,5,18,4,1,17,5,0,5,12
fire_24462847,2020-09-21,fire_24462847_2020-09-18_2020-09-21,2,4.0,1134,1134,26,5,26,0,5,26,0,5,0
fire_24462847,2020-09-19,fire_24462847_2020-09-19_2020-09-22,0,2.0,498,158,5,0,5,0,0,5,0,0,0
fire_24462847,2020-09-21,fire_24462847_2020-09-19_2020-09-22,1,3.0,1134,799,26,5,26,0,5,26,0,5,0
fire_24462847,2020-09-22,fire_24462847_2020-09-19_2020-09-22,2,4.0,1058,1058,21,26,20,1,25,21,0,13,12
fire_24462847,2020-09-21,fire_24462847_2020-09-21_2020-09-23,0,2.0,1134,450,26,0,26,0,0,26,0,0,0
fire_24462847,2020-09-22,fire_24462847_2020-09-21_2020-09-23,1,3.0,1058,717,21,26,20,1,25,21,0,13,12
fire_24462847,2020-09-23,fire_24462847_2020-09-21_2020-09-23,2,4.0,762,762,24,21,23,1,20,24,0,0,20
fire_24462847,2020-09-22,fire_24462847_2020-09-22_2020-09-24,0,2.0,1058,395,21,0,21,0,0,21,0,0,0
fire_24462847,2020-09-23,fire_24462847_2020-09-22_2020-09-24,1,3.0,762,503,24,21,23,1,20,24,0,0,20
fire_24462847,2020-09-24,fire_24462847_2020-09-22_2020-09-24,2,4.0,1099,1099,3,24,0,3,21,3,0,0,21
fire_24462847,2020-09-23,fire_24462847_2020-09-23_2020-09-25,0,2.0,762,282,24,0,24,0,0,24,0,0,0
fire_24462847,2020-09-24,fire_24462847_2020-09-23_2020-09-25,1,3.0,1099,726,3,24,0,3,21,3,0,0,21
fire_24462847,2020-09-25,fire_24462847_2020-09-23_2020-09-25,2,4.0,2196,2196,18,3,15,3,0,18,0,0,0
fire_24462847,2020-09-24,fire_24462847_2020-09-24_2020-09-26,0,2.0,1099,397,3,0,3,0,0,3,0,0,0
fire_24462847,2020-09-25,fire_24462847_2020-09-24_2020-09-26,1,3.0,2196,1508,18,3,15,3,0,18,0,0,0
fire_24462847,2020-09-26,fire_24462847_2020-09-24_2020-09-26,2,4.0,2813,2813,27,18,20,7,11,27,0,8,3
fire_24462847,2020-09-25,fire_24462847_2020-09-25_2020-09-27,0,2.0,2196,823,18,0,18,0,0,18,0,0,0
fire_24462847,2020-09-26,fire_24462847_2020-09-25_2020-09-27,1,3.0,2813,2074,27,18,20,7,11,27,0,8,3
fire_24462847,2020-09-27,fire_24462847_2020-09-25_2020-09-27,2,4.0,6322,6322,3,27,3,0,27,3,0,12,15
fire_24462847,2020-09-26,fire_24462847_2020-09-26_2020-09-28,0,2.0,2813,1282,27,0,27,0,0,27,0,0,0
fire_24462847,2020-09-27,fire_24462847_2020-09-26_2020-09-28,1,3.0,6322,4790,3,27,3,0,27,3,0,12,15
fire_24462847,2020-09-28,fire_24462847_2020-09-26_2020-09-28,2,4.0,3305,3240,5,3,5,0,3,5,0,1,2
fire_24462847,2020-09-27,fire_24462847_2020-09-27_2020-09-29,0,2.0,6322,3219,3,0,3,0,0,3,0,0,0
fire_24462847,2020-09-28,fire_24462847_2020-09-27_2020-09-29,1,3.0,3305,2425,5,3,5,0,3,5,0,1,2
fire_24462847,2020-09-29,fire_24462847_2020-09-27_2020-09-29,2,4.0,1221,1178,3,5,3,0,5,3,0,5,0
fire_24462847,2020-09-28,fire_24462847_2020-09-28_2020-09-30,0,2.0,3305,1630,5,0,5,0,0,5,0,0,0
fire_24462847,2020-09-29,fire_24462847_2020-09-28_2020-09-30,1,3.0,1221,784,3,5,3,0,5,3,0,5,0
fire_24462847,2020-09-30,fire_24462847_2020-09-28_2020-09-30,2,4.0,3185,3119,39,3,39,0,3,39,0,3,0
fire_24462847,2020-09-29,fire_24462847_2020-09-29_2020-10-01,0,2.0,1221,454,3,0,3,0,0,3,0,0,0
fire_24462847,2020-09-30,fire_24462847_2020-09-29_2020-10-01,1,3.0,3185,2223,39,3,39,0,3,39,0,3,0
fire_24462847,2020-10-01,fire_24462847_2020-09-29_2020-10-01,2,4.0,4663,4597,135,39,120,15,24,135,0,18,6
fire_24462847,2020-09-30,fire_24462847_2020-09-30_2020-10-02,0,2.0,3185,1367,39,0,39,0,0,39,0,0,0
fire_24462847,2020-10-01,fire_24462847_2020-09-30_2020-10-02,1,3.0,4663,3308,135,39,120,15,24,135,0,18,6
fire_24462847,2020-10-02,fire_24462847_2020-09-30_2020-10-02,2,4.0,2832,2766,82,135,63,19,116,82,0,26,90
fire_24462847,2020-10-01,fire_24462847_2020-10-01_2020-10-03,0,2.0,4663,2132,135,0,135,0,0,135,0,0,0
fire_24462847,2020-10-02,fire_24462847_2020-10-01_2020-10-03,1,3.0,2832,1926,82,135,63,19,116,82,0,36,80
fire_24462847,2020-10-03,fire_24462847_2020-10-01_2020-10-03,2,4.0,2811,2800,20,82,14,6,76,20,0,19,57
fire_24462847,2020-10-02,fire_24462847_2020-10-02_2020-10-04,0,2.0,2832,1127,82,0,82,0,0,82,0,0,0
fire_24462847,2020-10-03,fire_24462847_2020-10-02_2020-10-04,1,3.0,2811,2015,20,82,14,6,76,20,0,19,57
fire_24462847,2020-10-04,fire_24462847_2020-10-02_2020-10-04,2,4.0,1262,1196,0,20,0,0,20,0,0,20,0
fire_24462847,2020-10-03,fire_24462847_2020-10-03_2020-10-05,0,2.0,2811,1251,20,0,20,0,0,20,0,0,0
fire_24462847,2020-10-04,fire_24462847_2020-10-03_2020-10-05,1,3.0,1262,756,0,20,0,0,20,0,0,20,0
fire_24462847,2020-10-05,fire_24462847_2020-10-03_2020-10-05,2,4.0,2545,2545,0,0,0,0,0,0,0,0,0
fire_24462847,2020-10-04,fire_24462847_2020-10-04_2020-10-06,0,2.0,1262,409,0,0,0,0,0,0,0,0,0
fire_24462847,2020-10-05,fire_24462847_2020-10-04_2020-10-06,1,3.0,2545,1729,0,0,0,0,0,0,0,0,0
fire_24462847,2020-10-06,fire_24462847_2020-10-04_2020-10-06,2,4.0,3842,3842,46,0,46,0,0,46,0,0,0
fire_24462847,2020-10-05,fire_24462847_2020-10-05_2020-10-07,0,2.0,2545,966,0,0,0,0,0,0,0,0,0
fire_24462847,2020-10-06,fire_24462847_2020-10-05_2020-10-07,1,3.0,3842,2796,46,0,46,0,0,46,0,0,0
fire_24462847,2020-10-07,fire_24462847_2020-10-05_2020-10-07,2,4.0,4682,4682,0,46,0,0,46,0,0,2,44
fire_24462847,2020-10-06,fire_24462847_2020-10-06_2020-10-08,0,2.0,3842,1850,46,0,46,0,0,46,0,0,0
fire_24462847,2020-10-07,fire_24462847_2020-10-06_2020-10-08,1,3.0,4682,3335,0,46,0,0,46,0,0,2,44
fire_24462847,2020-10-08,fire_24462847_2020-10-06_2020-10-08,2,4.0,5498,5495,0,0,0,0,0,0,0,0,0
fire_24462847,2020-10-07,fire_24462847_2020-10-07_2020-10-09,0,2.0,4682,2029,0,0,0,0,0,0,0,0,0
fire_24462847,2020-10-08,fire_24462847_2020-10-07_2020-10-09,1,3.0,5498,3893,0,0,0,0,0,0,0,0,0
fire_24462847,2020-10-09,fire_24462847_2020-10-07_2020-10-09,2,4.0,4904,4900,0,0,0,0,0,0,0,0,0
fire_24462847,2020-10-08,fire_24462847_2020-10-08_2020-10-10,0,2.0,5498,2376,0,0,0,0,0,0,0,0,0
fire_24462847,2020-10-09,fire_24462847_2020-10-08_2020-10-10,1,3.0,4904,3487,0,0,0,0,0,0,0,0,0
fire_24462847,2020-10-10,fire_24462847_2020-10-08_2020-10-10,2,4.0,4000,3936,0,0,0,0,0,0,0,0,0
fire_24462847,2020-10-09,fire_24462847_2020-10-09_2020-10-11,0,2.0,4904,2182,0,0,0,0,0,0,0,0,0
fire_24462847,2020-10-10,fire_24462847_2020-10-09_2020-10-11,1,3.0,4000,2670,0,0,0,0,0,0,0,0,0
fire_24462847,2020-10-11,fire_24462847_2020-10-09_2020-10-11,2,4.0,3215,3183,0,0,0,0,0,0,0,0,0
fire_24462847,2020-10-10,fire_24462847_2020-10-10_2020-10-12,0,2.0,4000,1511,0,0,0,0,0,0,0,0,0
fire_24462847,2020-10-11,fire_24462847_2020-10-10_2020-10-12,1,3.0,3215,2132,0,0,0,0,0,0,0,0,0
fire_24462847,2020-10-12,fire_24462847_2020-10-10_2020-10-12,2,4.0,4742,4676,0,0,0,0,0,0,0,0,0
fire_24462867,2020-09-08,fire_24462867_2020-09-08_2020-09-13,0,2.0,676,245,5,0,5,0,0,5,0,0,0
fire_24462867,2020-09-10,fire_24462867_2020-09-08_2020-09-13,1,3.0,462,228,0,5,0,0,5,0,0,1,4
fire_24462867,2020-09-13,fire_24462867_2020-09-08_2020-09-13,2,4.0,429,416,8,0,8,0,0,8,0,0,0
fire_24462867,2020-09-10,fire_24462867_2020-09-10_2020-09-14,0,2.0,462,108,0,0,0,0,0,0,0,0,0
fire_24462867,2020-09-13,fire_24462867_2020-09-10_2020-09-14,1,3.0,429,240,8,0,8,0,0,8,0,0,0
fire_24462867,2020-09-14,fire_24462867_2020-09-10_2020-09-14,2,4.0,678,678,40,8,39,1,7,40,0,5,2
fire_24462867,2020-09-13,fire_24462867_2020-09-13_2020-09-15,0,2.0,429,116,8,0,8,0,0,8,0,0,0
fire_24462867,2020-09-14,fire_24462867_2020-09-13_2020-09-15,1,3.0,678,440,40,8,39,1,7,40,0,5,2
fire_24462867,2020-09-15,fire_24462867_2020-09-13_2020-09-15,2,4.0,824,824,54,40,35,19,21,54,0,17,4
fire_24462867,2020-09-14,fire_24462867_2020-09-14_2020-09-16,0,2.0,678,249,40,0,40,0,0,40,0,0,0
fire_24462867,2020-09-15,fire_24462867_2020-09-14_2020-09-16,1,3.0,824,559,54,40,35,19,21,54,0,17,4
fire_24462867,2020-09-16,fire_24462867_2020-09-14_2020-09-16,2,4.0,903,903,78,54,42,36,18,78,0,14,4
fire_24462867,2020-09-15,fire_24462867_2020-09-15_2020-09-17,0,2.0,824,336,54,0,54,0,0,54,0,0,0
fire_24462867,2020-09-16,fire_24462867_2020-09-15_2020-09-17,1,3.0,903,620,78,54,42,36,18,78,0,14,4
fire_24462867,2020-09-17,fire_24462867_2020-09-15_2020-09-17,2,4.0,960,960,65,78,38,27,51,65,0,32,19
fire_24462867,2020-09-16,fire_24462867_2020-09-16_2020-09-18,0,2.0,903,382,78,0,78,0,0,78,0,0,0
fire_24462867,2020-09-17,fire_24462867_2020-09-16_2020-09-18,1,3.0,960,667,65,78,38,27,51,65,0,32,19
fire_24462867,2020-09-18,fire_24462867_2020-09-16_2020-09-18,2,4.0,914,914,58,65,28,30,35,58,0,18,17
fire_24462867,2020-09-17,fire_24462867_2020-09-17_2020-09-19,0,2.0,960,418,65,0,65,0,0,65,0,0,0
fire_24462867,2020-09-18,fire_24462867_2020-09-17_2020-09-19,1,3.0,914,625,58,65,28,30,35,58,0,18,17
fire_24462867,2020-09-19,fire_24462867_2020-09-17_2020-09-19,2,4.0,1013,1013,82,58,47,35,23,82,0,12,11
fire_24462867,2020-09-18,fire_24462867_2020-09-18_2020-09-20,0,2.0,914,381,58,0,58,0,0,58,0,0,0
fire_24462867,2020-09-19,fire_24462867_2020-09-18_2020-09-20,1,3.0,1013,710,82,58,47,35,23,82,0,12,11
fire_24462867,2020-09-20,fire_24462867_2020-09-18_2020-09-20,2,4.0,1018,952,21,82,10,11,71,21,0,5,66
fire_24462867,2020-09-19,fire_24462867_2020-09-19_2020-09-21,0,2.0,1013,452,82,0,82,0,0,82,0,0,0
fire_24462867,2020-09-20,fire_24462867_2020-09-19_2020-09-21,1,3.0,1018,661,21,82,10,11,71,21,0,5,66
fire_24462867,2020-09-21,fire_24462867_2020-09-19_2020-09-21,2,4.0,753,687,4,21,4,0,21,4,0,11,10
fire_24462867,2020-09-20,fire_24462867_2020-09-20_2020-09-22,0,2.0,1018,420,21,0,21,0,0,21,0,0,0
fire_24462867,2020-09-21,fire_24462867_2020-09-20_2020-09-22,1,3.0,753,445,4,21,4,0,21,4,0,18,3
fire_24462867,2020-09-22,fire_24462867_2020-09-20_2020-09-22,2,4.0,968,968,56,4,52,4,0,56,0,0,0
fire_24462867,2020-09-21,fire_24462867_2020-09-21_2020-09-23,0,2.0,753,253,4,0,4,0,0,4,0,0,0
fire_24462867,2020-09-22,fire_24462867_2020-09-21_2020-09-23,1,3.0,968,671,56,4,52,4,0,56,0,0,0
fire_24462867,2020-09-23,fire_24462867_2020-09-21_2020-09-23,2,4.0,978,978,57,56,36,21,35,57,0,14,21
fire_24462867,2020-09-22,fire_24462867_2020-09-22_2020-09-24,0,2.0,968,417,56,0,56,0,0,56,0,0,0
fire_24462867,2020-09-23,fire_24462867_2020-09-22_2020-09-24,1,3.0,978,682,57,56,36,21,35,57,0,14,21
fire_24462867,2020-09-24,fire_24462867_2020-09-22_2020-09-24,2,4.0,781,781,37,57,26,11,46,37,0,3,43
fire_24462867,2020-09-23,fire_24462867_2020-09-23_2020-09-25,0,2.0,978,428,57,0,57,0,0,57,0,0,0
fire_24462867,2020-09-24,fire_24462867_2020-09-23_2020-09-25,1,3.0,781,528,37,57,26,11,46,37,0,4,42
fire_24462867,2020-09-25,fire_24462867_2020-09-23_2020-09-25,2,4.0,1086,1086,77,37,68,9,28,77,0,28,0
fire_24462867,2020-09-24,fire_24462867_2020-09-24_2020-09-26,0,2.0,781,310,37,0,37,0,0,37,0,0,0
fire_24462867,2020-09-25,fire_24462867_2020-09-24_2020-09-26,1,3.0,1086,775,77,37,68,9,28,77,0,28,0
fire_24462867,2020-09-26,fire_24462867_2020-09-24_2020-09-26,2,4.0,1161,1161,47,77,17,30,47,47,0,30,17
fire_24462867,2020-09-25,fire_24462867_2020-09-25_2020-09-27,0,2.0,1086,502,77,0,77,0,0,77,0,0,0
fire_24462867,2020-09-26,fire_24462867_2020-09-25_2020-09-27,1,3.0,1161,834,47,77,17,30,47,47,0,30,17
fire_24462867,2020-09-27,fire_24462867_2020-09-25_2020-09-27,2,4.0,1161,1161,16,47,15,1,46,16,0,14,32
fire_24462867,2020-09-26,fire_24462867_2020-09-26_2020-09-28,0,2.0,1161,547,47,0,47,0,0,47,0,0,0
fire_24462867,2020-09-27,fire_24462867_2020-09-26_2020-09-28,1,3.0,1161,833,16,47,15,1,46,16,0,14,32
fire_24462867,2020-09-28,fire_24462867_2020-09-26_2020-09-28,2,4.0,653,587,0,16,0,0,16,0,0,0,16
fire_24462867,2020-09-27,fire_24462867_2020-09-27_2020-09-29,0,2.0,1161,546,16,0,16,0,0,16,0,0,0
fire_24462867,2020-09-28,fire_24462867_2020-09-27_2020-09-29,1,3.0,653,373,0,16,0,0,16,0,0,2,14
fire_24462867,2020-09-29,fire_24462867_2020-09-27_2020-09-29,2,4.0,1087,1087,6,0,6,0,0,6,0,0,0
fire_24462867,2020-09-28,fire_24462867_2020-09-28_2020-09-30,0,2.0,653,206,0,0,0,0,0,0,0,0,0
fire_24462867,2020-09-29,fire_24462867_2020-09-28_2020-09-30,1,3.0,1087,771,6,0,6,0,0,6,0,0,0
fire_24462867,2020-09-30,fire_24462867_2020-09-28_2020-09-30,2,4.0,1114,1048,24,6,24,0,6,24,0,3,3
fire_24462867,2020-09-29,fire_24462867_2020-09-29_2020-10-01,0,2.0,1087,464,6,0,6,0,0,6,0,0,0
fire_24462867,2020-09-30,fire_24462867_2020-09-29_2020-10-01,1,3.0,1114,742,24,6,24,0,6,24,0,3,3
fire_24462867,2020-10-01,fire_24462867_2020-09-29_2020-10-01,2,4.0,1206,1140,4,24,3,1,23,4,0,7,16
fire_24462867,2020-09-30,fire_24462867_2020-09-30_2020-10-02,0,2.0,1114,463,24,0,24,0,0,24,0,0,0
fire_24462867,2020-10-01,fire_24462867_2020-09-30_2020-10-02,1,3.0,1206,809,4,24,3,1,23,4,0,7,16
fire_24462867,2020-10-02,fire_24462867_2020-09-30_2020-10-02,2,4.0,1781,1715,52,4,51,1,3,52,0,3,0
fire_24462867,2020-10-01,fire_24462867_2020-10-01_2020-10-03,0,2.0,1206,505,4,0,4,0,0,4,0,0,0
fire_24462867,2020-10-02,fire_24462867_2020-10-01_2020-10-03,1,3.0,1781,1217,52,4,51,1,3,52,0,3,0
fire_24462867,2020-10-03,fire_24462867_2020-10-01_2020-10-03,2,4.0,2110,2110,62,52,53,9,43,62,0,4,39
fire_24462867,2020-10-02,fire_24462867_2020-10-02_2020-10-04,0,2.0,1781,751,52,0,52,0,0,52,0,0,0
fire_24462867,2020-10-03,fire_24462867_2020-10-02_2020-10-04,1,3.0,2110,1515,62,52,53,9,43,62,0,4,39
fire_24462867,2020-10-04,fire_24462867_2020-10-02_2020-10-04,2,4.0,2041,1975,0,62,0,0,62,0,0,27,35
fire_24462867,2020-10-03,fire_24462867_2020-10-03_2020-10-05,0,2.0,2110,921,62,0,62,0,0,62,0,0,0
fire_24462867,2020-10-04,fire_24462867_2020-10-03_2020-10-05,1,3.0,2041,1414,0,62,0,0,62,0,0,27,35
fire_24462867,2020-10-05,fire_24462867_2020-10-03_2020-10-05,2,4.0,2238,2172,0,0,0,0,0,0,0,0,0
fire_24462867,2020-10-04,fire_24462867_2020-10-04_2020-10-06,0,2.0,2041,863,0,0,0,0,0,0,0,0,0
fire_24462867,2020-10-05,fire_24462867_2020-10-04_2020-10-06,1,3.0,2238,1613,0,0,0,0,0,0,0,0,0
fire_24462867,2020-10-06,fire_24462867_2020-10-04_2020-10-06,2,4.0,2048,2048,23,0,23,0,0,23,0,0,0
fire_24462867,2020-10-05,fire_24462867_2020-10-05_2020-10-07,0,2.0,2238,1096,0,0,0,0,0,0,0,0,0
fire_24462867,2020-10-06,fire_24462867_2020-10-05_2020-10-07,1,3.0,2048,1500,23,0,23,0,0,23,0,0,0
fire_24462867,2020-10-07,fire_24462867_2020-10-05_2020-10-07,2,4.0,2258,2257,0,23,0,0,23,0,0,8,15
fire_24462867,2020-10-06,fire_24462867_2020-10-06_2020-10-08,0,2.0,2048,996,23,0,23,0,0,23,0,0,0
fire_24462867,2020-10-07,fire_24462867_2020-10-06_2020-10-08,1,3.0,2258,1696,0,23,0,0,23,0,0,8,15
fire_24462867,2020-10-08,fire_24462867_2020-10-06_2020-10-08,2,4.0,2043,2042,0,0,0,0,0,0,0,0,0
fire_24462867,2020-10-07,fire_24462867_2020-10-07_2020-10-09,0,2.0,2258,1154,0,0,0,0,0,0,0,0,0
fire_24462867,2020-10-08,fire_24462867_2020-10-07_2020-10-09,1,3.0,2043,1468,0,0,0,0,0,0,0,0,0
fire_24462867,2020-10-09,fire_24462867_2020-10-07_2020-10-09,2,4.0,2156,2156,9,0,9,0,0,9,0,0,0
fire_24462867,2020-10-08,fire_24462867_2020-10-08_2020-10-10,0,2.0,2043,909,0,0,0,0,0,0,0,0,0
fire_24462867,2020-10-09,fire_24462867_2020-10-08_2020-10-10,1,3.0,2156,1525,9,0,9,0,0,9,0,0,0
fire_24462867,2020-10-10,fire_24462867_2020-10-08_2020-10-10,2,4.0,2694,2676,0,9,0,0,9,0,0,3,6
fire_24462867,2020-10-09,fire_24462867_2020-10-09_2020-10-11,0,2.0,2156,941,9,0,9,0,0,9,0,0,0
fire_24462867,2020-10-10,fire_24462867_2020-10-09_2020-10-11,1,3.0,2694,2000,0,9,0,0,9,0,0,3,6
fire_24462867,2020-10-11,fire_24462867_2020-10-09_2020-10-11,2,4.0,2578,2578,10,0,10,0,0,10,0,0,0
fire_24462867,2020-10-10,fire_24462867_2020-10-10_2020-10-12,0,2.0,2694,1339,0,0,0,0,0,0,0,0,0
fire_24462867,2020-10-11,fire_24462867_2020-10-10_2020-10-12,1,3.0,2578,1929,10,0,10,0,0,10,0,0,0
fire_24462867,2020-10-12,fire_24462867_2020-10-10_2020-10-12,2,4.0,648,582,0,10,0,0,10,0,0,10,0
fire_24462867,2020-10-11,fire_24462867_2020-10-11_2020-10-13,0,2.0,2578,1291,10,0,10,0,0,10,0,0,0
fire_24462867,2020-10-12,fire_24462867_2020-10-11_2020-10-13,1,3.0,648,393,0,10,0,0,10,0,0,10,0
fire_24462867,2020-10-13,fire_24462867_2020-10-11_2020-10-13,2,4.0,1014,948,0,0,0,0,0,0,0,0,0
fire_24462882,2020-09-07,fire_24462882_2020-09-07_2020-09-15,0,2.0,4324,2348,303,0,303,0,0,303,0,0,0
fire_24462882,2020-09-08,fire_24462882_2020-09-07_2020-09-15,1,3.0,5378,4264,2,303,2,0,303,2,0,190,113
fire_24462882,2020-09-15,fire_24462882_2020-09-07_2020-09-15,2,4.0,508,442,12,2,12,0,2,12,0,2,0
fire_24462882,2020-09-08,fire_24462882_2020-09-08_2020-09-16,0,2.0,5378,3013,2,0,2,0,0,2,0,0,0
fire_24462882,2020-09-15,fire_24462882_2020-09-08_2020-09-16,1,3.0,508,262,12,2,12,0,2,12,0,2,0
fire_24462882,2020-09-16,fire_24462882_2020-09-08_2020-09-16,2,4.0,517,451,13,12,7,6,6,13,0,4,2
fire_24462882,2020-09-15,fire_24462882_2020-09-15_2020-09-17,0,2.0,508,130,12,0,12,0,0,12,0,0,0
fire_24462882,2020-09-16,fire_24462882_2020-09-15_2020-09-17,1,3.0,517,271,13,12,7,6,6,13,0,4,2
fire_24462882,2020-09-17,fire_24462882_2020-09-15_2020-09-17,2,4.0,530,464,4,13,1,3,10,4,0,2,8
fire_24462882,2020-09-16,fire_24462882_2020-09-16_2020-09-18,0,2.0,517,135,13,0,13,0,0,13,0,0,0
fire_24462882,2020-09-17,fire_24462882_2020-09-16_2020-09-18,1,3.0,530,280,4,13,1,3,10,4,0,2,8
fire_24462882,2020-09-18,fire_24462882_2020-09-16_2020-09-18,2,4.0,572,506,18,4,15,3,1,18,0,1,0
fire_24462882,2020-09-17,fire_24462882_2020-09-17_2020-09-19,0,2.0,530,141,4,0,4,0,0,4,0,0,0
fire_24462882,2020-09-18,fire_24462882_2020-09-17_2020-09-19,1,3.0,572,310,18,4,15,3,1,18,0,1,0
fire_24462882,2020-09-19,fire_24462882_2020-09-17_2020-09-19,2,4.0,502,498,1,18,1,0,18,1,0,5,13
fire_24462882,2020-09-18,fire_24462882_2020-09-18_2020-09-21,0,2.0,572,161,18,0,18,0,0,18,0,0,0
fire_24462882,2020-09-19,fire_24462882_2020-09-18_2020-09-21,1,3.0,502,305,1,18,1,0,18,1,0,5,13
fire_24462882,2020-09-21,fire_24462882_2020-09-18_2020-09-21,2,4.0,1134,1134,28,1,28,0,1,28,0,1,0
fire_24462882,2020-09-19,fire_24462882_2020-09-19_2020-09-22,0,2.0,502,158,1,0,1,0,0,1,0,0,0
fire_24462882,2020-09-21,fire_24462882_2020-09-19_2020-09-22,1,3.0,1134,799,28,1,28,0,1,28,0,1,0
fire_24462882,2020-09-22,fire_24462882_2020-09-19_2020-09-22,2,4.0,1058,1058,3,28,3,0,28,3,0,14,14
fire_24462912,2020-09-07,fire_24462912_2020-09-07_2020-09-09,0,2.0,928,253,20,0,20,0,0,20,0,0,0
fire_24462912,2020-09-08,fire_24462912_2020-09-07_2020-09-09,1,3.0,1158,730,59,20,58,1,19,59,0,0,19
fire_24462912,2020-09-09,fire_24462912_2020-09-07_2020-09-09,2,4.0,487,431,0,59,0,0,59,0,0,28,31
fire_24462912,2020-09-08,fire_24462912_2020-09-08_2020-09-13,0,2.0,1158,397,59,0,59,0,0,59,0,0,0
fire_24462912,2020-09-09,fire_24462912_2020-09-08_2020-09-13,1,3.0,487,255,0,59,0,0,59,0,0,39,20
fire_24462912,2020-09-13,fire_24462912_2020-09-08_2020-09-13,2,4.0,462,396,0,0,0,0,0,0,0,0,0
fire_24462912,2020-09-09,fire_24462912_2020-09-09_2020-09-14,0,2.0,487,125,0,0,0,0,0,0,0,0,0
fire_24462912,2020-09-13,fire_24462912_2020-09-09_2020-09-14,1,3.0,462,228,0,0,0,0,0,0,0,0,0
fire_24462912,2020-09-14,fire_24462912_2020-09-09_2020-09-14,2,4.0,481,479,16,0,16,0,0,16,0,0,0
fire_24462912,2020-09-13,fire_24462912_2020-09-13_2020-09-15,0,2.0,462,108,0,0,0,0,0,0,0,0,0
fire_24462912,2020-09-14,fire_24462912_2020-09-13_2020-09-15,1,3.0,481,292,16,0,16,0,0,16,0,0,0
fire_24462912,2020-09-15,fire_24462912_2020-09-13_2020-09-15,2,4.0,486,484,19,16,8,11,5,19,0,2,3
fire_24462912,2020-09-14,fire_24462912_2020-09-14_2020-09-16,0,2.0,481,151,16,0,16,0,0,16,0,0,0
fire_24462912,2020-09-15,fire_24462912_2020-09-14_2020-09-16,1,3.0,486,294,19,16,8,11,5,19,0,2,3
fire_24462912,2020-09-16,fire_24462912_2020-09-14_2020-09-16,2,4.0,873,873,19,19,16,3,16,19,0,6,10
fire_24462912,2020-09-15,fire_24462912_2020-09-15_2020-09-17,0,2.0,486,152,19,0,19,0,0,19,0,0,0
fire_24462912,2020-09-16,fire_24462912_2020-09-15_2020-09-17,1,3.0,873,516,19,19,16,3,16,19,0,6,10
fire_24462912,2020-09-17,fire_24462912_2020-09-15_2020-09-17,2,4.0,396,396,0,19,0,0,19,0,0,1,18
fire_24463162,2020-09-08,fire_24463162_2020-09-08_2020-09-10,0,2.0,1889,667,0,0,0,0,0,0,0,0,0
fire_24463162,2020-09-09,fire_24463162_2020-09-08_2020-09-10,1,3.0,2647,1878,11,0,11,0,0,11,0,0,0
fire_24463162,2020-09-10,fire_24463162_2020-09-08_2020-09-10,2,4.0,2483,2483,0,11,0,0,11,0,0,0,11
fire_24463162,2020-09-09,fire_24463162_2020-09-09_2020-09-11,0,2.0,2647,1143,11,0,11,0,0,11,0,0,0
fire_24463162,2020-09-10,fire_24463162_2020-09-09_2020-09-11,1,3.0,2483,1728,0,11,0,0,11,0,0,0,11
fire_24463162,2020-09-11,fire_24463162_2020-09-09_2020-09-11,2,4.0,2596,2596,0,0,0,0,0,0,0,0,0
fire_24463162,2020-09-10,fire_24463162_2020-09-10_2020-09-12,0,2.0,2483,1062,0,0,0,0,0,0,0,0,0
fire_24463162,2020-09-11,fire_24463162_2020-09-10_2020-09-12,1,3.0,2596,1792,0,0,0,0,0,0,0,0,0
fire_24463162,2020-09-12,fire_24463162_2020-09-10_2020-09-12,2,4.0,2288,2287,178,0,178,0,0,178,0,0,0
fire_24463162,2020-09-11,fire_24463162_2020-09-11_2020-09-13,0,2.0,2596,1114,0,0,0,0,0,0,0,0,0
fire_24463162,2020-09-12,fire_24463162_2020-09-11_2020-09-13,1,3.0,2288,1619,178,0,178,0,0,178,0,0,0
fire_24463162,2020-09-13,fire_24463162_2020-09-11_2020-09-13,2,4.0,2124,2079,129,178,77,52,126,129,0,26,100
fire_24463162,2020-09-12,fire_24463162_2020-09-12_2020-09-14,0,2.0,2288,1043,178,0,178,0,0,178,0,0,0
fire_24463162,2020-09-13,fire_24463162_2020-09-12_2020-09-14,1,3.0,2124,1440,129,178,77,52,126,129,0,29,97
fire_24463162,2020-09-14,fire_24463162_2020-09-12_2020-09-14,2,4.0,1380,1380,72,129,44,28,101,72,0,34,67
fire_24463162,2020-09-13,fire_24463162_2020-09-13_2020-09-15,0,2.0,2124,884,129,0,129,0,0,129,0,0,0
fire_24463162,2020-09-14,fire_24463162_2020-09-13_2020-09-15,1,3.0,1380,972,72,129,44,28,101,72,0,34,67
fire_24463162,2020-09-15,fire_24463162_2020-09-13_2020-09-15,2,4.0,405,396,13,72,10,3,69,13,0,33,36
fire_24463162,2020-09-14,fire_24463162_2020-09-14_2020-09-16,0,2.0,1380,581,72,0,72,0,0,72,0,0,0
fire_24463162,2020-09-15,fire_24463162_2020-09-14_2020-09-16,1,3.0,405,228,13,72,10,3,69,13,0,46,23
fire_24463162,2020-09-16,fire_24463162_2020-09-14_2020-09-16,2,4.0,898,898,45,13,42,3,10,45,0,3,7
fire_24463162,2020-09-15,fire_24463162_2020-09-15_2020-09-17,0,2.0,405,108,13,0,13,0,0,13,0,0,0
fire_24463162,2020-09-16,fire_24463162_2020-09-15_2020-09-17,1,3.0,898,612,45,13,42,3,10,45,0,3,7
fire_24463162,2020-09-17,fire_24463162_2020-09-15_2020-09-17,2,4.0,959,959,0,45,0,0,45,0,0,11,34
fire_24463162,2020-09-16,fire_24463162_2020-09-16_2020-09-18,0,2.0,898,362,45,0,45,0,0,45,0,0,0
fire_24463162,2020-09-17,fire_24463162_2020-09-16_2020-09-18,1,3.0,959,667,0,45,0,0,45,0,0,11,34
fire_24463162,2020-09-18,fire_24463162_2020-09-16_2020-09-18,2,4.0,963,897,0,0,0,0,0,0,0,0,0
fire_24463172,2020-09-08,fire_24463172_2020-09-08_2020-09-10,0,2.0,1889,667,0,0,0,0,0,0,0,0,0
fire_24463172,2020-09-09,fire_24463172_2020-09-08_2020-09-10,1,3.0,2647,1878,12,0,12,0,0,12,0,0,0
fire_24463172,2020-09-10,fire_24463172_2020-09-08_2020-09-10,2,4.0,2483,2483,0,12,0,0,12,0,0,0,12
fire_24463172,2020-09-09,fire_24463172_2020-09-09_2020-09-11,0,2.0,2647,1143,12,0,12,0,0,12,0,0,0
fire_24463172,2020-09-10,fire_24463172_2020-09-09_2020-09-11,1,3.0,2483,1728,0,12,0,0,12,0,0,0,12
fire_24463172,2020-09-11,fire_24463172_2020-09-09_2020-09-11,2,4.0,2596,2596,0,0,0,0,0,0,0,0,0
fire_24463172,2020-09-10,fire_24463172_2020-09-10_2020-09-12,0,2.0,2483,1062,0,0,0,0,0,0,0,0,0
fire_24463172,2020-09-11,fire_24463172_2020-09-10_2020-09-12,1,3.0,2596,1792,0,0,0,0,0,0,0,0,0
fire_24463172,2020-09-12,fire_24463172_2020-09-10_2020-09-12,2,4.0,2287,2287,178,0,178,0,0,178,0,0,0
fire_24463172,2020-09-11,fire_24463172_2020-09-11_2020-09-13,0,2.0,2596,1114,0,0,0,0,0,0,0,0,0
fire_24463172,2020-09-12,fire_24463172_2020-09-11_2020-09-13,1,3.0,2287,1619,178,0,178,0,0,178,0,0,0
fire_24463172,2020-09-13,fire_24463172_2020-09-11_2020-09-13,2,4.0,2110,2079,134,178,78,56,122,134,0,26,96
fire_24463172,2020-09-12,fire_24463172_2020-09-12_2020-09-14,0,2.0,2287,1043,178,0,178,0,0,178,0,0,0
fire_24463172,2020-09-13,fire_24463172_2020-09-12_2020-09-14,1,3.0,2110,1440,134,178,78,56,122,134,0,29,93
fire_24463172,2020-09-14,fire_24463172_2020-09-12_2020-09-14,2,4.0,1380,1380,76,134,45,31,103,76,0,34,69
fire_24463172,2020-09-13,fire_24463172_2020-09-13_2020-09-15,0,2.0,2110,884,134,0,134,0,0,134,0,0,0
fire_24463172,2020-09-14,fire_24463172_2020-09-13_2020-09-15,1,3.0,1380,972,76,134,45,31,103,76,0,34,69
fire_24463172,2020-09-15,fire_24463172_2020-09-13_2020-09-15,2,4.0,409,396,14,76,11,3,73,14,0,33,40
fire_24463172,2020-09-14,fire_24463172_2020-09-14_2020-09-16,0,2.0,1380,581,76,0,76,0,0,76,0,0,0
fire_24463172,2020-09-15,fire_24463172_2020-09-14_2020-09-16,1,3.0,409,228,14,76,11,3,73,14,0,47,26
fire_24463172,2020-09-16,fire_24463172_2020-09-14_2020-09-16,2,4.0,898,898,47,14,45,2,12,47,0,3,9
fire_24463172,2020-09-15,fire_24463172_2020-09-15_2020-09-17,0,2.0,409,108,14,0,14,0,0,14,0,0,0
fire_24463172,2020-09-16,fire_24463172_2020-09-15_2020-09-17,1,3.0,898,612,47,14,45,2,12,47,0,3,9
fire_24463172,2020-09-17,fire_24463172_2020-09-15_2020-09-17,2,4.0,959,959,0,47,0,0,47,0,0,11,36
fire_24463172,2020-09-16,fire_24463172_2020-09-16_2020-09-18,0,2.0,898,362,47,0,47,0,0,47,0,0,0
fire_24463172,2020-09-17,fire_24463172_2020-09-16_2020-09-18,1,3.0,959,667,0,47,0,0,47,0,0,11,36
fire_24463172,2020-09-18,fire_24463172_2020-09-16_2020-09-18,2,4.0,898,897,0,0,0,0,0,0,0,0,0
fire_24463172,2020-09-17,fire_24463172_2020-09-17_2020-09-19,0,2.0,959,407,0,0,0,0,0,0,0,0,0
fire_24463172,2020-09-18,fire_24463172_2020-09-17_2020-09-19,1,3.0,898,610,0,0,0,0,0,0,0,0,0
fire_24463172,2020-09-19,fire_24463172_2020-09-17_2020-09-19,2,4.0,793,775,21,0,21,0,0,21,0,0,0
fire_24463172,2020-09-18,fire_24463172_2020-09-18_2020-09-22,0,2.0,898,363,0,0,0,0,0,0,0,0,0
fire_24463172,2020-09-19,fire_24463172_2020-09-18_2020-09-22,1,3.0,793,493,21,0,21,0,0,21,0,0,0
fire_24463172,2020-09-22,fire_24463172_2020-09-18_2020-09-22,2,4.0,540,474,16,21,14,2,19,16,0,15,4
fire_24463188,2020-09-08,fire_24463188_2020-09-08_2020-09-10,0,2.0,1821,727,0,0,0,0,0,0,0,0,0
fire_24463188,2020-09-09,fire_24463188_2020-09-08_2020-09-10,1,3.0,2102,1381,0,0,0,0,0,0,0,0,0
fire_24463188,2020-09-10,fire_24463188_2020-09-08_2020-09-10,2,4.0,1384,1318,0,0,0,0,0,0,0,0,0
fire_24463188,2020-09-09,fire_24463188_2020-09-09_2020-09-12,0,2.0,2102,746,0,0,0,0,0,0,0,0,0
fire_24463188,2020-09-10,fire_24463188_2020-09-09_2020-09-12,1,3.0,1384,846,0,0,0,0,0,0,0,0,0
fire_24463188,2020-09-12,fire_24463188_2020-09-09_2020-09-12,2,4.0,462,396,0,0,0,0,0,0,0,0,0
fire_24463211,2020-09-06,fire_24463211_2020-09-06_2020-09-08,0,2.0,1193,522,106,0,106,0,0,106,0,0,0
fire_24463211,2020-09-07,fire_24463211_2020-09-06_2020-09-08,1,3.0,1222,882,113,106,94,19,87,113,0,21,66
fire_24463211,2020-09-08,fire_24463211_2020-09-06_2020-09-08,2,4.0,470,444,0,113,0,0,113,0,0,51,62
fire_24463227,2020-09-06,fire_24463227_2020-09-06_2020-09-08,0,2.0,733,273,25,0,25,0,0,25,0,0,0
fire_24463227,2020-09-07,fire_24463227_2020-09-06_2020-09-08,1,3.0,1347,963,12,25,12,0,25,12,0,3,22
fire_24463227,2020-09-08,fire_24463227_2020-09-06_2020-09-08,2,4.0,526,518,0,12,0,0,12,0,0,9,3
fire_24604435,2020-10-05,fire_24604435_2020-10-05_2020-10-07,0,2.0,7768,3809,50,0,50,0,0,50,0,0,0
fire_24604435,2020-10-06,fire_24604435_2020-10-05_2020-10-07,1,3.0,8479,6206,50,50,49,1,49,50,0,14,35
fire_24604435,2020-10-07,fire_24604435_2020-10-05_2020-10-07,2,4.0,8191,8191,1,50,1,0,50,1,0,16,34
fire_24604435,2020-10-06,fire_24604435_2020-10-06_2020-10-08,0,2.0,8479,3917,50,0,50,0,0,50,0,0,0
fire_24604435,2020-10-07,fire_24604435_2020-10-06_2020-10-08,1,3.0,8191,6046,1,50,1,0,50,1,0,16,34
fire_24604435,2020-10-08,fire_24604435_2020-10-06_2020-10-08,2,4.0,8742,8722,11,1,11,0,1,11,0,0,1
fire_24604435,2020-10-07,fire_24604435_2020-10-07_2020-10-09,0,2.0,8191,3753,1,0,1,0,0,1,0,0,0
fire_24604435,2020-10-08,fire_24604435_2020-10-07_2020-10-09,1,3.0,8742,6445,11,1,11,0,1,11,0,0,1
fire_24604435,2020-10-09,fire_24604435_2020-10-07_2020-10-09,2,4.0,7878,7845,4,11,4,0,11,4,0,3,8
fire_24604435,2020-10-08,fire_24604435_2020-10-08_2020-10-10,0,2.0,8742,4107,11,0,11,0,0,11,0,0,0
fire_24604435,2020-10-09,fire_24604435_2020-10-08_2020-10-10,1,3.0,7878,5766,4,11,4,0,11,4,0,3,8
fire_24604435,2020-10-10,fire_24604435_2020-10-08_2020-10-10,2,4.0,6727,6685,44,4,44,0,4,44,0,0,4
fire_24604435,2020-10-09,fire_24604435_2020-10-09_2020-10-11,0,2.0,7878,3637,4,0,4,0,0,4,0,0,0
fire_24604435,2020-10-10,fire_24604435_2020-10-09_2020-10-11,1,3.0,6727,4629,44,4,44,0,4,44,0,4,0
fire_24604435,2020-10-11,fire_24604435_2020-10-09_2020-10-11,2,4.0,4702,4655,18,44,1,17,27,18,0,0,27
fire_24604435,2020-10-10,fire_24604435_2020-10-10_2020-10-12,0,2.0,6727,2690,44,0,44,0,0,44,0,0,0
fire_24604435,2020-10-11,fire_24604435_2020-10-10_2020-10-12,1,3.0,4702,3106,18,44,1,17,27,18,0,0,27
fire_24604435,2020-10-12,fire_24604435_2020-10-10_2020-10-12,2,4.0,3852,3852,19,18,19,0,18,19,0,3,15
fire_24604435,2020-10-11,fire_24604435_2020-10-11_2020-10-13,0,2.0,4702,1726,18,0,18,0,0,18,0,0,0
fire_24604435,2020-10-12,fire_24604435_2020-10-11_2020-10-13,1,3.0,3852,2555,19,18,19,0,18,19,0,3,15
fire_24604435,2020-10-13,fire_24604435_2020-10-11_2020-10-13,2,4.0,5999,5999,156,19,152,4,15,156,0,8,7
fire_24604435,2020-10-12,fire_24604435_2020-10-12_2020-10-14,0,2.0,3852,1432,19,0,19,0,0,19,0,0,0
fire_24604435,2020-10-13,fire_24604435_2020-10-12_2020-10-14,1,3.0,5999,4318,156,19,152,4,15,156,0,8,7
fire_24604435,2020-10-14,fire_24604435_2020-10-12_2020-10-14,2,4.0,7700,7700,123,156,89,34,122,123,0,59,63
fire_24604435,2020-10-13,fire_24604435_2020-10-13_2020-10-15,0,2.0,5999,2601,156,0,156,0,0,156,0,0,0
fire_24604435,2020-10-14,fire_24604435_2020-10-13_2020-10-15,1,3.0,7700,5470,123,156,89,34,122,123,0,59,63
fire_24604435,2020-10-15,fire_24604435_2020-10-13_2020-10-15,2,4.0,6352,6352,0,123,0,0,123,0,0,43,80
fire_24604435,2020-10-14,fire_24604435_2020-10-14_2020-10-16,0,2.0,7700,3343,123,0,123,0,0,123,0,0,0
fire_24604435,2020-10-15,fire_24604435_2020-10-14_2020-10-16,1,3.0,6352,4536,0,123,0,0,123,0,0,43,80
fire_24604435,2020-10-16,fire_24604435_2020-10-14_2020-10-16,2,4.0,5861,5850,0,0,0,0,0,0,0,0,0
fire_24604435,2020-10-15,fire_24604435_2020-10-15_2020-10-17,0,2.0,6352,2745,0,0,0,0,0,0,0,0,0
fire_24604435,2020-10-16,fire_24604435_2020-10-15_2020-10-17,1,3.0,5861,4081,0,0,0,0,0,0,0,0,0
fire_24604435,2020-10-17,fire_24604435_2020-10-15_2020-10-17,2,4.0,5608,5603,16,0,16,0,0,16,0,0,0
fire_24604435,2020-10-16,fire_24604435_2020-10-16_2020-10-18,0,2.0,5861,2444,0,0,0,0,0,0,0,0,0
fire_24604435,2020-10-17,fire_24604435_2020-10-16_2020-10-18,1,3.0,5608,3871,16,0,16,0,0,16,0,0,0
fire_24604435,2020-10-18,fire_24604435_2020-10-16_2020-10-18,2,4.0,5706,5706,49,16,46,3,13,49,0,12,1
fire_24604435,2020-10-17,fire_24604435_2020-10-17_2020-10-19,0,2.0,5608,2236,16,0,16,0,0,16,0,0,0
fire_24604435,2020-10-18,fire_24604435_2020-10-17_2020-10-19,1,3.0,5706,3982,49,16,46,3,13,49,0,12,1
fire_24604435,2020-10-19,fire_24604435_2020-10-17_2020-10-19,2,4.0,6472,6472,26,49,24,2,47,26,0,25,22
fire_24604435,2020-10-18,fire_24604435_2020-10-18_2020-10-20,0,2.0,5706,2438,49,0,49,0,0,49,0,0,0
fire_24604435,2020-10-19,fire_24604435_2020-10-18_2020-10-20,1,3.0,6472,4556,26,49,24,2,47,26,0,27,20
fire_24604435,2020-10-20,fire_24604435_2020-10-18_2020-10-20,2,4.0,6480,6480,40,26,37,3,23,40,0,11,12
fire_24604435,2020-10-19,fire_24604435_2020-10-19_2020-10-21,0,2.0,6472,2800,26,0,26,0,0,26,0,0,0
fire_24604435,2020-10-20,fire_24604435_2020-10-19_2020-10-21,1,3.0,6480,4605,40,26,37,3,23,40,0,15,8
fire_24604435,2020-10-21,fire_24604435_2020-10-19_2020-10-21,2,4.0,4927,4927,2,40,2,0,40,2,0,21,19
fire_24604435,2020-10-20,fire_24604435_2020-10-20_2020-10-22,0,2.0,6480,2857,40,0,40,0,0,40,0,0,0
fire_24604435,2020-10-21,fire_24604435_2020-10-20_2020-10-22,1,3.0,4927,3530,2,40,2,0,40,2,0,22,18
fire_24604435,2020-10-22,fire_24604435_2020-10-20_2020-10-22,2,4.0,4325,4325,18,2,18,0,2,18,0,2,0
fire_24604435,2020-10-21,fire_24604435_2020-10-21_2020-10-23,0,2.0,4927,2191,2,0,2,0,0,2,0,0,0
fire_24604435,2020-10-22,fire_24604435_2020-10-21_2020-10-23,1,3.0,4325,3026,18,2,18,0,2,18,0,2,0
fire_24604435,2020-10-23,fire_24604435_2020-10-21_2020-10-23,2,4.0,3449,3449,4,18,4,0,18,4,0,12,6
fire_24604435,2020-10-22,fire_24604435_2020-10-22_2020-10-24,0,2.0,4325,1868,18,0,18,0,0,18,0,0,0
fire_24604435,2020-10-23,fire_24604435_2020-10-22_2020-10-24,1,3.0,3449,2446,4,18,4,0,18,4,0,12,6
fire_24604435,2020-10-24,fire_24604435_2020-10-22_2020-10-24,2,4.0,4337,4337,3,4,3,0,4,3,0,1,3
fire_24604435,2020-10-23,fire_24604435_2020-10-23_2020-10-25,0,2.0,3449,1562,4,0,4,0,0,4,0,0,0
fire_24604435,2020-10-24,fire_24604435_2020-10-23_2020-10-25,1,3.0,4337,3090,3,4,3,0,4,3,0,1,3
fire_24604435,2020-10-25,fire_24604435_2020-10-23_2020-10-25,2,4.0,5171,5171,82,3,82,0,3,82,0,1,2
fire_24604456,2020-10-16,fire_24604456_2020-10-16_2020-10-18,0,2.0,541,178,31,0,31,0,0,31,0,0,0
fire_24604456,2020-10-17,fire_24604456_2020-10-16_2020-10-18,1,3.0,1014,700,0,31,0,0,31,0,0,18,13
fire_24604456,2020-10-18,fire_24604456_2020-10-16_2020-10-18,2,4.0,1149,1149,83,0,83,0,0,83,0,0,0
fire_24604456,2020-10-17,fire_24604456_2020-10-17_2020-10-19,0,2.0,1014,434,0,0,0,0,0,0,0,0,0
fire_24604456,2020-10-18,fire_24604456_2020-10-17_2020-10-19,1,3.0,1149,822,83,0,83,0,0,83,0,0,0
fire_24604456,2020-10-19,fire_24604456_2020-10-17_2020-10-19,2,4.0,626,626,32,83,21,11,72,32,0,13,59
fire_24604456,2020-10-18,fire_24604456_2020-10-18_2020-10-20,0,2.0,1149,522,83,0,83,0,0,83,0,0,0
fire_24604456,2020-10-19,fire_24604456_2020-10-18_2020-10-20,1,3.0,626,404,32,83,21,11,72,32,0,22,50
fire_24604456,2020-10-20,fire_24604456_2020-10-18_2020-10-20,2,4.0,645,645,46,32,43,3,29,46,0,12,17
fire_24604456,2020-10-19,fire_24604456_2020-10-19_2020-10-21,0,2.0,626,223,32,0,32,0,0,32,0,0,0
fire_24604456,2020-10-20,fire_24604456_2020-10-19_2020-10-21,1,3.0,645,419,46,32,43,3,29,46,0,12,17
fire_24604456,2020-10-21,fire_24604456_2020-10-19_2020-10-21,2,4.0,568,568,42,46,22,20,26,42,0,7,19
fire_24604456,2020-10-20,fire_24604456_2020-10-20_2020-10-22,0,2.0,645,235,46,0,46,0,0,46,0,0,0
fire_24604456,2020-10-21,fire_24604456_2020-10-20_2020-10-22,1,3.0,568,357,42,46,22,20,26,42,0,7,19
fire_24604456,2020-10-22,fire_24604456_2020-10-20_2020-10-22,2,4.0,515,509,18,42,6,12,30,18,0,3,27
fire_24604456,2020-10-21,fire_24604456_2020-10-21_2020-10-26,0,2.0,568,194,42,0,42,0,0,42,0,0,0
fire_24604456,2020-10-22,fire_24604456_2020-10-21_2020-10-26,1,3.0,515,313,18,42,6,12,30,18,0,3,27
fire_24604456,2020-10-26,fire_24604456_2020-10-21_2020-10-26,2,4.0,719,653,0,18,0,0,18,0,0,18,0
fire_24604462,2020-10-27,fire_24604462_2020-10-27_2020-10-29,0,2.0,3194,1183,0,0,0,0,0,0,0,0,0
fire_24604462,2020-10-28,fire_24604462_2020-10-27_2020-10-29,1,3.0,4425,3027,0,0,0,0,0,0,0,0,0
fire_24604462,2020-10-29,fire_24604462_2020-10-27_2020-10-29,2,4.0,1558,1492,0,0,0,0,0,0,0,0,0
fire_24604462,2020-10-28,fire_24604462_2020-10-28_2020-10-30,0,2.0,4425,1853,0,0,0,0,0,0,0,0,0
fire_24604462,2020-10-29,fire_24604462_2020-10-28_2020-10-30,1,3.0,1558,878,0,0,0,0,0,0,0,0,0
fire_24604462,2020-10-30,fire_24604462_2020-10-28_2020-10-30,2,4.0,3122,3056,0,0,0,0,0,0,0,0,0
fire_24604462,2020-10-29,fire_24604462_2020-10-29_2020-10-31,0,2.0,1558,430,0,0,0,0,0,0,0,0,0
fire_24604462,2020-10-30,fire_24604462_2020-10-29_2020-10-31,1,3.0,3122,1774,0,0,0,0,0,0,0,0,0
fire_24604462,2020-10-31,fire_24604462_2020-10-29_2020-10-31,2,4.0,3073,3007,0,0,0,0,0,0,0,0,0
fire_24604462,2020-10-30,fire_24604462_2020-10-30_2020-11-01,0,2.0,3122,852,0,0,0,0,0,0,0,0,0
fire_24604462,2020-10-31,fire_24604462_2020-10-30_2020-11-01,1,3.0,3073,1769,0,0,0,0,0,0,0,0,0
fire_24604462,2020-11-01,fire_24604462_2020-10-30_2020-11-01,2,4.0,1927,1861,0,0,0,0,0,0,0,0,0
fire_24604462,2020-10-31,fire_24604462_2020-10-31_2020-11-02,0,2.0,3073,849,0,0,0,0,0,0,0,0,0
fire_24604462,2020-11-01,fire_24604462_2020-10-31_2020-11-02,1,3.0,1927,1085,0,0,0,0,0,0,0,0,0
fire_24604462,2020-11-02,fire_24604462_2020-10-31_2020-11-02,2,4.0,1538,1472,0,0,0,0,0,0,0,0,0
fire_24604463,2020-10-27,fire_24604463_2020-10-27_2020-10-29,0,2.0,2183,857,0,0,0,0,0,0,0,0,0
fire_24604463,2020-10-28,fire_24604463_2020-10-27_2020-10-29,1,3.0,4308,2952,0,0,0,0,0,0,0,0,0
fire_24604463,2020-10-29,fire_24604463_2020-10-27_2020-10-29,2,4.0,1047,983,0,0,0,0,0,0,0,0,0
fire_24604463,2020-10-28,fire_24604463_2020-10-28_2020-10-30,0,2.0,4308,1811,0,0,0,0,0,0,0,0,0
fire_24604463,2020-10-29,fire_24604463_2020-10-28_2020-10-30,1,3.0,1047,581,0,0,0,0,0,0,0,0,0
fire_24604463,2020-10-30,fire_24604463_2020-10-28_2020-10-30,2,4.0,2811,2745,0,0,0,0,0,0,0,0,0
fire_24604463,2020-10-29,fire_24604463_2020-10-29_2020-10-31,0,2.0,1047,280,0,0,0,0,0,0,0,0,0
fire_24604463,2020-10-30,fire_24604463_2020-10-29_2020-10-31,1,3.0,2811,1591,0,0,0,0,0,0,0,0,0
fire_24604463,2020-10-31,fire_24604463_2020-10-29_2020-10-31,2,4.0,2755,2689,0,0,0,0,0,0,0,0,0
fire_24604463,2020-10-30,fire_24604463_2020-10-30_2020-11-01,0,2.0,2811,756,0,0,0,0,0,0,0,0,0
fire_24604463,2020-10-31,fire_24604463_2020-10-30_2020-11-01,1,3.0,2755,1580,0,0,0,0,0,0,0,0,0
fire_24604463,2020-11-01,fire_24604463_2020-10-30_2020-11-01,2,4.0,1452,1386,0,0,0,0,0,0,0,0,0
fire_24604463,2020-10-31,fire_24604463_2020-10-31_2020-11-02,0,2.0,2755,753,0,0,0,0,0,0,0,0,0
fire_24604463,2020-11-01,fire_24604463_2020-10-31_2020-11-02,1,3.0,1452,798,0,0,0,0,0,0,0,0,0
fire_24604463,2020-11-02,fire_24604463_2020-10-31_2020-11-02,2,4.0,1218,1152,0,0,0,0,0,0,0,0,0
fire_24604676,2020-10-31,fire_24604676_2020-10-31_2020-11-02,0,2.0,566,171,0,0,0,0,0,0,0,0,0
fire_24604676,2020-11-01,fire_24604676_2020-10-31_2020-11-02,1,3.0,818,555,0,0,0,0,0,0,0,0,0
fire_24604676,2020-11-02,fire_24604676_2020-10-31_2020-11-02,2,4.0,442,442,0,0,0,0,0,0,0,0,0
fire_24604676,2020-11-01,fire_24604676_2020-11-01_2020-11-03,0,2.0,818,330,0,0,0,0,0,0,0,0,0
fire_24604676,2020-11-02,fire_24604676_2020-11-01_2020-11-03,1,3.0,442,262,0,0,0,0,0,0,0,0,0
fire_24604676,2020-11-03,fire_24604676_2020-11-01_2020-11-03,2,4.0,396,396,0,0,0,0,0,0,0,0,0
fire_24604676,2020-11-02,fire_24604676_2020-11-02_2020-11-04,0,2.0,442,130,0,0,0,0,0,0,0,0,0
fire_24604676,2020-11-03,fire_24604676_2020-11-02_2020-11-04,1,3.0,396,228,0,0,0,0,0,0,0,0,0
fire_24604676,2020-11-04,fire_24604676_2020-11-02_2020-11-04,2,4.0,462,396,0,0,0,0,0,0,0,0,0
fire_24604754,2020-10-09,fire_24604754_2020-10-09_2020-10-11,0,2.0,4419,1885,5,0,5,0,0,5,0,0,0
fire_24604754,2020-10-10,fire_24604754_2020-10-09_2020-10-11,1,3.0,2810,1770,0,5,0,0,5,0,0,5,0
fire_24604754,2020-10-11,fire_24604754_2020-10-09_2020-10-11,2,4.0,2390,2324,0,0,0,0,0,0,0,0,0
fire_24604754,2020-10-10,fire_24604754_2020-10-10_2020-10-12,0,2.0,2810,973,0,0,0,0,0,0,0,0,0
fire_24604754,2020-10-11,fire_24604754_2020-10-10_2020-10-12,1,3.0,2390,1499,0,0,0,0,0,0,0,0,0
fire_24604754,2020-10-12,fire_24604754_2020-10-10_2020-10-12,2,4.0,3649,3583,0,0,0,0,0,0,0,0,0
fire_24604754,2020-10-11,fire_24604754_2020-10-11_2020-10-13,0,2.0,2390,816,0,0,0,0,0,0,0,0,0
fire_24604754,2020-10-12,fire_24604754_2020-10-11_2020-10-13,1,3.0,3649,2503,0,0,0,0,0,0,0,0,0
fire_24604754,2020-10-13,fire_24604754_2020-10-11_2020-10-13,2,4.0,497,431,0,0,0,0,0,0,0,0,0
fire_24604754,2020-10-12,fire_24604754_2020-10-12_2020-10-14,0,2.0,3649,1505,0,0,0,0,0,0,0,0,0
fire_24604754,2020-10-13,fire_24604754_2020-10-12_2020-10-14,1,3.0,497,255,0,0,0,0,0,0,0,0,0
fire_24604754,2020-10-14,fire_24604754_2020-10-12_2020-10-14,2,4.0,662,596,0,0,0,0,0,0,0,0,0
fire_24604754,2020-10-13,fire_24604754_2020-10-13_2020-10-15,0,2.0,497,125,0,0,0,0,0,0,0,0,0
fire_24604754,2020-10-14,fire_24604754_2020-10-13_2020-10-15,1,3.0,662,378,0,0,0,0,0,0,0,0,0
fire_24604754,2020-10-15,fire_24604754_2020-10-13_2020-10-15,2,4.0,5416,5416,108,0,108,0,0,108,0,0,0
fire_24604754,2020-10-14,fire_24604754_2020-10-14_2020-10-16,0,2.0,662,207,0,0,0,0,0,0,0,0,0
fire_24604754,2020-10-15,fire_24604754_2020-10-14_2020-10-16,1,3.0,5416,4057,108,0,108,0,0,108,0,0,0
fire_24604754,2020-10-16,fire_24604754_2020-10-14_2020-10-16,2,4.0,2795,2795,11,108,9,2,106,11,0,34,72
fire_24604754,2020-10-15,fire_24604754_2020-10-15_2020-10-17,0,2.0,5416,2681,108,0,108,0,0,108,0,0,0
fire_24604754,2020-10-16,fire_24604754_2020-10-15_2020-10-17,1,3.0,2795,2032,11,108,9,2,106,11,0,39,67
fire_24604754,2020-10-17,fire_24604754_2020-10-15_2020-10-17,2,4.0,3148,3148,6,11,6,0,11,6,0,1,10
fire_24604754,2020-10-16,fire_24604754_2020-10-16_2020-10-18,0,2.0,2795,1262,11,0,11,0,0,11,0,0,0
fire_24604754,2020-10-17,fire_24604754_2020-10-16_2020-10-18,1,3.0,3148,2385,6,11,6,0,11,6,0,1,10
fire_24604754,2020-10-18,fire_24604754_2020-10-16_2020-10-18,2,4.0,5826,5826,27,6,27,0,6,27,0,0,6
fire_24604754,2020-10-17,fire_24604754_2020-10-17_2020-10-19,0,2.0,3148,1560,6,0,6,0,0,6,0,0,0
fire_24604754,2020-10-18,fire_24604754_2020-10-17_2020-10-19,1,3.0,5826,4259,27,6,27,0,6,27,0,0,6
fire_24604754,2020-10-19,fire_24604754_2020-10-17_2020-10-19,2,4.0,2520,2454,12,27,12,0,27,12,0,0,27
fire_24604777,2020-10-17,fire_24604777_2020-10-17_2020-10-19,0,2.0,462,108,0,0,0,0,0,0,0,0,0
fire_24604777,2020-10-18,fire_24604777_2020-10-17_2020-10-19,1,3.0,499,307,19,0,19,0,0,19,0,0,0
fire_24604777,2020-10-19,fire_24604777_2020-10-17_2020-10-19,2,4.0,834,834,48,19,46,2,17,48,0,4,13
fire_24604777,2020-10-18,fire_24604777_2020-10-18_2020-10-20,0,2.0,499,158,19,0,19,0,0,19,0,0,0
fire_24604777,2020-10-19,fire_24604777_2020-10-18_2020-10-20,1,3.0,834,559,48,19,46,2,17,48,0,4,13
fire_24604777,2020-10-20,fire_24604777_2020-10-18_2020-10-20,2,4.0,434,416,0,48,0,0,48,0,0,13,35
fire_24604777,2020-10-19,fire_24604777_2020-10-19_2020-10-21,0,2.0,834,329,48,0,48,0,0,48,0,0,0
fire_24604777,2020-10-20,fire_24604777_2020-10-19_2020-10-21,1,3.0,434,244,0,48,0,0,48,0,0,23,25
fire_24604777,2020-10-21,fire_24604777_2020-10-19_2020-10-21,2,4.0,510,444,3,0,3,0,0,3,0,0,0
fire_24604783,2020-10-22,fire_24604783_2020-10-22_2020-10-24,0,2.0,4675,2141,8,0,8,0,0,8,0,0,0
fire_24604783,2020-10-23,fire_24604783_2020-10-22_2020-10-24,1,3.0,7577,5987,11,8,11,0,8,11,0,0,8
fire_24604783,2020-10-24,fire_24604783_2020-10-22_2020-10-24,2,4.0,6939,6874,0,11,0,0,11,0,0,0,11
fire_24604783,2020-10-23,fire_24604783_2020-10-23_2020-10-25,0,2.0,7577,4437,11,0,11,0,0,11,0,0,0
fire_24604783,2020-10-24,fire_24604783_2020-10-23_2020-10-25,1,3.0,6939,5016,0,11,0,0,11,0,0,0,11
fire_24604783,2020-10-25,fire_24604783_2020-10-23_2020-10-25,2,4.0,8122,8056,0,0,0,0,0,0,0,0,0
fire_24604783,2020-10-24,fire_24604783_2020-10-24_2020-11-07,0,2.0,6939,3076,0,0,0,0,0,0,0,0,0
fire_24604783,2020-10-25,fire_24604783_2020-10-24_2020-11-07,1,3.0,8122,5544,0,0,0,0,0,0,0,0,0
fire_24604783,2020-11-07,fire_24604783_2020-10-24_2020-11-07,2,4.0,442,376,0,0,0,0,0,0,0,0,0
fire_24604832,2020-10-29,fire_24604832_2020-10-29_2020-10-31,0,2.0,477,115,0,0,0,0,0,0,0,0,0
fire_24604832,2020-10-30,fire_24604832_2020-10-29_2020-10-31,1,3.0,462,228,0,0,0,0,0,0,0,0,0
fire_24604832,2020-10-31,fire_24604832_2020-10-29_2020-10-31,2,4.0,462,396,0,0,0,0,0,0,0,0,0
fire_24604832,2020-10-30,fire_24604832_2020-10-30_2020-11-02,0,2.0,462,108,0,0,0,0,0,0,0,0,0
fire_24604832,2020-10-31,fire_24604832_2020-10-30_2020-11-02,1,3.0,462,228,0,0,0,0,0,0,0,0,0
fire_24604832,2020-11-02,fire_24604832_2020-10-30_2020-11-02,2,4.0,462,396,0,0,0,0,0,0,0,0,0
fire_24604832,2020-10-31,fire_24604832_2020-10-31_2020-11-03,0,2.0,462,108,0,0,0,0,0,0,0,0,0
fire_24604832,2020-11-02,fire_24604832_2020-10-31_2020-11-03,1,3.0,462,228,0,0,0,0,0,0,0,0,0
fire_24604832,2020-11-03,fire_24604832_2020-10-31_2020-11-03,2,4.0,462,396,0,0,0,0,0,0,0,0,0
fire_24604848,2020-10-19,fire_24604848_2020-10-19_2020-10-21,0,2.0,1252,537,5,0,5,0,0,5,0,0,0
fire_24604848,2020-10-20,fire_24604848_2020-10-19_2020-10-21,1,3.0,1174,837,0,5,0,0,5,0,0,5,0
fire_24604848,2020-10-21,fire_24604848_2020-10-19_2020-10-21,2,4.0,1117,1117,12,0,12,0,0,12,0,0,0
fire_24604848,2020-10-20,fire_24604848_2020-10-20_2020-10-22,0,2.0,1174,533,0,0,0,0,0,0,0,0,0
fire_24604848,2020-10-21,fire_24604848_2020-10-20_2020-10-22,1,3.0,1117,800,12,0,12,0,0,12,0,0,0
fire_24604848,2020-10-22,fire_24604848_2020-10-20_2020-10-22,2,4.0,1323,1323,39,12,37,2,10,39,0,7,3
fire_24604848,2020-10-21,fire_24604848_2020-10-21_2020-10-23,0,2.0,1117,526,12,0,12,0,0,12,0,0,0
fire_24604848,2020-10-22,fire_24604848_2020-10-21_2020-10-23,1,3.0,1323,970,39,12,37,2,10,39,0,7,3
fire_24604848,2020-10-23,fire_24604848_2020-10-21_2020-10-23,2,4.0,1418,1418,30,39,30,0,39,30,0,12,27
fire_24604848,2020-10-22,fire_24604848_2020-10-22_2020-10-24,0,2.0,1323,663,39,0,39,0,0,39,0,0,0
fire_24604848,2020-10-23,fire_24604848_2020-10-22_2020-10-24,1,3.0,1418,1047,30,39,30,0,39,30,0,12,27
fire_24604848,2020-10-24,fire_24604848_2020-10-22_2020-10-24,2,4.0,1247,1247,26,30,22,4,26,26,0,7,19
fire_24604848,2020-10-23,fire_24604848_2020-10-23_2020-10-25,0,2.0,1418,717,30,0,30,0,0,30,0,0,0
fire_24604848,2020-10-24,fire_24604848_2020-10-23_2020-10-25,1,3.0,1247,873,26,30,22,4,26,26,0,7,19
fire_24604848,2020-10-25,fire_24604848_2020-10-23_2020-10-25,2,4.0,1339,1309,16,26,16,0,26,16,0,7,19
fire_24695413,2020-11-12,fire_24695413_2020-11-12_2020-11-15,0,2.0,462,108,0,0,0,0,0,0,0,0,0
fire_24695413,2020-11-13,fire_24695413_2020-11-12_2020-11-15,1,3.0,3164,1916,0,0,0,0,0,0,0,0,0
fire_24695413,2020-11-15,fire_24695413_2020-11-12_2020-11-15,2,4.0,1319,1253,0,0,0,0,0,0,0,0,0
fire_24695413,2020-11-13,fire_24695413_2020-11-13_2020-11-16,0,2.0,3164,959,0,0,0,0,0,0,0,0,0
fire_24695413,2020-11-15,fire_24695413_2020-11-13_2020-11-16,1,3.0,1319,733,0,0,0,0,0,0,0,0,0
fire_24695413,2020-11-16,fire_24695413_2020-11-13_2020-11-16,2,4.0,1658,1592,0,0,0,0,0,0,0,0,0
fire_24695413,2020-11-15,fire_24695413_2020-11-15_2020-11-17,0,2.0,1319,355,0,0,0,0,0,0,0,0,0
fire_24695413,2020-11-16,fire_24695413_2020-11-15_2020-11-17,1,3.0,1658,950,0,0,0,0,0,0,0,0,0
fire_24695413,2020-11-17,fire_24695413_2020-11-15_2020-11-17,2,4.0,1329,1263,0,0,0,0,0,0,0,0,0
fire_24695413,2020-11-16,fire_24695413_2020-11-16_2020-11-20,0,2.0,1658,470,0,0,0,0,0,0,0,0,0
fire_24695413,2020-11-17,fire_24695413_2020-11-16_2020-11-20,1,3.0,1329,743,0,0,0,0,0,0,0,0,0
fire_24695413,2020-11-20,fire_24695413_2020-11-16_2020-11-20,2,4.0,2881,2832,0,0,0,0,0,0,0,0,0
fire_24695413,2020-11-17,fire_24695413_2020-11-17_2020-11-21,0,2.0,1329,361,0,0,0,0,0,0,0,0,0
fire_24695413,2020-11-20,fire_24695413_2020-11-17_2020-11-21,1,3.0,2881,1644,0,0,0,0,0,0,0,0,0
fire_24695413,2020-11-21,fire_24695413_2020-11-17_2020-11-21,2,4.0,858,792,0,0,0,0,0,0,0,0,0
fire_24695413,2020-11-20,fire_24695413_2020-11-20_2020-11-22,0,2.0,2881,786,0,0,0,0,0,0,0,0,0
fire_24695413,2020-11-21,fire_24695413_2020-11-20_2020-11-22,1,3.0,858,456,0,0,0,0,0,0,0,0,0
fire_24695413,2020-11-22,fire_24695413_2020-11-20_2020-11-22,2,4.0,898,832,0,0,0,0,0,0,0,0,0
fire_24695413,2020-11-21,fire_24695413_2020-11-21_2020-11-24,0,2.0,858,216,0,0,0,0,0,0,0,0,0
fire_24695413,2020-11-22,fire_24695413_2020-11-21_2020-11-24,1,3.0,898,488,0,0,0,0,0,0,0,0,0
fire_24695413,2020-11-24,fire_24695413_2020-11-21_2020-11-24,2,4.0,3095,3029,0,0,0,0,0,0,0,0,0
fire_24695413,2020-11-22,fire_24695413_2020-11-22_2020-11-25,0,2.0,898,236,0,0,0,0,0,0,0,0,0
fire_24695413,2020-11-24,fire_24695413_2020-11-22_2020-11-25,1,3.0,3095,1866,0,0,0,0,0,0,0,0,0
fire_24695413,2020-11-25,fire_24695413_2020-11-22_2020-11-25,2,4.0,1895,1829,0,0,0,0,0,0,0,0,0
fire_24695413,2020-11-24,fire_24695413_2020-11-24_2020-11-26,0,2.0,3095,951,0,0,0,0,0,0,0,0,0
fire_24695413,2020-11-25,fire_24695413_2020-11-24_2020-11-26,1,3.0,1895,1133,0,0,0,0,0,0,0,0,0
fire_24695413,2020-11-26,fire_24695413_2020-11-24_2020-11-26,2,4.0,2746,2680,0,0,0,0,0,0,0,0,0
fire_24695413,2020-11-25,fire_24695413_2020-11-25_2020-11-27,0,2.0,1895,596,0,0,0,0,0,0,0,0,0
fire_24695413,2020-11-26,fire_24695413_2020-11-25_2020-11-27,1,3.0,2746,1637,0,0,0,0,0,0,0,0,0
fire_24695413,2020-11-27,fire_24695413_2020-11-25_2020-11-27,2,4.0,532,466,0,0,0,0,0,0,0,0,0
fire_24695413,2020-11-26,fire_24695413_2020-11-26_2020-11-28,0,2.0,2746,813,0,0,0,0,0,0,0,0,0
fire_24695413,2020-11-27,fire_24695413_2020-11-26_2020-11-28,1,3.0,532,282,0,0,0,0,0,0,0,0,0
fire_24695413,2020-11-28,fire_24695413_2020-11-26_2020-11-28,2,4.0,2893,2827,0,0,0,0,0,0,0,0,0
fire_24695413,2020-11-27,fire_24695413_2020-11-27_2020-11-29,0,2.0,532,142,0,0,0,0,0,0,0,0,0
fire_24695413,2020-11-28,fire_24695413_2020-11-27_2020-11-29,1,3.0,2893,1675,0,0,0,0,0,0,0,0,0
fire_24695413,2020-11-29,fire_24695413_2020-11-27_2020-11-29,2,4.0,2589,2523,0,0,0,0,0,0,0,0,0
fire_24695413,2020-11-28,fire_24695413_2020-11-28_2020-11-30,0,2.0,2893,827,0,0,0,0,0,0,0,0,0
fire_24695413,2020-11-29,fire_24695413_2020-11-28_2020-11-30,1,3.0,2589,1489,0,0,0,0,0,0,0,0,0
fire_24695413,2020-11-30,fire_24695413_2020-11-28_2020-11-30,2,4.0,1112,1046,0,0,0,0,0,0,0,0,0
fire_24695430,2020-11-21,fire_24695430_2020-11-21_2020-11-23,0,2.0,2971,979,0,0,0,0,0,0,0,0,0
fire_24695430,2020-11-22,fire_24695430_2020-11-21_2020-11-23,1,3.0,3127,1829,0,0,0,0,0,0,0,0,0
fire_24695430,2020-11-23,fire_24695430_2020-11-21_2020-11-23,2,4.0,502,436,0,0,0,0,0,0,0,0,0
fire_24695430,2020-11-22,fire_24695430_2020-11-22_2020-11-24,0,2.0,3127,888,0,0,0,0,0,0,0,0,0
fire_24695430,2020-11-23,fire_24695430_2020-11-22_2020-11-24,1,3.0,502,260,0,0,0,0,0,0,0,0,0
fire_24695430,2020-11-24,fire_24695430_2020-11-22_2020-11-24,2,4.0,4206,4140,0,0,0,0,0,0,0,0,0
fire_24695430,2020-11-23,fire_24695430_2020-11-23_2020-11-25,0,2.0,502,128,0,0,0,0,0,0,0,0,0
fire_24695430,2020-11-24,fire_24695430_2020-11-23_2020-11-25,1,3.0,4206,2538,0,0,0,0,0,0,0,0,0
fire_24695430,2020-11-25,fire_24695430_2020-11-23_2020-11-25,2,4.0,5529,5469,0,0,0,0,0,0,0,0,0
fire_24695430,2020-11-24,fire_24695430_2020-11-24_2020-11-26,0,2.0,4206,1241,0,0,0,0,0,0,0,0,0
fire_24695430,2020-11-25,fire_24695430_2020-11-24_2020-11-26,1,3.0,5529,3366,0,0,0,0,0,0,0,0,0
fire_24695430,2020-11-26,fire_24695430_2020-11-24_2020-11-26,2,4.0,3261,3238,0,0,0,0,0,0,0,0,0
fire_24695430,2020-11-25,fire_24695430_2020-11-25_2020-11-27,0,2.0,5529,1715,0,0,0,0,0,0,0,0,0
fire_24695430,2020-11-26,fire_24695430_2020-11-25_2020-11-27,1,3.0,3261,1998,0,0,0,0,0,0,0,0,0
fire_24695430,2020-11-27,fire_24695430_2020-11-25_2020-11-27,2,4.0,878,812,0,0,0,0,0,0,0,0,0
fire_24695430,2020-11-26,fire_24695430_2020-11-26_2020-11-28,0,2.0,3261,1014,0,0,0,0,0,0,0,0,0
fire_24695430,2020-11-27,fire_24695430_2020-11-26_2020-11-28,1,3.0,878,472,0,0,0,0,0,0,0,0,0
fire_24695430,2020-11-28,fire_24695430_2020-11-26_2020-11-28,2,4.0,4602,4551,0,0,0,0,0,0,0,0,0
fire_24695430,2020-11-27,fire_24695430_2020-11-27_2020-11-29,0,2.0,878,226,0,0,0,0,0,0,0,0,0
fire_24695430,2020-11-28,fire_24695430_2020-11-27_2020-11-29,1,3.0,4602,2717,0,0,0,0,0,0,0,0,0
fire_24695430,2020-11-29,fire_24695430_2020-11-27_2020-11-29,2,4.0,2995,2929,0,0,0,0,0,0,0,0,0
fire_24695430,2020-11-28,fire_24695430_2020-11-28_2020-11-30,0,2.0,4602,1320,0,0,0,0,0,0,0,0,0
fire_24695430,2020-11-29,fire_24695430_2020-11-28_2020-11-30,1,3.0,2995,1723,0,0,0,0,0,0,0,0,0
fire_24695430,2020-11-30,fire_24695430_2020-11-28_2020-11-30,2,4.0,482,416,0,0,0,0,0,0,0,0,0
fire_24695442,2020-11-21,fire_24695442_2020-11-21_2020-11-23,0,2.0,2813,927,0,0,0,0,0,0,0,0,0
fire_24695442,2020-11-22,fire_24695442_2020-11-21_2020-11-23,1,3.0,2366,1395,0,0,0,0,0,0,0,0,0
fire_24695442,2020-11-23,fire_24695442_2020-11-21_2020-11-23,2,4.0,502,436,0,0,0,0,0,0,0,0,0
fire_24695442,2020-11-22,fire_24695442_2020-11-22_2020-11-24,0,2.0,2366,684,0,0,0,0,0,0,0,0,0
fire_24695442,2020-11-23,fire_24695442_2020-11-22_2020-11-24,1,3.0,502,260,0,0,0,0,0,0,0,0,0
fire_24695442,2020-11-24,fire_24695442_2020-11-22_2020-11-24,2,4.0,2974,2908,0,0,0,0,0,0,0,0,0
fire_24695442,2020-11-23,fire_24695442_2020-11-23_2020-11-25,0,2.0,502,128,0,0,0,0,0,0,0,0,0
fire_24695442,2020-11-24,fire_24695442_2020-11-23_2020-11-25,1,3.0,2974,1769,0,0,0,0,0,0,0,0,0
fire_24695442,2020-11-25,fire_24695442_2020-11-23_2020-11-25,2,4.0,4884,4819,0,0,0,0,0,0,0,0,0
fire_24695442,2020-11-24,fire_24695442_2020-11-24_2020-11-26,0,2.0,2974,858,0,0,0,0,0,0,0,0,0
fire_24695442,2020-11-25,fire_24695442_2020-11-24_2020-11-26,1,3.0,4884,2976,0,0,0,0,0,0,0,0,0
fire_24695442,2020-11-26,fire_24695442_2020-11-24_2020-11-26,2,4.0,1972,1918,0,0,0,0,0,0,0,0,0
fire_24695442,2020-11-25,fire_24695442_2020-11-25_2020-11-27,0,2.0,4884,1518,0,0,0,0,0,0,0,0,0
fire_24695442,2020-11-26,fire_24695442_2020-11-25_2020-11-27,1,3.0,1972,1212,0,0,0,0,0,0,0,0,0
fire_24695442,2020-11-27,fire_24695442_2020-11-25_2020-11-27,2,4.0,878,812,0,0,0,0,0,0,0,0,0
fire_24695442,2020-11-26,fire_24695442_2020-11-26_2020-11-28,0,2.0,1972,644,0,0,0,0,0,0,0,0,0
fire_24695442,2020-11-27,fire_24695442_2020-11-26_2020-11-28,1,3.0,878,472,0,0,0,0,0,0,0,0,0
fire_24695442,2020-11-28,fire_24695442_2020-11-26_2020-11-28,2,4.0,4495,4429,0,0,0,0,0,0,0,0,0
fire_24695442,2020-11-27,fire_24695442_2020-11-27_2020-11-29,0,2.0,878,226,0,0,0,0,0,0,0,0,0
fire_24695442,2020-11-28,fire_24695442_2020-11-27_2020-11-29,1,3.0,4495,2727,0,0,0,0,0,0,0,0,0
fire_24695442,2020-11-29,fire_24695442_2020-11-27_2020-11-29,2,4.0,2604,2565,0,0,0,0,0,0,0,0,0
fire_24695442,2020-11-28,fire_24695442_2020-11-28_2020-11-30,0,2.0,4495,1360,0,0,0,0,0,0,0,0,0
fire_24695442,2020-11-29,fire_24695442_2020-11-28_2020-11-30,1,3.0,2604,1519,0,0,0,0,0,0,0,0,0
fire_24695442,2020-11-30,fire_24695442_2020-11-28_2020-11-30,2,4.0,482,416,0,0,0,0,0,0,0,0,0
fire_24695447,2020-11-20,fire_24695447_2020-11-20_2020-11-22,0,2.0,3618,1135,0,0,0,0,0,0,0,0,0
fire_24695447,2020-11-21,fire_24695447_2020-11-20_2020-11-22,1,3.0,3238,2001,0,0,0,0,0,0,0,0,0
fire_24695447,2020-11-22,fire_24695447_2020-11-20_2020-11-22,2,4.0,2683,2637,0,0,0,0,0,0,0,0,0
fire_24695447,2020-11-21,fire_24695447_2020-11-21_2020-11-23,0,2.0,3238,1076,0,0,0,0,0,0,0,0,0
fire_24695447,2020-11-22,fire_24695447_2020-11-21_2020-11-23,1,3.0,2683,1585,0,0,0,0,0,0,0,0,0
fire_24695447,2020-11-23,fire_24695447_2020-11-21_2020-11-23,2,4.0,502,436,0,0,0,0,0,0,0,0,0
fire_24695447,2020-11-22,fire_24695447_2020-11-22_2020-11-24,0,2.0,2683,770,0,0,0,0,0,0,0,0,0
fire_24695447,2020-11-23,fire_24695447_2020-11-22_2020-11-24,1,3.0,502,260,0,0,0,0,0,0,0,0,0
fire_24695447,2020-11-24,fire_24695447_2020-11-22_2020-11-24,2,4.0,3812,3746,0,0,0,0,0,0,0,0,0
fire_24695447,2020-11-23,fire_24695447_2020-11-23_2020-11-25,0,2.0,502,128,0,0,0,0,0,0,0,0,0
fire_24695447,2020-11-24,fire_24695447_2020-11-23_2020-11-25,1,3.0,3812,2269,0,0,0,0,0,0,0,0,0
fire_24695447,2020-11-25,fire_24695447_2020-11-23_2020-11-25,2,4.0,4801,4750,0,0,0,0,0,0,0,0,0
fire_24695447,2020-11-24,fire_24695447_2020-11-24_2020-11-26,0,2.0,3812,1116,0,0,0,0,0,0,0,0,0
fire_24695447,2020-11-25,fire_24695447_2020-11-24_2020-11-26,1,3.0,4801,2919,0,0,0,0,0,0,0,0,0
fire_24695447,2020-11-26,fire_24695447_2020-11-24_2020-11-26,2,4.0,2306,2264,0,0,0,0,0,0,0,0,0
fire_24695447,2020-11-25,fire_24695447_2020-11-25_2020-11-27,0,2.0,4801,1486,0,0,0,0,0,0,0,0,0
fire_24695447,2020-11-26,fire_24695447_2020-11-25_2020-11-27,1,3.0,2306,1412,0,0,0,0,0,0,0,0,0
fire_24695447,2020-11-27,fire_24695447_2020-11-25_2020-11-27,2,4.0,878,812,0,0,0,0,0,0,0,0,0
fire_24695447,2020-11-26,fire_24695447_2020-11-26_2020-11-28,0,2.0,2306,734,0,0,0,0,0,0,0,0,0
fire_24695447,2020-11-27,fire_24695447_2020-11-26_2020-11-28,1,3.0,878,472,0,0,0,0,0,0,0,0,0
fire_24695447,2020-11-28,fire_24695447_2020-11-26_2020-11-28,2,4.0,4484,4418,0,0,0,0,0,0,0,0,0
fire_24695447,2020-11-27,fire_24695447_2020-11-27_2020-11-29,0,2.0,878,226,0,0,0,0,0,0,0,0,0
fire_24695447,2020-11-28,fire_24695447_2020-11-27_2020-11-29,1,3.0,4484,2713,0,0,0,0,0,0,0,0,0
fire_24695447,2020-11-29,fire_24695447_2020-11-27_2020-11-29,2,4.0,2494,2441,0,0,0,0,0,0,0,0,0
fire_24695447,2020-11-28,fire_24695447_2020-11-28_2020-11-30,0,2.0,4484,1338,0,0,0,0,0,0,0,0,0
fire_24695447,2020-11-29,fire_24695447_2020-11-28_2020-11-30,1,3.0,2494,1457,0,0,0,0,0,0,0,0,0
fire_24695447,2020-11-30,fire_24695447_2020-11-28_2020-11-30,2,4.0,482,416,0,0,0,0,0,0,0,0,0
fire_24695497,2020-11-18,fire_24695497_2020-11-18_2020-11-25,0,2.0,786,270,0,0,0,0,0,0,0,0,0
fire_24695497,2020-11-24,fire_24695497_2020-11-18_2020-11-25,1,3.0,473,244,0,0,0,0,0,0,0,0,0
fire_24695497,2020-11-25,fire_24695497_2020-11-18_2020-11-25,2,4.0,497,431,0,0,0,0,0,0,0,0,0
fire_24695497,2020-11-24,fire_24695497_2020-11-24_2020-12-05,0,2.0,473,118,0,0,0,0,0,0,0,0,0
fire_24695497,2020-11-25,fire_24695497_2020-11-24_2020-12-05,1,3.0,497,255,0,0,0,0,0,0,0,0,0
fire_24695497,2020-12-05,fire_24695497_2020-11-24_2020-12-05,2,4.0,497,431,0,0,0,0,0,0,0,0,0
fire_24695584,2020-11-20,fire_24695584_2020-11-20_2020-11-28,0,2.0,66,0,0,0,0,0,0,0,0,0,0
fire_24695584,2020-11-26,fire_24695584_2020-11-20_2020-11-28,1,3.0,462,228,0,0,0,0,0,0,0,0,0
fire_24695584,2020-11-28,fire_24695584_2020-11-20_2020-11-28,2,4.0,508,442,0,0,0,0,0,0,0,0,0
fire_24695627,2020-12-01,fire_24695627_2020-12-01_2020-12-03,0,2.0,786,216,0,0,0,0,0,0,0,0,0
fire_24695627,2020-12-02,fire_24695627_2020-12-01_2020-12-03,1,3.0,3946,2282,0,0,0,0,0,0,0,0,0
fire_24695627,2020-12-03,fire_24695627_2020-12-01_2020-12-03,2,4.0,2827,2761,0,0,0,0,0,0,0,0,0
fire_24695627,2020-12-02,fire_24695627_2020-12-02_2020-12-04,0,2.0,3946,1097,0,0,0,0,0,0,0,0,0
fire_24695627,2020-12-03,fire_24695627_2020-12-02_2020-12-04,1,3.0,2827,1642,0,0,0,0,0,0,0,0,0
fire_24695627,2020-12-04,fire_24695627_2020-12-02_2020-12-04,2,4.0,2765,2765,0,0,0,0,0,0,0,0,0
fire_24695627,2020-12-03,fire_24695627_2020-12-03_2020-12-05,0,2.0,2827,799,0,0,0,0,0,0,0,0,0
fire_24695627,2020-12-04,fire_24695627_2020-12-03_2020-12-05,1,3.0,2765,1813,0,0,0,0,0,0,0,0,0
fire_24695627,2020-12-05,fire_24695627_2020-12-03_2020-12-05,2,4.0,858,792,0,0,0,0,0,0,0,0,0
fire_24695627,2020-12-04,fire_24695627_2020-12-04_2020-12-06,0,2.0,2765,1037,0,0,0,0,0,0,0,0,0
fire_24695627,2020-12-05,fire_24695627_2020-12-04_2020-12-06,1,3.0,858,456,0,0,0,0,0,0,0,0,0
fire_24695627,2020-12-06,fire_24695627_2020-12-04_2020-12-06,2,4.0,1237,1171,0,0,0,0,0,0,0,0,0
fire_24695627,2020-12-05,fire_24695627_2020-12-05_2020-12-07,0,2.0,858,216,0,0,0,0,0,0,0,0,0
fire_24695627,2020-12-06,fire_24695627_2020-12-05_2020-12-07,1,3.0,1237,705,0,0,0,0,0,0,0,0,0
fire_24695627,2020-12-07,fire_24695627_2020-12-05_2020-12-07,2,4.0,1274,1223,0,0,0,0,0,0,0,0,0
fire_24695627,2020-12-06,fire_24695627_2020-12-06_2020-12-08,0,2.0,1237,351,0,0,0,0,0,0,0,0,0
fire_24695627,2020-12-07,fire_24695627_2020-12-06_2020-12-08,1,3.0,1274,711,0,0,0,0,0,0,0,0,0
fire_24695627,2020-12-08,fire_24695627_2020-12-06_2020-12-08,2,4.0,1254,1188,0,0,0,0,0,0,0,0,0
fire_24695627,2020-12-07,fire_24695627_2020-12-07_2020-12-09,0,2.0,1274,341,0,0,0,0,0,0,0,0,0
fire_24695627,2020-12-08,fire_24695627_2020-12-07_2020-12-09,1,3.0,1254,684,0,0,0,0,0,0,0,0,0
fire_24695627,2020-12-09,fire_24695627_2020-12-07_2020-12-09,2,4.0,462,396,0,0,0,0,0,0,0,0,0
fire_24695627,2020-12-08,fire_24695627_2020-12-08_2020-12-11,0,2.0,1254,324,0,0,0,0,0,0,0,0,0
fire_24695627,2020-12-09,fire_24695627_2020-12-08_2020-12-11,1,3.0,462,228,0,0,0,0,0,0,0,0,0
fire_24695627,2020-12-11,fire_24695627_2020-12-08_2020-12-11,2,4.0,1182,1116,0,0,0,0,0,0,0,0,0
fire_24695627,2020-12-09,fire_24695627_2020-12-09_2020-12-12,0,2.0,462,108,0,0,0,0,0,0,0,0,0
fire_24695627,2020-12-11,fire_24695627_2020-12-09_2020-12-12,1,3.0,1182,662,0,0,0,0,0,0,0,0,0
fire_24695627,2020-12-12,fire_24695627_2020-12-09_2020-12-12,2,4.0,858,792,0,0,0,0,0,0,0,0,0
fire_24695756,2020-11-28,fire_24695756_2020-11-28_2020-12-01,0,2.0,454,150,0,0,0,0,0,0,0,0,0
fire_24695756,2020-11-30,fire_24695756_2020-11-28_2020-12-01,1,3.0,66,0,0,0,0,0,0,0,0,0,0
fire_24695756,2020-12-01,fire_24695756_2020-11-28_2020-12-01,2,4.0,462,396,0,0,0,0,0,0,0,0,0
fire_24695756,2020-11-30,fire_24695756_2020-11-30_2020-12-02,0,2.0,66,0,0,0,0,0,0,0,0,0,0
fire_24695756,2020-12-01,fire_24695756_2020-11-30_2020-12-02,1,3.0,462,228,0,0,0,0,0,0,0,0,0
fire_24695756,2020-12-02,fire_24695756_2020-11-30_2020-12-02,2,4.0,2135,2097,0,0,0,0,0,0,0,0,0
fire_24695756,2020-12-01,fire_24695756_2020-12-01_2020-12-03,0,2.0,462,108,0,0,0,0,0,0,0,0,0
fire_24695756,2020-12-02,fire_24695756_2020-12-01_2020-12-03,1,3.0,2135,1231,0,0,0,0,0,0,0,0,0
fire_24695756,2020-12-03,fire_24695756_2020-12-01_2020-12-03,2,4.0,1827,1761,0,0,0,0,0,0,0,0,0
fire_24695756,2020-12-02,fire_24695756_2020-12-02_2020-12-04,0,2.0,2135,598,0,0,0,0,0,0,0,0,0
fire_24695756,2020-12-03,fire_24695756_2020-12-02_2020-12-04,1,3.0,1827,1044,0,0,0,0,0,0,0,0,0
fire_24695756,2020-12-04,fire_24695756_2020-12-02_2020-12-04,2,4.0,992,926,0,0,0,0,0,0,0,0,0
fire_24695756,2020-12-03,fire_24695756_2020-12-03_2020-12-05,0,2.0,1827,517,0,0,0,0,0,0,0,0,0
fire_24695756,2020-12-04,fire_24695756_2020-12-03_2020-12-05,1,3.0,992,558,0,0,0,0,0,0,0,0,0
fire_24695756,2020-12-05,fire_24695756_2020-12-03_2020-12-05,2,4.0,1043,977,0,0,0,0,0,0,0,0,0
fire_24695756,2020-12-04,fire_24695756_2020-12-04_2020-12-06,0,2.0,992,281,0,0,0,0,0,0,0,0,0
fire_24695756,2020-12-05,fire_24695756_2020-12-04_2020-12-06,1,3.0,1043,592,0,0,0,0,0,0,0,0,0
fire_24695756,2020-12-06,fire_24695756_2020-12-04_2020-12-06,2,4.0,508,442,0,0,0,0,0,0,0,0,0
fire_24695758,2020-11-28,fire_24695758_2020-11-28_2020-12-01,0,2.0,566,162,0,0,0,0,0,0,0,0,0
fire_24695758,2020-11-30,fire_24695758_2020-11-28_2020-12-01,1,3.0,786,436,0,0,0,0,0,0,0,0,0
fire_24695758,2020-12-01,fire_24695758_2020-11-28_2020-12-01,2,4.0,462,396,0,0,0,0,0,0,0,0,0
fire_24695758,2020-11-30,fire_24695758_2020-11-30_2020-12-02,0,2.0,786,222,0,0,0,0,0,0,0,0,0
fire_24695758,2020-12-01,fire_24695758_2020-11-30_2020-12-02,1,3.0,462,228,0,0,0,0,0,0,0,0,0
fire_24695758,2020-12-02,fire_24695758_2020-11-30_2020-12-02,2,4.0,2875,2869,0,0,0,0,0,0,0,0,0
fire_24695758,2020-12-01,fire_24695758_2020-12-01_2020-12-03,0,2.0,462,108,0,0,0,0,0,0,0,0,0
fire_24695758,2020-12-02,fire_24695758_2020-12-01_2020-12-03,1,3.0,2875,1687,0,0,0,0,0,0,0,0,0
fire_24695758,2020-12-03,fire_24695758_2020-12-01_2020-12-03,2,4.0,2649,2583,0,0,0,0,0,0,0,0,0
fire_24695758,2020-12-02,fire_24695758_2020-12-02_2020-12-04,0,2.0,2875,814,0,0,0,0,0,0,0,0,0
fire_24695758,2020-12-03,fire_24695758_2020-12-02_2020-12-04,1,3.0,2649,1522,0,0,0,0,0,0,0,0,0
fire_24695758,2020-12-04,fire_24695758_2020-12-02_2020-12-04,2,4.0,1784,1718,0,0,0,0,0,0,0,0,0
fire_24695758,2020-12-03,fire_24695758_2020-12-03_2020-12-05,0,2.0,2649,747,0,0,0,0,0,0,0,0,0
fire_24695758,2020-12-04,fire_24695758_2020-12-03_2020-12-05,1,3.0,1784,1014,0,0,0,0,0,0,0,0,0
fire_24695758,2020-12-05,fire_24695758_2020-12-03_2020-12-05,2,4.0,1043,977,0,0,0,0,0,0,0,0,0
fire_24695758,2020-12-04,fire_24695758_2020-12-04_2020-12-06,0,2.0,1784,497,0,0,0,0,0,0,0,0,0
fire_24695758,2020-12-05,fire_24695758_2020-12-04_2020-12-06,1,3.0,1043,592,0,0,0,0,0,0,0,0,0
fire_24695758,2020-12-06,fire_24695758_2020-12-04_2020-12-06,2,4.0,508,442,0,0,0,0,0,0,0,0,0
fire_24695963,2020-11-19,fire_24695963_2020-11-19_2020-11-21,0,2.0,915,276,0,0,0,0,0,0,0,0,0
fire_24695963,2020-11-20,fire_24695963_2020-11-19_2020-11-21,1,3.0,1401,833,0,0,0,0,0,0,0,0,0
fire_24695963,2020-11-21,fire_24695963_2020-11-19_2020-11-21,2,4.0,396,396,0,0,0,0,0,0,0,0,0
fire_24695963,2020-11-20,fire_24695963_2020-11-20_2020-11-25,0,2.0,1401,420,0,0,0,0,0,0,0,0,0
fire_24695963,2020-11-21,fire_24695963_2020-11-20_2020-11-25,1,3.0,396,228,0,0,0,0,0,0,0,0,0
fire_24695963,2020-11-25,fire_24695963_2020-11-20_2020-11-25,2,4.0,1412,1346,0,0,0,0,0,0,0,0,0
fire_24695970,2020-11-19,fire_24695970_2020-11-19_2020-11-21,0,2.0,916,276,0,0,0,0,0,0,0,0,0
fire_24695970,2020-11-20,fire_24695970_2020-11-19_2020-11-21,1,3.0,1405,833,0,0,0,0,0,0,0,0,0
fire_24695970,2020-11-21,fire_24695970_2020-11-19_2020-11-21,2,4.0,421,396,0,0,0,0,0,0,0,0,0
fire_24695970,2020-11-20,fire_24695970_2020-11-20_2020-11-25,0,2.0,1405,420,0,0,0,0,0,0,0,0,0
fire_24695970,2020-11-21,fire_24695970_2020-11-20_2020-11-25,1,3.0,421,228,0,0,0,0,0,0,0,0,0
fire_24695970,2020-11-25,fire_24695970_2020-11-20_2020-11-25,2,4.0,1412,1346,0,0,0,0,0,0,0,0,0
fire_24695970,2020-11-21,fire_24695970_2020-11-21_2020-11-30,0,2.0,421,108,0,0,0,0,0,0,0,0,0
fire_24695970,2020-11-25,fire_24695970_2020-11-21_2020-11-30,1,3.0,1412,802,0,0,0,0,0,0,0,0,0
fire_24695970,2020-11-30,fire_24695970_2020-11-21_2020-11-30,2,4.0,462,396,0,0,0,0,0,0,0,0,0
fire_24695970,2020-11-25,fire_24695970_2020-11-25_2020-12-03,0,2.0,1412,399,0,0,0,0,0,0,0,0,0
fire_24695970,2020-11-30,fire_24695970_2020-11-25_2020-12-03,1,3.0,462,228,0,0,0,0,0,0,0,0,0
fire_24695970,2020-12-03,fire_24695970_2020-11-25_2020-12-03,2,4.0,462,396,0,0,0,0,0,0,0,0,0
