event_id,target_date,date_gap_days,candidate_count,eligible_candidate_count,selected_alert_count,previous_active_alert_count,new_alert_count,continued_alert_count,removed_alert_count,active_alert_count,removed_burned_count,removed_no_longer_candidate_count,removed_below_threshold_count
fire_23654679,2020-01-08,0,452,396,0,0,0,0,0,0,0,0,0
fire_23654679,2020-01-09,1,855,830,0,0,0,0,0,0,0,0,0
fire_23654679,2020-01-10,1,473,407,0,0,0,0,0,0,0,0,0
fire_23654679,2020-01-14,4,535,469,0,0,0,0,0,0,0,0,0
fire_23756984,2020-02-04,0,462,396,0,0,0,0,0,0,0,0,0
fire_23756984,2020-02-05,1,926,860,0,0,0,0,0,0,0,0,0
fire_23756984,2020-02-07,2,3050,3047,0,0,0,0,0,0,0,0,0
fire_23756984,2020-02-08,1,2043,1980,0,0,0,0,0,0,0,0,0
fire_23756984,2020-02-09,1,858,792,0,0,0,0,0,0,0,0,0
fire_23756984,2020-02-11,2,933,867,0,0,0,0,0,0,0,0,0
fire_23756984,2020-02-12,1,1254,1188,0,0,0,0,0,0,0,0,0
fire_23756984,2020-02-13,1,3731,3668,0,0,0,0,0,0,0,0,0
fire_23757491,2020-02-26,0,520,493,0,0,0,0,0,0,0,0,0
fire_23757491,2020-02-27,1,522,456,0,0,0,0,0,0,0,0,0
fire_23757491,2020-02-28,1,482,416,0,0,0,0,0,0,0,0,0
fire_23757491,2020-03-04,5,524,475,0,0,0,0,0,0,0,0,0
fire_23757522,2020-02-25,0,823,757,0,0,0,0,0,0,0,0,0
fire_23757522,2020-02-27,2,462,396,0,0,0,0,0,0,0,0,0
fire_23757522,2020-03-07,9,469,403,0,0,0,0,0,0,0,0,0
fire_23757522,2020-03-08,1,462,396,0,0,0,0,0,0,0,0,0
fire_23757522,2020-03-09,1,868,802,0,0,0,0,0,0,0,0,0
fire_23947000,2020-05-03,0,1385,1343,27,0,27,0,0,27,0,0,0
fire_23947000,2020-05-04,1,445,426,3,27,3,0,27,3,0,13,14
fire_23947000,2020-05-05,1,482,416,5,3,5,0,3,5,0,3,0
fire_24025599,2020-05-12,0,1433,1385,0,0,0,0,0,0,0,0,0
fire_24025599,2020-05-13,1,1101,1040,0,0,0,0,0,0,0,0,0
fire_24025599,2020-05-15,2,328,262,1,0,1,0,0,1,0,0,0
fire_24025601,2020-05-29,0,462,396,0,0,0,0,0,0,0,0,0
fire_24025601,2020-05-30,1,462,396,0,0,0,0,0,0,0,0,0
fire_24025601,2020-06-02,3,502,436,0,0,0,0,0,0,0,0,0
fire_24025601,2020-06-03,1,530,464,0,0,0,0,0,0,0,0,0
fire_24025601,2020-06-04,1,502,436,0,0,0,0,0,0,0,0,0
fire_24025601,2020-06-06,2,405,339,0,0,0,0,0,0,0,0,0
fire_24025601,2020-06-08,2,363,297,0,0,0,0,0,0,0,0,0
fire_24025601,2020-06-10,2,407,341,0,0,0,0,0,0,0,0,0
fire_24025601,2020-06-11,1,397,331,0,0,0,0,0,0,0,0,0
fire_24025605,2020-06-01,0,746,724,17,0,17,0,0,17,0,0,0
fire_24025605,2020-06-02,1,724,721,12,17,11,1,16,12,0,2,14
fire_24025605,2020-06-07,5,66,0,0,0,0,0,0,0,0,0,0
fire_24025610,2020-05-30,0,462,396,0,0,0,0,0,0,0,0,0
fire_24025610,2020-05-31,1,462,396,0,0,0,0,0,0,0,0,0
fire_24025610,2020-06-01,1,771,744,9,0,9,0,0,9,0,0,0
fire_24025610,2020-06-02,1,1220,1170,0,9,0,0,9,0,0,3,6
fire_24025610,2020-06-03,1,1244,1228,5,0,5,0,0,5,0,0,0
fire_24025610,2020-06-04,1,409,396,1,5,1,0,5,1,0,2,3
fire_24025610,2020-06-05,1,482,416,0,1,0,0,1,0,0,1,0
fire_24025610,2020-06-06,1,492,426,0,0,0,0,0,0,0,0,0
fire_24025610,2020-06-07,1,462,396,2,0,2,0,0,2,0,0,0
fire_24025610,2020-06-08,1,515,449,4,2,3,1,1,4,0,1,0
fire_24025610,2020-06-09,1,507,441,3,4,1,2,2,3,0,0,2
fire_24025610,2020-06-10,1,462,396,0,3,0,0,3,0,0,0,3
fire_24025610,2020-06-11,1,477,411,0,0,0,0,0,0,0,0,0
fire_24027563,2020-05-23,0,870,804,0,0,0,0,0,0,0,0,0
fire_24027563,2020-05-24,1,858,792,0,0,0,0,0,0,0,0,0
fire_24027563,2020-05-26,2,462,396,0,0,0,0,0,0,0,0,0
fire_24027563,2020-05-27,1,462,396,0,0,0,0,0,0,0,0,0
fire_24027563,2020-05-28,1,457,391,0,0,0,0,0,0,0,0,0
fire_24027563,2020-05-29,1,462,396,0,0,0,0,0,0,0,0,0
fire_24027563,2020-05-31,2,515,449,0,0,0,0,0,0,0,0,0
fire_24027563,2020-06-01,1,818,785,0,0,0,0,0,0,0,0,0
fire_24027563,2020-06-02,1,858,792,0,0,0,0,0,0,0,0,0
fire_24027563,2020-06-04,2,1265,1199,0,0,0,0,0,0,0,0,0
fire_24027566,2020-06-05,0,979,913,0,0,0,0,0,0,0,0,0
fire_24027570,2020-05-29,0,462,396,0,0,0,0,0,0,0,0,0
fire_24027570,2020-05-30,1,462,396,0,0,0,0,0,0,0,0,0
fire_24027570,2020-05-31,1,462,396,0,0,0,0,0,0,0,0,0
fire_24027570,2020-06-01,1,505,439,1,0,1,0,0,1,0,0,0
fire_24027570,2020-06-02,1,1274,1256,0,1,0,0,1,0,0,0,1
fire_24027570,2020-06-03,1,999,962,5,0,5,0,0,5,0,0,0
fire_24027570,2020-06-04,1,492,426,0,5,0,0,5,0,0,5,0
fire_24027580,2020-05-21,0,434,396,0,0,0,0,0,0,0,0,0
fire_24027580,2020-05-22,1,921,889,20,0,20,0,0,20,0,0,0
fire_24027580,2020-05-23,1,1538,1495,47,20,42,5,15,47,3,2,10
fire_24027580,2020-05-24,1,1163,1118,22,47,18,4,43,22,7,12,24
fire_24027580,2020-05-25,1,1479,1454,0,22,0,0,22,0,1,3,18
fire_24027580,2020-06-01,7,370,304,0,0,0,0,0,0,0,0,0
fire_24103545,2020-06-28,0,943,923,21,0,21,0,0,21,0,0,0
fire_24103545,2020-06-29,1,748,687,14,21,13,1,20,14,0,4,16
fire_24103557,2020-06-10,0,552,541,0,0,0,0,0,0,0,0,0
fire_24103557,2020-06-11,1,584,583,0,0,0,0,0,0,0,0,0
fire_24103557,2020-06-12,1,648,620,22,0,22,0,0,22,0,0,0
fire_24103557,2020-06-13,1,916,853,26,22,26,0,22,26,6,7,9
fire_24103557,2020-06-14,1,1569,1515,8,26,8,0,26,8,6,12,8
fire_24103557,2020-06-15,1,2234,2186,20,8,20,0,8,20,0,1,7
fire_24103557,2020-06-16,1,2468,2451,14,20,14,0,20,14,0,9,11
fire_24103557,2020-06-17,1,2946,2880,43,14,43,0,14,43,0,7,7
fire_24103557,2020-06-18,1,3482,3445,44,43,44,0,43,44,0,25,18
fire_24103557,2020-06-19,1,3556,3509,26,44,21,5,39,26,0,4,35
fire_24103557,2020-06-20,1,3366,3341,17,26,17,0,26,17,0,14,12
fire_24103557,2020-06-21,1,3403,3396,23,17,20,3,14,23,0,3,11
fire_24103557,2020-06-22,1,2233,2233,0,23,0,0,23,0,0,12,11
fire_24103557,2020-06-23,1,1195,1129,0,0,0,0,0,0,0,0,0
fire_24103557,2020-06-24,1,1230,1164,0,0,0,0,0,0,0,0,0
fire_24103557,2020-06-25,1,855,789,25,0,25,0,0,25,0,0,0
fire_24103557,2020-06-26,1,914,848,0,25,0,0,25,0,0,12,13
fire_24103557,2020-06-27,1,572,506,0,0,0,0,0,0,0,0,0
fire_24103557,2020-06-28,1,747,681,0,0,0,0,0,0,0,0,0
fire_24103557,2020-06-29,1,579,513,0,0,0,0,0,0,0,0,0
fire_24103560,2020-06-30,0,1303,1237,40,0,40,0,0,40,0,0,0
fire_24103560,2020-07-01,1,814,787,11,40,8,3,37,11,0,12,25
fire_24103560,2020-07-09,8,66,0,0,0,0,0,0,0,0,0,0
fire_24103561,2020-06-06,0,482,416,0,0,0,0,0,0,0,0,0
fire_24103561,2020-06-08,2,1567,1541,1,0,1,0,0,1,0,0,0
fire_24103561,2020-06-10,2,619,596,0,0,0,0,0,0,0,0,0
fire_24103561,2020-06-11,1,590,557,0,0,0,0,0,0,0,0,0
fire_24103561,2020-06-12,1,603,538,0,0,0,0,0,0,0,0,0
fire_24103571,2020-06-13,0,370,304,5,0,5,0,0,5,0,0,0
fire_24103571,2020-06-15,2,1891,1860,57,0,57,0,0,57,0,0,0
fire_24103571,2020-06-16,1,2468,2430,165,57,155,10,47,165,0,25,22
fire_24103571,2020-06-17,1,3057,3017,184,165,171,13,152,184,0,26,126
fire_24103571,2020-06-18,1,4322,4256,132,184,123,9,175,132,0,41,134
fire_24103571,2020-06-19,1,4939,4879,215,132,207,8,124,215,0,76,48
fire_24103571,2020-06-20,1,5306,5275,160,215,145,15,200,160,0,39,161
fire_24103571,2020-06-21,1,4640,4587,16,160,15,1,159,16,0,31,128
fire_24103571,2020-06-22,1,2323,2271,2,16,2,0,16,2,0,3,13
fire_24103571,2020-06-23,1,2444,2435,22,2,21,1,1,22,0,0,1
fire_24103571,2020-06-24,1,1950,1911,39,22,32,7,15,39,0,6,9
fire_24103571,2020-06-25,1,1741,1717,52,39,45,7,32,52,0,3,29
fire_24103571,2020-06-26,1,528,462,11,52,7,4,48,11,0,39,9
fire_24103571,2020-06-27,1,741,675,27,11,27,0,11,27,0,11,0
fire_24103571,2020-06-28,1,906,840,0,27,0,0,27,0,0,9,18
fire_24103571,2020-06-29,1,462,396,5,0,5,0,0,5,0,0,0
fire_24103571,2020-07-04,5,462,396,0,0,0,0,0,0,0,0,0
fire_24103572,2020-06-21,0,543,477,0,0,0,0,0,0,0,0,0
fire_24103572,2020-06-22,1,775,709,0,0,0,0,0,0,0,0,0
fire_24103581,2020-06-07,0,1215,1177,22,0,22,0,0,22,0,0,0
fire_24103581,2020-06-08,1,1560,1501,91,22,90,1,21,91,0,3,18
fire_24103581,2020-06-09,1,1645,1631,132,91,126,6,85,132,0,30,55
fire_24103581,2020-06-10,1,2175,2163,11,132,11,0,132,11,4,25,103
fire_24103581,2020-06-11,1,974,908,9,11,9,0,11,9,0,2,9
fire_24103581,2020-06-12,1,462,396,2,9,2,0,9,2,0,2,7
fire_24103582,2020-06-07,0,450,396,7,0,7,0,0,7,0,0,0
fire_24103582,2020-06-08,1,605,588,24,7,22,2,5,24,1,4,0
fire_24103582,2020-06-09,1,690,624,25,24,20,5,19,25,0,6,13
fire_24103582,2020-06-10,1,742,737,38,25,36,2,23,38,0,17,6
fire_24103582,2020-06-11,1,901,891,62,38,50,12,26,62,3,15,8
fire_24103582,2020-06-12,1,1358,1304,174,62,151,23,39,174,9,18,12
fire_24103582,2020-06-13,1,1487,1473,165,174,134,31,143,165,1,50,92
fire_24103582,2020-06-14,1,1372,1335,67,165,55,12,153,67,13,13,127
fire_24103582,2020-06-15,1,1112,1076,61,67,41,20,47,61,6,7,34
fire_24103582,2020-06-16,1,1393,1365,46,61,34,12,49,46,7,12,30
fire_24103582,2020-06-17,1,1075,1048,62,46,48,14,32,62,0,19,13
fire_24103582,2020-06-18,1,1224,1178,84,62,65,19,43,84,12,17,14
fire_24103582,2020-06-19,1,1046,1030,93,84,70,23,61,93,2,18,41
fire_24103582,2020-06-20,1,1111,1096,75,93,49,26,67,75,6,10,51
fire_24103582,2020-06-21,1,1162,1128,67,75,46,21,54,67,14,9,31
fire_24103582,2020-06-22,1,1118,1091,65,67,55,10,57,65,9,20,28
fire_24103582,2020-06-23,1,1080,1014,58,65,50,8,57,58,0,19,38
fire_24103582,2020-06-24,1,1161,1095,55,58,40,15,43,55,0,13,30
fire_24103582,2020-06-25,1,510,444,9,55,8,1,54,9,0,23,31
fire_24103582,2020-06-26,1,900,834,26,9,23,3,6,26,0,4,2
fire_24103582,2020-06-27,1,530,464,14,26,12,2,24,14,0,13,11
fire_24103582,2020-06-28,1,538,472,11,14,10,1,13,11,0,4,9
fire_24103584,2020-06-05,0,858,792,0,0,0,0,0,0,0,0,0
fire_24103584,2020-06-08,3,858,792,0,0,0,0,0,0,0,0,0
fire_24103584,2020-06-09,1,2046,1980,0,0,0,0,0,0,0,0,0
fire_24103584,2020-06-10,1,2059,2004,0,0,0,0,0,0,0,0,0
fire_24103584,2020-06-11,1,1693,1668,0,0,0,0,0,0,0,0,0
fire_24103584,2020-06-12,1,960,958,0,0,0,0,0,0,0,0,0
fire_24103584,2020-06-13,1,462,396,0,0,0,0,0,0,0,0,0
fire_24103584,2020-06-14,1,858,792,0,0,0,0,0,0,0,0,0
fire_24103584,2020-06-15,1,858,792,0,0,0,0,0,0,0,0,0
fire_24103584,2020-06-16,1,893,827,0,0,0,0,0,0,0,0,0
fire_24103590,2020-06-05,0,786,720,0,0,0,0,0,0,0,0,0
fire_24103590,2020-06-08,3,786,720,0,0,0,0,0,0,0,0,0
fire_24103590,2020-06-09,1,1974,1908,0,0,0,0,0,0,0,0,0
fire_24103590,2020-06-10,1,1947,1912,0,0,0,0,0,0,0,0,0
fire_24103590,2020-06-11,1,1732,1668,0,0,0,0,0,0,0,0,0
fire_24103590,2020-06-12,1,967,958,0,0,0,0,0,0,0,0,0
fire_24103590,2020-06-13,1,370,304,0,0,0,0,0,0,0,0,0
fire_24103590,2020-06-14,1,766,700,0,0,0,0,0,0,0,0,0
fire_24103590,2020-06-15,1,858,792,0,0,0,0,0,0,0,0,0
fire_24103590,2020-06-16,1,893,827,0,0,0,0,0,0,0,0,0
fire_24103590,2020-06-17,1,390,324,0,0,0,0,0,0,0,0,0
fire_24104628,2020-06-30,0,492,426,6,0,6,0,0,6,0,0,0
fire_24104628,2020-07-01,1,1336,1318,38,6,38,0,6,38,0,0,6
fire_24104628,2020-07-02,1,557,518,18,38,16,2,36,18,0,23,13
fire_24104628,2020-07-03,1,1205,1177,62,18,59,3,15,62,0,7,8
fire_24104628,2020-07-04,1,1272,1206,0,62,0,0,62,0,0,10,52
fire_24104628,2020-07-05,1,462,396,0,0,0,0,0,0,0,0,0
fire_24104631,2020-06-28,0,462,396,0,0,0,0,0,0,0,0,0
fire_24104631,2020-06-29,1,661,595,0,0,0,0,0,0,0,0,0
fire_24104631,2020-06-30,1,492,426,6,0,6,0,0,6,0,0,0
fire_24104631,2020-07-01,1,1320,1318,41,6,41,0,6,41,0,0,6
fire_24104631,2020-07-02,1,584,518,19,41,17,2,39,19,0,23,16
fire_24104631,2020-07-03,1,1196,1177,65,19,62,3,16,65,0,8,8
fire_24104631,2020-07-04,1,1268,1206,0,65,0,0,65,0,0,10,55
fire_24104631,2020-07-05,1,462,396,0,0,0,0,0,0,0,0,0
fire_24104631,2020-07-10,5,477,411,0,0,0,0,0,0,0,0,0
fire_24104636,2020-06-27,0,2079,2042,0,0,0,0,0,0,0,0,0
fire_24104636,2020-06-28,1,1594,1545,48,0,48,0,0,48,0,0,0
fire_24104636,2020-07-01,3,462,396,0,0,0,0,0,0,0,0,0
fire_24104636,2020-07-02,1,462,396,0,0,0,0,0,0,0,0,0
fire_24104636,2020-07-03,1,492,426,0,0,0,0,0,0,0,0,0
fire_24104636,2020-07-04,1,462,396,0,0,0,0,0,0,0,0,0
fire_24104636,2020-07-05,1,462,396,0,0,0,0,0,0,0,0,0
fire_24104636,2020-07-06,1,477,411,0,0,0,0,0,0,0,0,0
fire_24104639,2020-06-28,0,1317,1289,30,0,30,0,0,30,0,0,0
fire_24104639,2020-06-29,1,960,956,0,30,0,0,30,0,0,0,30
fire_24104640,2020-06-15,0,940,923,27,0,27,0,0,27,0,0,0
fire_24104640,2020-06-16,1,1332,1274,113,27,108,5,22,113,0,15,7
fire_24104640,2020-06-17,1,1298,1253,60,113,34,26,87,60,7,3,77
fire_24104640,2020-06-18,1,1023,1012,37,60,27,10,50,37,0,24,26
fire_24104640,2020-06-19,1,893,891,32,37,20,12,25,32,0,17,8
fire_24104644,2020-06-09,0,926,875,14,0,14,0,0,14,0,0,0
fire_24104644,2020-06-10,1,551,542,0,14,0,0,14,0,0,3,11
fire_24104644,2020-06-12,2,459,411,0,0,0,0,0,0,0,0,0
fire_24104654,2020-06-29,0,711,680,0,0,0,0,0,0,0,0,0
fire_24104654,2020-06-30,1,1126,1064,40,0,40,0,0,40,0,0,0
fire_24104654,2020-07-01,1,1244,1218,116,40,105,11,29,116,6,15,8
fire_24104654,2020-07-02,1,1321,1263,52,116,39,13,103,52,8,46,49
fire_24104654,2020-07-03,1,1469,1464,88,52,86,2,50,88,1,12,37
fire_24104654,2020-07-05,2,605,539,7,0,7,0,0,7,0,0,0
fire_24104654,2020-07-06,1,553,514,3,7,3,0,7,3,0,5,2
fire_24104654,2020-07-07,1,503,458,6,3,5,1,2,6,0,1,1
fire_24104658,2020-06-08,0,485,475,0,0,0,0,0,0,0,0,0
fire_24104658,2020-06-09,1,1085,1042,31,0,31,0,0,31,0,0,0
fire_24104658,2020-06-10,1,1182,1126,2,31,2,0,31,2,0,13,18
fire_24104658,2020-06-11,1,1161,1136,20,2,20,0,2,20,0,1,1
fire_24104658,2020-06-12,1,1237,1213,2,20,2,0,20,2,2,2,16
fire_24104658,2020-06-13,1,854,852,0,2,0,0,2,0,0,0,2
fire_24104658,2020-06-14,1,474,464,0,0,0,0,0,0,0,0,0
fire_24104674,2020-06-17,0,439,396,0,0,0,0,0,0,0,0,0
fire_24104674,2020-06-18,1,480,466,14,0,14,0,0,14,0,0,0
fire_24104674,2020-06-19,1,1237,1197,61,14,56,5,9,61,3,6,0
fire_24104674,2020-06-20,1,859,795,68,61,54,14,47,68,24,12,11
fire_24104674,2020-06-21,1,968,914,82,68,64,18,50,82,12,29,9
fire_24104674,2020-06-22,1,1097,1070,114,82,82,32,50,114,4,6,40
fire_24104674,2020-06-23,1,1253,1208,93,114,67,26,88,93,22,36,30
fire_24104674,2020-06-24,1,1509,1475,107,93,88,19,74,107,10,30,34
fire_24104674,2020-06-25,1,1027,984,0,107,0,0,107,0,0,8,99
fire_24104674,2020-06-26,1,838,800,52,0,52,0,0,52,0,0,0
fire_24104674,2020-06-27,1,1160,1118,9,52,6,3,49,9,12,13,24
fire_24104674,2020-06-28,1,827,817,0,9,0,0,9,0,0,1,8
fire_24104674,2020-06-30,2,1136,1084,95,0,95,0,0,95,0,0,0
fire_24104674,2020-07-01,1,1248,1199,100,95,67,33,62,100,8,18,36
fire_24104674,2020-07-02,1,1274,1234,131,100,83,48,52,131,3,22,27
fire_24104674,2020-07-03,1,1107,1097,89,131,64,25,106,89,0,7,99
fire_24104674,2020-07-04,1,422,416,0,89,0,0,89,0,0,33,56
fire_24104857,2020-06-15,0,883,864,0,0,0,0,0,0,0,0,0
fire_24191347,2020-07-23,0,1301,1269,0,0,0,0,0,0,0,0,0
fire_24191347,2020-07-24,1,1785,1719,16,0,16,0,0,16,0,0,0
fire_24191347,2020-07-25,1,3192,3135,89,16,86,3,13,89,0,1,12
fire_24191347,2020-07-26,1,1537,1515,70,89,60,10,79,70,7,38,34
fire_24191347,2020-07-27,1,2975,2951,0,70,0,0,70,0,0,13,57
fire_24191347,2020-07-28,1,3586,3543,19,0,19,0,0,19,0,0,0
fire_24191347,2020-07-29,1,2815,2749,17,19,17,0,19,17,0,8,11
fire_24191347,2020-07-30,1,2176,2110,27,17,23,4,13,27,0,8,5
fire_24191347,2020-07-31,1,1632,1589,36,27,29,7,20,36,0,10,10
fire_24191347,2020-08-01,1,1437,1371,7,36,3,4,32,7,0,5,27
fire_24191357,2020-07-21,0,655,592,18,0,18,0,0,18,0,0,0
fire_24191357,2020-07-22,1,2084,2060,0,18,0,0,18,0,0,7,11
fire_24191357,2020-07-23,1,1903,1850,18,0,18,0,0,18,0,0,0
fire_24191357,2020-07-24,1,2483,2442,120,18,114,6,12,120,0,4,8
fire_24191357,2020-07-25,1,2428,2402,154,120,105,49,71,154,7,27,37
fire_24191357,2020-07-26,1,1697,1688,116,154,90,26,128,116,2,46,80
fire_24191357,2020-07-27,1,1316,1314,0,116,0,0,116,0,0,41,75
fire_24191360,2020-07-20,0,720,692,47,0,47,0,0,47,0,0,0
fire_24191360,2020-07-21,1,1031,965,0,47,0,0,47,0,15,18,14
fire_24191360,2020-07-22,1,1265,1221,8,0,8,0,0,8,0,0,0
fire_24191360,2020-07-23,1,1140,1120,0,8,0,0,8,0,0,3,5
fire_24191360,2020-07-24,1,658,653,43,0,43,0,0,43,0,0,0
fire_24191360,2020-07-25,1,792,785,38,43,24,14,29,38,0,4,25
fire_24191360,2020-07-26,1,397,396,13,38,11,2,36,13,0,1,35
fire_24191360,2020-07-27,1,467,426,0,13,0,0,13,0,1,2,10
fire_24191363,2020-07-28,0,639,573,18,0,18,0,0,18,0,0,0
fire_24191363,2020-07-30,2,858,792,0,0,0,0,0,0,0,0,0
fire_24191363,2020-08-01,2,462,396,0,0,0,0,0,0,0,0,0
fire_24191363,2020-08-03,2,508,456,0,0,0,0,0,0,0,0,0
fire_24191363,2020-08-04,1,1124,1099,31,0,31,0,0,31,0,0,0
fire_24191364,2020-07-08,0,1518,1460,123,0,123,0,0,123,0,0,0
fire_24191364,2020-07-09,1,1090,1043,80,123,73,7,116,80,9,55,52
fire_24191364,2020-07-10,1,435,396,9,80,7,2,78,9,0,36,42
fire_24191364,2020-07-14,4,488,459,12,0,12,0,0,12,0,0,0
fire_24191372,2020-07-30,0,848,809,12,0,12,0,0,12,0,0,0
fire_24191372,2020-07-31,1,1353,1349,15,12,15,0,12,15,1,1,10
fire_24191372,2020-08-01,1,971,971,0,15,0,0,15,0,0,1,14
fire_24191372,2020-08-03,2,723,699,0,0,0,0,0,0,0,0,0
fire_24191373,2020-07-21,0,1272,1211,59,0,59,0,0,59,0,0,0
fire_24191375,2020-07-10,0,1838,1776,0,0,0,0,0,0,0,0,0
fire_24191375,2020-07-11,1,892,826,0,0,0,0,0,0,0,0,0
fire_24191376,2020-07-06,0,746,680,16,0,16,0,0,16,0,0,0
fire_24191376,2020-07-07,1,462,396,4,16,2,2,14,4,0,9,5
fire_24191376,2020-07-09,2,2746,2680,0,0,0,0,0,0,0,0,0
fire_24191376,2020-07-10,1,2200,2172,0,0,0,0,0,0,0,0,0
fire_24191376,2020-07-11,1,892,826,0,0,0,0,0,0,0,0,0
fire_24191377,2020-07-14,0,462,396,0,0,0,0,0,0,0,0,0
fire_24191377,2020-07-15,1,2339,2282,0,0,0,0,0,0,0,0,0
fire_24191377,2020-07-16,1,972,916,0,0,0,0,0,0,0,0,0
fire_24191377,2020-07-19,3,502,436,0,0,0,0,0,0,0,0,0
fire_24191377,2020-07-20,1,515,449,0,0,0,0,0,0,0,0,0
fire_24191384,2020-07-06,0,786,730,0,0,0,0,0,0,0,0,0
fire_24191384,2020-07-07,1,1162,1113,0,0,0,0,0,0,0,0,0
fire_24191384,2020-07-08,1,226,162,0,0,0,0,0,0,0,0,0
fire_24191384,2020-07-09,1,1018,954,0,0,0,0,0,0,0,0,0
fire_24191384,2020-07-10,1,1044,979,0,0,0,0,0,0,0,0,0
fire_24191384,2020-07-11,1,654,588,0,0,0,0,0,0,0,0,0
fire_24191384,2020-07-13,2,457,391,0,0,0,0,0,0,0,0,0
fire_24191384,2020-07-14,1,462,396,0,0,0,0,0,0,0,0,0
fire_24191389,2020-07-18,0,729,696,0,0,0,0,0,0,0,0,0
fire_24191389,2020-07-19,1,709,672,1,0,1,0,0,1,0,0,0
fire_24191389,2020-07-20,1,997,931,8,1,8,0,1,8,0,0,1
fire_24191389,2020-07-21,1,739,673,0,8,0,0,8,0,0,3,5
fire_24191393,2020-07-15,0,1240,1189,31,0,31,0,0,31,0,0,0
fire_24191393,2020-07-16,1,1884,1858,2,31,2,0,31,2,4,8,19
fire_24191393,2020-07-17,1,1728,1704,3,2,3,0,2,3,0,2,0
fire_24191393,2020-07-18,1,1481,1433,13,3,12,1,2,13,0,2,0
fire_24191393,2020-07-19,1,1630,1582,24,13,21,3,10,24,0,0,10
fire_24191393,2020-07-20,1,983,929,74,24,74,0,24,74,6,12,6
fire_24191393,2020-07-21,1,927,912,18,74,15,3,71,18,0,18,53
fire_24191393,2020-07-24,3,462,396,0,0,0,0,0,0,0,0,0
fire_24191395,2020-07-30,0,530,502,0,0,0,0,0,0,0,0,0
fire_24191395,2020-07-31,1,1301,1279,31,0,31,0,0,31,0,0,0
fire_24191395,2020-08-01,1,1103,1082,22,31,22,0,31,22,0,2,29
fire_24191395,2020-08-02,1,519,453,2,22,2,0,22,2,0,21,1
fire_24191395,2020-08-03,1,492,426,0,2,0,0,2,0,0,0,2
fire_24191402,2020-07-02,0,492,426,6,0,6,0,0,6,0,0,0
fire_24191402,2020-07-03,1,631,565,2,6,2,0,6,2,0,6,0
fire_24191402,2020-07-04,1,66,0,0,2,0,0,2,0,0,2,0
fire_24191402,2020-07-05,1,462,396,0,0,0,0,0,0,0,0,0
fire_24191411,2020-07-17,0,1745,1679,0,0,0,0,0,0,0,0,0
fire_24191411,2020-07-18,1,461,396,0,0,0,0,0,0,0,0,0
fire_24191411,2020-07-19,1,662,596,0,0,0,0,0,0,0,0,0
fire_24191411,2020-07-20,1,774,708,0,0,0,0,0,0,0,0,0
fire_24191411,2020-07-22,2,706,640,1,0,1,0,0,1,0,0,0
fire_24191411,2020-07-23,1,1356,1306,0,1,0,0,1,0,0,0,1
fire_24191411,2020-07-25,2,477,411,0,0,0,0,0,0,0,0,0
fire_24191411,2020-07-26,1,462,396,0,0,0,0,0,0,0,0,0
fire_24191418,2020-08-01,0,858,792,0,0,0,0,0,0,0,0,0
fire_24191418,2020-08-02,1,954,919,52,0,52,0,0,52,0,0,0
fire_24191418,2020-08-03,1,1974,1912,79,52,69,10,42,79,0,10,32
fire_24191418,2020-08-04,1,2114,2076,43,79,40,3,76,43,5,29,42
fire_24191418,2020-08-05,1,2196,2185,32,43,23,9,34,32,0,3,31
fire_24191418,2020-08-06,1,2607,2568,41,32,34,7,25,41,4,2,19
fire_24191418,2020-08-07,1,2267,2234,50,41,37,13,28,50,3,8,17
fire_24191418,2020-08-08,1,2056,2007,78,50,70,8,42,78,1,9,32
fire_24191418,2020-08-09,1,1166,1160,0,78,0,0,78,0,0,17,61
fire_24191418,2020-08-10,1,954,888,1,0,1,0,0,1,0,0,0
fire_24191418,2020-08-11,1,1254,1188,0,1,0,0,1,0,0,1,0
fire_24191418,2020-08-12,1,1172,1161,0,0,0,0,0,0,0,0,0
fire_24191418,2020-08-13,1,858,792,0,0,0,0,0,0,0,0,0
fire_24191418,2020-08-14,1,462,396,0,0,0,0,0,0,0,0,0
fire_24191419,2020-07-22,0,459,393,1,0,1,0,0,1,0,0,0
fire_24191419,2020-07-23,1,372,306,0,1,0,0,1,0,0,0,1
fire_24191423,2020-07-31,0,477,411,0,0,0,0,0,0,0,0,0
fire_24191423,2020-08-01,1,510,444,0,0,0,0,0,0,0,0,0
fire_24191423,2020-08-02,1,462,396,0,0,0,0,0,0,0,0,0
fire_24191423,2020-08-03,1,706,702,0,0,0,0,0,0,0,0,0
fire_24191423,2020-08-04,1,1928,1897,0,0,0,0,0,0,0,0,0
fire_24191423,2020-08-05,1,1906,1848,0,0,0,0,0,0,0,0,0
fire_24191423,2020-08-06,1,1752,1702,0,0,0,0,0,0,0,0,0
fire_24191423,2020-08-07,1,1454,1430,0,0,0,0,0,0,0,0,0
fire_24191423,2020-08-08,1,1305,1286,0,0,0,0,0,0,0,0,0
fire_24191423,2020-08-09,1,1144,1078,0,0,0,0,0,0,0,0,0
fire_24191423,2020-08-10,1,1239,1173,0,0,0,0,0,0,0,0,0
fire_24191423,2020-08-11,1,1347,1295,0,0,0,0,0,0,0,0,0
fire_24191423,2020-08-12,1,1276,1210,0,0,0,0,0,0,0,0,0
fire_24191423,2020-08-13,1,462,396,0,0,0,0,0,0,0,0,0
fire_24191423,2020-08-14,1,462,396,0,0,0,0,0,0,0,0,0
fire_24191423,2020-08-15,1,542,476,0,0,0,0,0,0,0,0,0
fire_24191423,2020-08-16,1,462,396,0,0,0,0,0,0,0,0,0
fire_24191423,2020-08-17,1,687,621,0,0,0,0,0,0,0,0,0
fire_24191423,2020-08-18,1,564,498,0,0,0,0,0,0,0,0,0
fire_24191427,2020-07-14,0,846,822,0,0,0,0,0,0,0,0,0
fire_24191427,2020-07-15,1,3149,3083,0,0,0,0,0,0,0,0,0
fire_24191427,2020-07-16,1,1476,1410,0,0,0,0,0,0,0,0,0
fire_24191427,2020-07-17,1,645,579,0,0,0,0,0,0,0,0,0
fire_24191427,2020-07-19,2,596,530,4,0,4,0,0,4,0,0,0
fire_24191673,2020-07-09,0,462,396,0,0,0,0,0,0,0,0,0
fire_24191673,2020-07-12,3,539,497,0,0,0,0,0,0,0,0,0
fire_24191673,2020-07-13,1,1259,1193,0,0,0,0,0,0,0,0,0
fire_24191673,2020-07-15,2,462,396,0,0,0,0,0,0,0,0,0
fire_24191680,2020-07-05,0,482,416,0,0,0,0,0,0,0,0,0
fire_24191680,2020-07-07,2,522,456,0,0,0,0,0,0,0,0,0
fire_24191680,2020-07-08,1,1206,1140,0,0,0,0,0,0,0,0,0
fire_24191680,2020-07-15,7,66,0,0,0,0,0,0,0,0,0,0
fire_24191680,2020-07-17,2,462,396,0,0,0,0,0,0,0,0,0
fire_24191680,2020-07-19,2,462,396,0,0,0,0,0,0,0,0,0
fire_24191728,2020-07-03,0,569,503,0,0,0,0,0,0,0,0,0
fire_24191741,2020-07-19,0,637,624,4,0,4,0,0,4,0,0,0
fire_24191741,2020-07-20,1,878,812,4,4,4,0,4,4,0,0,4
fire_24191741,2020-07-21,1,482,416,0,4,0,0,4,0,0,2,2
fire_24191741,2020-07-22,1,462,396,2,0,2,0,0,2,0,0,0
fire_24191741,2020-07-24,2,467,444,0,0,0,0,0,0,0,0,0
fire_24191741,2020-07-25,1,462,396,1,0,1,0,0,1,0,0,0
fire_24191741,2020-07-27,2,462,396,0,0,0,0,0,0,0,0,0
fire_24191741,2020-07-29,2,482,416,0,0,0,0,0,0,0,0,0
fire_24191741,2020-07-30,1,495,429,0,0,0,0,0,0,0,0,0
fire_24191741,2020-07-31,1,443,396,0,0,0,0,0,0,0,0,0
fire_24191743,2020-07-21,0,964,928,25,0,25,0,0,25,0,0,0
fire_24191743,2020-07-22,1,824,758,0,25,0,0,25,0,0,13,12
fire_24191756,2020-07-14,0,922,873,0,0,0,0,0,0,0,0,0
fire_24191756,2020-07-15,1,1011,954,0,0,0,0,0,0,0,0,0
fire_24191756,2020-07-16,1,1040,1007,69,0,69,0,0,69,0,0,0
fire_24191756,2020-07-17,1,1214,1175,98,69,85,13,56,98,6,9,41
fire_24191756,2020-07-18,1,878,830,42,98,25,17,81,42,6,9,66
fire_24191756,2020-07-24,6,477,411,0,0,0,0,0,0,0,0,0
fire_24191760,2020-07-31,0,1079,1014,0,0,0,0,0,0,0,0,0
fire_24191760,2020-08-01,1,1290,1274,0,0,0,0,0,0,0,0,0
fire_24191760,2020-08-02,1,1073,1023,0,0,0,0,0,0,0,0,0
fire_24191760,2020-08-04,2,462,396,0,0,0,0,0,0,0,0,0
fire_24191933,2020-07-24,0,482,416,0,0,0,0,0,0,0,0,0
fire_24191933,2020-07-25,1,1368,1316,19,0,19,0,0,19,0,0,0
fire_24191933,2020-07-26,1,501,491,17,19,12,5,14,17,1,2,11
fire_24191943,2020-07-28,0,486,482,4,0,4,0,0,4,0,0,0
fire_24191943,2020-07-29,1,531,517,3,4,3,0,4,3,1,0,3
fire_24191943,2020-07-30,1,1222,1169,13,3,13,0,3,13,0,2,1
fire_24191943,2020-07-31,1,684,670,0,13,0,0,13,0,0,1,12
fire_24191943,2020-08-01,1,706,640,0,0,0,0,0,0,0,0,0
fire_24191943,2020-08-02,1,600,534,0,0,0,0,0,0,0,0,0
fire_24191943,2020-08-03,1,556,499,0,0,0,0,0,0,0,0,0
fire_24191943,2020-08-04,1,399,396,5,0,5,0,0,5,0,0,0
fire_24191943,2020-08-05,1,66,0,0,5,0,0,5,0,0,2,3
fire_24191943,2020-08-06,1,66,0,0,0,0,0,0,0,0,0,0
fire_24191979,2020-07-23,0,486,459,0,0,0,0,0,0,0,0,0
fire_24191979,2020-07-24,1,1207,1157,0,0,0,0,0,0,0,0,0
fire_24191979,2020-07-25,1,462,396,0,0,0,0,0,0,0,0,0
fire_24332591,2020-08-14,0,1512,1486,95,0,95,0,0,95,0,0,0
fire_24332591,2020-08-15,1,1531,1494,136,95,94,42,53,136,4,25,24
fire_24332591,2020-08-16,1,1650,1599,62,136,43,19,117,62,7,36,74
fire_24332591,2020-08-17,1,2025,1981,61,62,53,8,54,61,0,11,43
fire_24332591,2020-08-18,1,943,877,10,61,8,2,59,10,0,23,36
fire_24332591,2020-08-19,1,1362,1327,18,10,16,2,8,18,0,0,8
fire_24332591,2020-08-20,1,1703,1675,87,18,80,7,11,87,0,7,4
fire_24332591,2020-08-21,1,1319,1291,92,87,71,21,66,92,4,6,56
fire_24332591,2020-08-22,1,1386,1371,51,92,28,23,69,51,5,28,36
fire_24332591,2020-08-23,1,1354,1352,52,51,42,10,41,52,1,12,28
fire_24332591,2020-08-24,1,1393,1373,64,52,51,13,39,64,7,8,24
fire_24332591,2020-08-25,1,1124,1058,17,64,10,7,57,17,0,3,54
fire_24332591,2020-08-26,1,1383,1327,7,17,5,2,15,7,0,2,13
fire_24332591,2020-08-27,1,1594,1562,0,7,0,0,7,0,0,5,2
fire_24332591,2020-08-28,1,1632,1570,0,0,0,0,0,0,0,0,0
fire_24332591,2020-08-29,1,1569,1529,0,0,0,0,0,0,0,0,0
fire_24332591,2020-08-30,1,1519,1479,40,0,40,0,0,40,0,0,0
fire_24332591,2020-08-31,1,1644,1615,0,40,0,0,40,0,0,8,32
fire_24332591,2020-09-01,1,1443,1401,0,0,0,0,0,0,0,0,0
fire_24332591,2020-09-02,1,2333,2268,0,0,0,0,0,0,0,0,0
fire_24332591,2020-09-03,1,2398,2343,0,0,0,0,0,0,0,0,0
fire_24332591,2020-09-04,1,2389,2351,6,0,6,0,0,6,0,0,0
fire_24332591,2020-09-05,1,2017,1975,102,6,102,0,6,102,0,6,0
fire_24332591,2020-09-06,1,1896,1859,157,102,132,25,77,157,0,29,48
fire_24332591,2020-09-07,1,1984,1932,0,157,0,0,157,0,0,44,113
fire_24332591,2020-09-08,1,2931,2873,258,0,258,0,0,258,0,0,0
fire_24332591,2020-09-09,1,3214,3148,246,258,216,30,228,246,9,131,88
fire_24332591,2020-09-10,1,3788,3727,45,246,41,4,242,45,4,48,190
fire_24332591,2020-09-11,1,4000,3951,264,45,254,10,35,264,8,9,18
fire_24332591,2020-09-12,1,4265,4229,293,264,255,38,226,293,10,71,145
fire_24332592,2020-08-16,0,510,444,0,0,0,0,0,0,0,0,0
fire_24332592,2020-08-19,3,794,728,44,0,44,0,0,44,0,0,0
fire_24332592,2020-08-20,1,926,860,56,44,49,7,37,56,0,4,33
fire_24332592,2020-08-21,1,690,624,25,56,22,3,53,25,0,14,39
fire_24332592,2020-08-22,1,811,745,34,25,29,5,20,34,0,4,16
fire_24332592,2020-08-23,1,1317,1261,141,34,131,10,24,141,0,9,15
fire_24332592,2020-08-24,1,3055,2998,18,141,18,0,141,18,0,32,109
fire_24332592,2020-08-25,1,3792,3726,7,18,7,0,18,7,0,3,15
fire_24332592,2020-08-26,1,3689,3651,78,7,78,0,7,78,0,0,7
fire_24332592,2020-08-27,1,2380,2380,48,78,38,10,68,48,0,32,36
fire_24332592,2020-08-28,1,1536,1490,0,48,0,0,48,0,0,15,33
fire_24332592,2020-08-29,1,1670,1604,0,0,0,0,0,0,0,0,0
fire_24332592,2020-08-30,1,2741,2675,170,0,170,0,0,170,0,0,0
fire_24332592,2020-08-31,1,1730,1667,77,170,63,14,156,77,0,40,116
fire_24332592,2020-09-01,1,776,734,11,77,10,1,76,11,0,24,52
fire_24332592,2020-09-02,1,1391,1383,0,11,0,0,11,0,0,3,8
fire_24332592,2020-09-03,1,662,596,0,0,0,0,0,0,0,0,0
fire_24332592,2020-09-04,1,1263,1223,0,0,0,0,0,0,0,0,0
fire_24332592,2020-09-05,1,1098,1033,32,0,32,0,0,32,0,0,0
fire_24332592,2020-09-06,1,861,795,14,32,12,2,30,14,0,0,30
fire_24332592,2020-09-08,2,462,396,7,0,7,0,0,7,0,0,0
fire_24332592,2020-09-09,1,602,536,0,7,0,0,7,0,0,2,5
fire_24332600,2020-08-08,0,1168,1164,0,0,0,0,0,0,0,0,0
fire_24332600,2020-08-09,1,1180,1158,0,0,0,0,0,0,0,0,0
fire_24332600,2020-08-10,1,1750,1710,0,0,0,0,0,0,0,0,0
fire_24332600,2020-08-11,1,1292,1257,0,0,0,0,0,0,0,0,0
fire_24332600,2020-08-12,1,1367,1342,104,0,104,0,0,104,0,0,0
fire_24332600,2020-08-13,1,1435,1409,134,104,97,37,67,134,4,36,27
fire_24332600,2020-08-14,1,1511,1486,93,134,58,35,99,93,5,37,57
fire_24332600,2020-08-15,1,1921,1890,139,93,96,43,50,139,4,24,22
fire_24332600,2020-08-16,1,1655,1599,68,139,47,21,118,68,7,37,74
fire_24332600,2020-08-17,1,1606,1585,63,68,54,9,59,63,0,11,48
fire_24332600,2020-08-18,1,1322,1273,9,63,7,2,61,9,0,27,34
fire_24332600,2020-08-19,1,1336,1327,14,9,12,2,7,14,0,0,7
fire_24332600,2020-08-20,1,1705,1675,87,14,83,4,10,87,0,6,4
fire_24332600,2020-08-21,1,1327,1291,97,87,75,22,65,97,7,3,55
fire_24332600,2020-08-22,1,1392,1371,37,97,18,19,78,37,8,25,45
fire_24332608,2020-08-24,0,1392,1373,65,0,65,0,0,65,0,0,0
fire_24332608,2020-08-25,1,1121,1058,17,65,10,7,58,17,0,3,55
fire_24332608,2020-08-26,1,1333,1327,7,17,5,2,15,7,0,2,13
fire_24332608,2020-08-27,1,1592,1562,0,7,0,0,7,0,0,5,2
fire_24332608,2020-08-28,1,1598,1570,0,0,0,0,0,0,0,0,0
fire_24332608,2020-08-29,1,1565,1529,0,0,0,0,0,0,0,0,0
fire_24332608,2020-08-30,1,1517,1479,39,0,39,0,0,39,0,0,0
fire_24332608,2020-08-31,1,1641,1615,0,39,0,0,39,0,1,7,31
fire_24332608,2020-09-01,1,1441,1401,0,0,0,0,0,0,0,0,0
fire_24332608,2020-09-02,1,2333,2268,0,0,0,0,0,0,0,0,0
fire_24332608,2020-09-03,1,2396,2343,0,0,0,0,0,0,0,0,0
fire_24332608,2020-09-04,1,2389,2351,7,0,7,0,0,7,0,0,0
fire_24332608,2020-09-05,1,2017,1975,99,7,99,0,7,99,0,7,0
fire_24332608,2020-09-06,1,1902,1859,162,99,134,28,71,162,0,27,44
fire_24332608,2020-09-07,1,1985,1932,0,162,0,0,162,0,1,44,117
fire_24332608,2020-09-08,1,2929,2873,250,0,250,0,0,250,0,0,0
fire_24332608,2020-09-09,1,3214,3148,248,250,218,30,220,248,8,126,86
fire_24332608,2020-09-10,1,3784,3727,48,248,44,4,244,48,4,48,192
fire_24332608,2020-09-11,1,4003,3951,302,48,293,9,39,302,8,9,22
fire_24332608,2020-09-12,1,3815,3778,281,302,235,46,256,281,8,80,168
fire_24332608,2020-09-13,1,3325,3264,224,281,161,63,218,224,13,82,123
fire_24332608,2020-09-14,1,3720,3656,354,224,294,60,164,354,13,63,88
fire_24332608,2020-09-15,1,3459,3459,298,354,199,99,255,298,0,81,174
fire_24332608,2020-09-16,1,4003,3963,391,298,272,119,179,391,9,115,55
fire_24332608,2020-09-17,1,3879,3837,235,391,156,79,312,235,10,65,237
fire_24332608,2020-09-18,1,3047,2981,58,235,37,21,214,58,0,46,168
fire_24332608,2020-09-19,1,2843,2805,0,58,0,0,58,0,0,4,54
fire_24332608,2020-09-20,1,1672,1606,0,0,0,0,0,0,0,0,0
fire_24332608,2020-09-21,1,2909,2900,0,0,0,0,0,0,0,0,0
fire_24332608,2020-09-22,1,3304,3264,176,0,176,0,0,176,0,0,0
fire_24332608,2020-09-23,1,2705,2639,108,176,74,34,142,108,0,36,106
fire_24332608,2020-09-24,1,2925,2881,0,108,0,0,108,0,7,27,74
fire_24332608,2020-09-25,1,858,792,0,0,0,0,0,0,0,0,0
fire_24332608,2020-09-26,1,981,919,0,0,0,0,0,0,0,0,0
fire_24332608,2020-09-27,1,2000,1936,0,0,0,0,0,0,0,0,0
fire_24332608,2020-09-28,1,3230,3192,0,0,0,0,0,0,0,0,0
fire_24332608,2020-09-29,1,4397,4332,195,0,195,0,0,195,0,0,0
fire_24332608,2020-09-30,1,3732,3693,160,195,129,31,164,160,6,58,100
fire_24332608,2020-10-01,1,4038,3980,0,160,0,0,160,0,9,53,98
fire_24332608,2020-10-02,1,4322,4276,0,0,0,0,0,0,0,0,0
fire_24332608,2020-10-03,1,4480,4463,0,0,0,0,0,0,0,0,0
fire_24332608,2020-10-04,1,3833,3767,36,0,36,0,0,36,0,0,0
fire_24332608,2020-10-05,1,3468,3428,0,36,0,0,36,0,0,8,28
fire_24332608,2020-10-06,1,3110,3044,123,0,123,0,0,123,0,0,0
fire_24332608,2020-10-07,1,3581,3539,76,123,56,20,103,76,10,35,58
fire_24332608,2020-10-08,1,2796,2771,92,76,71,21,55,92,3,22,30
fire_24332608,2020-10-09,1,3360,3313,124,92,104,20,72,124,0,20,52
fire_24332608,2020-10-10,1,2921,2855,124,124,91,33,91,124,0,29,62
fire_24332608,2020-10-11,1,579,513,0,124,0,0,124,0,0,91,33
fire_24332608,2020-10-13,2,515,449,2,0,2,0,0,2,0,0,0
fire_24332608,2020-10-14,1,1086,1020,0,2,0,0,2,0,0,1,1
fire_24332608,2020-10-15,1,1440,1374,0,0,0,0,0,0,0,0,0
fire_24332608,2020-10-16,1,1425,1359,0,0,0,0,0,0,0,0,0
fire_24332619,2020-08-14,0,833,786,8,0,8,0,0,8,0,0,0
fire_24332619,2020-08-15,1,1839,1801,26,8,26,0,8,26,0,1,7
fire_24332619,2020-08-16,1,451,444,0,26,0,0,26,0,0,26,0
fire_24332622,2020-08-19,0,1202,1139,28,0,28,0,0,28,0,0,0
fire_24332622,2020-08-20,1,1593,1552,195,28,182,13,15,195,1,8,6
fire_24332622,2020-08-21,1,2174,2127,216,195,142,74,121,216,10,102,9
fire_24332622,2020-08-22,1,2477,2431,350,216,246,104,112,350,9,73,30
fire_24332622,2020-08-23,1,2393,2354,345,350,197,148,202,345,10,94,98
fire_24332622,2020-08-24,1,3436,3384,268,345,201,67,278,268,15,143,120
fire_24332622,2020-08-25,1,2854,2809,156,268,136,20,248,156,6,38,204
fire_24332622,2020-08-26,1,2793,2751,79,156,59,20,136,79,12,18,106
fire_24332622,2020-08-27,1,2743,2730,111,79,88,23,56,111,1,17,38
fire_24332622,2020-08-28,1,1986,1972,109,111,85,24,87,109,0,22,65
fire_24332622,2020-08-29,1,1704,1696,0,109,0,0,109,0,0,24,85
fire_24332622,2020-08-30,1,1654,1614,70,0,70,0,0,70,0,0,0
fire_24332622,2020-08-31,1,1230,1220,48,70,20,28,42,48,0,11,31
fire_24332622,2020-09-01,1,750,684,0,48,0,0,48,0,0,16,32
fire_24332622,2020-09-02,1,1068,1043,0,0,0,0,0,0,0,0,0
fire_24332622,2020-09-03,1,66,0,0,0,0,0,0,0,0,0,0
fire_24332622,2020-09-04,1,405,396,0,0,0,0,0,0,0,0,0
fire_24332622,2020-09-05,1,66,0,0,0,0,0,0,0,0,0,0
fire_24332622,2020-09-06,1,66,0,0,0,0,0,0,0,0,0,0
fire_24332622,2020-09-07,1,462,396,7,0,7,0,0,7,0,0,0
fire_24332622,2020-09-08,1,66,0,0,7,0,0,7,0,0,7,0
fire_24332622,2020-09-09,1,66,0,0,0,0,0,0,0,0,0,0
fire_24332622,2020-09-10,1,66,0,0,0,0,0,0,0,0,0,0
fire_24332622,2020-09-11,1,482,416,0,0,0,0,0,0,0,0,0
fire_24332628,2020-08-18,0,1872,1806,0,0,0,0,0,0,0,0,0
fire_24332628,2020-08-19,1,3152,3090,10,0,10,0,0,10,0,0,0
fire_24332628,2020-08-20,1,8933,8874,668,10,665,3,7,668,2,5,0
fire_24332628,2020-08-21,1,11437,11377,785,668,696,89,579,785,0,392,187
fire_24332628,2020-08-22,1,11675,11617,622,785,501,121,664,622,5,324,335
fire_24332628,2020-08-23,1,11708,11658,351,622,254,97,525,351,1,209,315
fire_24332628,2020-08-24,1,11567,11512,776,351,656,120,231,776,15,137,79
fire_24332628,2020-08-25,1,9572,9534,345,776,276,69,707,345,3,197,507
fire_24332628,2020-08-26,1,11300,11262,33,345,23,10,335,33,5,178,152
fire_24332628,2020-08-27,1,10700,10659,177,33,164,13,20,177,0,15,5
fire_24332628,2020-08-28,1,10086,10056,85,177,70,15,162,85,0,54,108
fire_24332628,2020-08-29,1,11240,11198,721,85,712,9,76,721,3,43,30
fire_24332628,2020-08-30,1,10828,10779,568,721,408,160,561,568,4,184,373
fire_24332628,2020-08-31,1,10598,10568,684,568,455,229,339,684,0,185,154
fire_24332628,2020-09-01,1,10563,10509,601,684,373,228,456,601,6,242,208
fire_24332628,2020-09-02,1,11443,11379,6,601,5,1,600,6,13,210,377
fire_24332628,2020-09-03,1,11060,11022,519,6,518,1,5,519,0,4,1
fire_24332628,2020-09-04,1,11104,11080,653,519,536,117,402,653,0,100,302
fire_24332628,2020-09-05,1,11106,11054,850,653,635,215,438,850,0,217,221
fire_24332628,2020-09-06,1,11750,11691,342,850,227,115,735,342,13,234,488
fire_24332628,2020-09-07,1,11853,11810,250,342,224,26,316,250,6,81,229
fire_24332628,2020-09-08,1,12431,12378,1074,250,987,87,163,1074,0,84,79
fire_24332628,2020-09-09,1,12674,12608,1,1074,0,1,1073,1,3,600,470
fire_24332628,2020-09-10,1,15911,15860,7,1,7,0,1,7,0,0,1
fire_24332628,2020-09-11,1,18231,18165,707,7,706,1,6,707,0,5,1
fire_24332628,2020-09-12,1,16986,16940,1130,707,963,167,540,1130,8,157,375
fire_24332628,2020-09-13,1,15472,15428,1012,1130,725,287,843,1012,7,246,590
fire_24332628,2020-09-14,1,15780,15717,963,1012,772,191,821,963,3,366,452
fire_24332628,2020-09-15,1,16073,16007,1448,963,1212,236,727,1448,0,383,344
fire_24332628,2020-09-16,1,17417,17354,1470,1448,997,473,975,1470,8,491,476
fire_24332628,2020-09-17,1,16709,16645,1081,1470,732,349,1121,1081,15,364,742
fire_24332628,2020-09-18,1,12743,12690,720,1081,522,198,883,720,10,338,535
fire_24332628,2020-09-19,1,10980,10932,171,720,112,59,661,171,0,132,529
fire_24332628,2020-09-20,1,8297,8243,340,171,303,37,134,340,0,15,119
fire_24332628,2020-09-21,1,9387,9321,625,340,486,139,201,625,0,113,88
fire_24332628,2020-09-22,1,9544,9502,712,625,457,255,370,712,1,165,204
fire_24332628,2020-09-23,1,8756,8696,634,712,411,223,489,634,0,136,353
fire_24332628,2020-09-24,1,9106,9087,437,634,292,145,489,437,1,130,358
fire_24332628,2020-09-25,1,5207,5156,65,437,42,23,414,65,13,146,255
fire_24332628,2020-09-26,1,5376,5331,168,65,146,22,43,168,2,8,33
fire_24332628,2020-09-27,1,6004,5938,168,168,114,54,114,168,0,66,48
fire_24332628,2020-09-28,1,9859,9816,0,168,0,0,168,0,4,51,113
fire_24332628,2020-09-29,1,10856,10809,344,0,344,0,0,344,0,0,0
fire_24332628,2020-09-30,1,9452,9398,716,344,671,45,299,716,7,64,228
fire_24332628,2020-10-01,1,10286,10252,683,716,537,146,570,683,8,162,400
fire_24332628,2020-10-02,1,10071,10018,303,683,202,101,582,303,2,206,374
fire_24332628,2020-10-03,1,8983,8953,245,303,217,28,275,245,3,64,208
fire_24332628,2020-10-04,1,6535,6478,108,245,81,27,218,108,8,69,141
fire_24332628,2020-10-05,1,6596,6537,288,108,268,20,88,288,2,43,43
fire_24332628,2020-10-06,1,6353,6287,85,288,65,20,268,85,0,53,215
fire_24332628,2020-10-07,1,6641,6595,350,85,312,38,47,350,10,24,13
fire_24332628,2020-10-08,1,7174,7126,394,350,301,93,257,394,0,108,149
fire_24332628,2020-10-09,1,5143,5097,261,394,194,67,327,261,9,109,209
fire_24332628,2020-10-10,1,4380,4323,255,261,175,80,181,255,6,88,87
fire_24332628,2020-10-12,2,812,746,29,0,29,0,0,29,0,0,0
fire_24332628,2020-10-13,1,3266,3200,89,29,82,7,22,89,0,6,16
fire_24332628,2020-10-14,1,1838,1772,26,89,20,6,83,26,0,33,50
fire_24332628,2020-10-15,1,2128,2062,12,26,12,0,26,12,0,11,15
fire_24332628,2020-10-16,1,2460,2394,0,12,0,0,12,0,0,6,6
fire_24332628,2020-10-17,1,3618,3552,0,0,0,0,0,0,0,0,0
fire_24332628,2020-10-18,1,2153,2087,0,0,0,0,0,0,0,0,0
fire_24332628,2020-10-19,1,2178,2112,8,0,8,0,0,8,0,0,0
fire_24332628,2020-10-20,1,462,396,0,8,0,0,8,0,0,8,0
fire_24332628,2020-10-21,1,477,411,0,0,0,0,0,0,0,0,0
fire_24332628,2020-10-24,3,462,396,0,0,0,0,0,0,0,0,0
fire_24332647,2020-08-18,0,555,489,0,0,0,0,0,0,0,0,0
fire_24332647,2020-08-19,1,2851,2785,41,0,41,0,0,41,0,0,0
fire_24332647,2020-08-20,1,3539,3482,200,41,180,20,21,200,0,17,4
fire_24332647,2020-08-21,1,3739,3673,188,200,134,54,146,188,26,61,59
fire_24332647,2020-08-22,1,3281,3249,281,188,230,51,137,281,2,93,42
fire_24332647,2020-08-23,1,3249,3246,285,281,194,91,190,285,2,92,96
fire_24332647,2020-08-24,1,3171,3129,194,285,150,44,241,194,8,77,156
fire_24332647,2020-08-25,1,2783,2746,150,194,122,28,166,150,8,34,124
fire_24332647,2020-08-26,1,2985,2961,105,150,85,20,130,105,3,40,87
fire_24332647,2020-08-27,1,3260,3194,160,105,133,27,78,160,0,55,23
fire_24332647,2020-08-28,1,3372,3306,241,160,188,53,107,241,0,37,70
fire_24332647,2020-08-29,1,2741,2709,0,241,0,0,241,0,8,64,169
fire_24332647,2020-08-30,1,3267,3229,242,0,242,0,0,242,0,0,0
fire_24332647,2020-08-31,1,3014,2981,230,242,127,103,139,230,9,49,81
fire_24332647,2020-09-01,1,2888,2852,0,230,0,0,230,0,5,49,176
fire_24332647,2020-09-02,1,2761,2729,0,0,0,0,0,0,0,0,0
fire_24332647,2020-09-03,1,2371,2330,150,0,150,0,0,150,0,0,0
fire_24332647,2020-09-04,1,2137,2105,0,150,0,0,150,0,2,34,114
fire_24332647,2020-09-05,1,2010,1998,78,0,78,0,0,78,0,0,0
fire_24332647,2020-09-06,1,1721,1677,46,78,39,7,71,46,2,20,49
fire_24332647,2020-09-07,1,1681,1652,0,46,0,0,46,0,0,3,43
fire_24332647,2020-09-08,1,1851,1824,96,0,96,0,0,96,0,0,0
fire_24332647,2020-09-09,1,3750,3686,0,96,0,0,96,0,0,50,46
fire_24332647,2020-09-10,1,7818,7767,0,0,0,0,0,0,0,0,0
fire_24332647,2020-09-11,1,8500,8455,208,0,208,0,0,208,0,0,0
fire_24332647,2020-09-12,1,8155,8091,370,208,337,33,175,370,0,45,130
fire_24332647,2020-09-13,1,6867,6830,235,370,184,51,319,235,0,82,237
fire_24332647,2020-09-14,1,6728,6669,281,235,228,53,182,281,17,48,117
fire_24332647,2020-09-15,1,5780,5724,381,281,313,68,213,381,9,78,126
fire_24332647,2020-09-16,1,5218,5152,288,381,196,92,289,288,13,91,185
fire_24332647,2020-09-17,1,5276,5228,252,288,201,51,237,252,12,77,148
fire_24332647,2020-09-18,1,4980,4948,280,252,230,50,202,280,2,76,124
fire_24332647,2020-09-19,1,3721,3683,213,280,172,41,239,213,0,58,181
fire_24332647,2020-09-20,1,3539,3497,33,213,31,2,211,33,0,40,171
fire_24332647,2020-09-21,1,4341,4299,47,33,38,9,24,47,10,3,11
fire_24332647,2020-09-22,1,4081,4046,279,47,262,17,30,279,0,17,13
fire_24332647,2020-09-23,1,3846,3798,344,279,241,103,176,344,11,50,115
fire_24332647,2020-09-24,1,4069,4030,359,344,214,145,199,359,5,67,127
fire_24332647,2020-09-25,1,3738,3691,268,359,155,113,246,268,18,64,164
fire_24332647,2020-09-26,1,3400,3334,211,268,128,83,185,211,0,25,160
fire_24332647,2020-09-27,1,2709,2643,102,211,56,46,165,102,0,68,97
fire_24332647,2020-09-28,1,4449,4392,0,102,0,0,102,0,6,42,54
fire_24332647,2020-09-29,1,4273,4219,0,0,0,0,0,0,0,0,0
fire_24332647,2020-09-30,1,4304,4249,0,0,0,0,0,0,0,0,0
fire_24332647,2020-10-01,1,2893,2886,0,0,0,0,0,0,0,0,0
fire_24332647,2020-10-02,1,3192,3188,0,0,0,0,0,0,0,0,0
fire_24332647,2020-10-03,1,3006,2975,0,0,0,0,0,0,0,0,0
fire_24332647,2020-10-04,1,2210,2144,21,0,21,0,0,21,0,0,0
fire_24332647,2020-10-05,1,2079,2013,0,21,0,0,21,0,0,6,15
fire_24332647,2020-10-06,1,985,919,0,0,0,0,0,0,0,0,0
fire_24332647,2020-10-07,1,2479,2413,38,0,38,0,0,38,0,0,0
fire_24332647,2020-10-08,1,2369,2303,35,38,28,7,31,35,0,4,27
fire_24332647,2020-10-09,1,1151,1147,22,35,6,16,19,22,0,16,3
fire_24332676,2020-08-16,0,1487,1435,90,0,90,0,0,90,0,0,0
fire_24332676,2020-08-17,1,2102,2044,42,90,39,3,87,42,2,17,68
fire_24332676,2020-08-18,1,1924,1882,0,42,0,0,42,0,8,15,19
fire_24332676,2020-08-19,1,1158,1154,20,0,20,0,0,20,0,0,0
fire_24332676,2020-08-20,1,1551,1506,61,20,54,7,13,61,0,12,1
fire_24332676,2020-08-21,1,802,795,49,61,36,13,48,49,0,5,43
fire_24332676,2020-08-22,1,416,416,18,49,8,10,39,18,0,28,11
fire_24332700,2020-08-19,0,3555,3504,0,0,0,0,0,0,0,0,0
fire_24332700,2020-08-20,1,9977,9923,98,0,98,0,0,98,0,0,0
fire_24332700,2020-08-21,1,12052,12011,90,98,83,7,91,90,7,30,54
fire_24332700,2020-08-22,1,10292,10269,4,90,3,1,89,4,0,20,69
fire_24332700,2020-08-23,1,6293,6246,0,4,0,0,4,0,0,0,4
fire_24332700,2020-08-24,1,6916,6889,27,0,27,0,0,27,0,0,0
fire_24332700,2020-08-25,1,4191,4151,13,27,12,1,26,13,2,0,24
fire_24332700,2020-08-26,1,5289,5267,0,13,0,0,13,0,0,8,5
fire_24332700,2020-08-27,1,3335,3300,4,0,4,0,0,4,0,0,0
fire_24332700,2020-08-28,1,1984,1947,25,4,24,1,3,25,0,3,0
fire_24332700,2020-08-29,1,2677,2611,14,25,11,3,22,14,0,8,14
fire_24332700,2020-08-30,1,2073,2028,13,14,11,2,12,13,0,8,4
fire_24332700,2020-08-31,1,649,583,16,13,15,1,12,16,0,2,10
fire_24332700,2020-09-01,1,858,792,4,16,4,0,16,4,0,0,16
fire_24332700,2020-09-02,1,462,396,0,4,0,0,4,0,0,0,4
fire_24332702,2020-08-19,0,582,544,0,0,0,0,0,0,0,0,0
fire_24332702,2020-08-20,1,3149,3101,18,0,18,0,0,18,0,0,0
fire_24332702,2020-08-21,1,3333,3284,6,18,6,0,18,6,0,0,18
fire_24332702,2020-08-22,1,4107,4050,1,6,1,0,6,1,0,6,0
fire_24332702,2020-08-23,1,4067,4065,0,1,0,0,1,0,0,0,1
fire_24332702,2020-08-24,1,3401,3398,23,0,23,0,0,23,0,0,0
fire_24332702,2020-08-25,1,2761,2723,1,23,1,0,23,1,2,0,21
fire_24332702,2020-08-26,1,3881,3869,0,1,0,0,1,0,0,0,1
fire_24332702,2020-08-27,1,3055,3003,4,0,4,0,0,4,0,0,0
fire_24332702,2020-08-28,1,1825,1759,30,4,29,1,3,30,0,3,0
fire_24332702,2020-08-29,1,2052,1986,11,30,9,2,28,11,0,9,19
fire_24332702,2020-08-30,1,1379,1313,6,11,4,2,9,6,0,7,2
fire_24332702,2020-08-31,1,649,583,14,6,14,0,6,14,0,2,4
fire_24332704,2020-08-31,0,946,899,79,0,79,0,0,79,0,0,0
fire_24332704,2020-09-01,1,1053,992,96,79,78,18,61,96,15,11,35
fire_24332704,2020-09-02,1,1434,1385,0,96,0,0,96,0,10,28,58
fire_24332704,2020-09-03,1,1629,1605,0,0,0,0,0,0,0,0,0
fire_24332704,2020-09-04,1,2101,2060,109,0,109,0,0,109,0,0,0
fire_24332704,2020-09-05,1,2005,1949,164,109,140,24,85,164,0,9,76
fire_24332704,2020-09-06,1,1970,1913,170,164,115,55,109,170,25,54,30
fire_24332704,2020-09-07,1,1608,1560,148,170,95,53,117,148,7,43,67
fire_24332704,2020-09-08,1,1699,1675,108,148,71,37,111,108,2,18,91
fire_24332704,2020-09-09,1,1341,1275,0,108,0,0,108,0,22,24,62
fire_24332704,2020-09-10,1,1060,1052,8,0,8,0,0,8,0,0,0
fire_24332704,2020-09-11,1,1049,1043,56,8,51,5,3,56,1,2,0
fire_24332704,2020-09-12,1,1007,989,63,56,43,20,36,63,4,10,22
fire_24332704,2020-09-13,1,1458,1395,90,63,70,20,43,90,16,9,18
fire_24332704,2020-09-14,1,1195,1157,54,90,34,20,70,54,0,17,53
fire_24332704,2020-09-15,1,1157,1132,65,54,51,14,40,65,3,7,30
fire_24332704,2020-09-16,1,729,707,28,65,22,6,59,28,0,18,41
fire_24332704,2020-09-17,1,906,906,29,28,13,16,12,29,0,0,12
fire_24332704,2020-09-18,1,462,396,7,29,7,0,29,7,0,9,20
fire_24332728,2020-08-18,0,593,527,0,0,0,0,0,0,0,0,0
fire_24332731,2020-08-20,0,944,878,7,0,7,0,0,7,0,0,0
fire_24332731,2020-08-21,1,773,772,0,7,0,0,7,0,0,7,0
fire_24332731,2020-08-22,1,802,749,0,0,0,0,0,0,0,0,0
fire_24332731,2020-08-23,1,434,431,0,0,0,0,0,0,0,0,0
fire_24332731,2020-08-24,1,492,486,0,0,0,0,0,0,0,0,0
fire_24332731,2020-08-25,1,494,479,0,0,0,0,0,0,0,0,0
fire_24332731,2020-08-26,1,66,0,0,0,0,0,0,0,0,0,0
fire_24332732,2020-08-15,0,858,792,0,0,0,0,0,0,0,0,0
fire_24332732,2020-08-16,1,1066,1000,0,0,0,0,0,0,0,0,0
fire_24332732,2020-08-17,1,1897,1878,0,0,0,0,0,0,0,0,0
fire_24332732,2020-08-18,1,3177,3128,0,0,0,0,0,0,0,0,0
fire_24332732,2020-08-19,1,6059,6009,0,0,0,0,0,0,0,0,0
fire_24332732,2020-08-20,1,9097,9031,308,0,308,0,0,308,0,0,0
fire_24332732,2020-08-21,1,12065,12019,435,308,408,27,281,435,0,152,129
fire_24332732,2020-08-22,1,10992,10926,101,435,91,10,425,101,0,145,280
fire_24332732,2020-08-23,1,8445,8396,12,101,8,4,97,12,0,20,77
fire_24332732,2020-08-24,1,8815,8760,302,12,300,2,10,302,0,7,3
fire_24332732,2020-08-25,1,7262,7198,12,302,7,5,297,12,0,80,217
fire_24332732,2020-08-26,1,5592,5555,3,12,3,0,12,3,0,1,11
fire_24332732,2020-08-27,1,5508,5454,41,3,41,0,3,41,0,0,3
fire_24332732,2020-08-28,1,3578,3512,97,41,77,20,21,97,0,5,16
fire_24332732,2020-08-29,1,4243,4218,116,97,96,20,77,116,5,13,59
fire_24332732,2020-08-30,1,2610,2550,26,116,22,4,112,26,7,39,66
fire_24332732,2020-08-31,1,4282,4243,34,26,32,2,24,34,0,10,14
fire_24332732,2020-09-01,1,3109,3057,23,34,22,1,33,23,0,23,10
fire_24332732,2020-09-02,1,2185,2119,2,23,2,0,23,2,0,0,23
fire_24332732,2020-09-03,1,462,396,0,2,0,0,2,0,0,2,0
fire_24332732,2020-09-04,1,1086,1020,0,0,0,0,0,0,0,0,0
fire_24332732,2020-09-05,1,492,426,0,0,0,0,0,0,0,0,0
fire_24332732,2020-09-06,1,724,658,0,0,0,0,0,0,0,0,0
fire_24332732,2020-09-07,1,1066,1000,0,0,0,0,0,0,0,0,0
fire_24332732,2020-09-08,1,462,396,0,0,0,0,0,0,0,0,0
fire_24332746,2020-08-17,0,2367,2363,0,0,0,0,0,0,0,0,0
fire_24332746,2020-08-18,1,2233,2167,0,0,0,0,0,0,0,0,0
fire_24332746,2020-08-19,1,2949,2907,0,0,0,0,0,0,0,0,0
fire_24332746,2020-08-20,1,4345,4279,5,0,5,0,0,5,0,0,0
fire_24332746,2020-08-21,1,4572,4555,16,5,16,0,5,16,0,5,0
fire_24332746,2020-08-22,1,5248,5248,0,16,0,0,16,0,0,2,14
fire_24332746,2020-08-23,1,4981,4961,0,0,0,0,0,0,0,0,0
fire_24332746,2020-08-24,1,4037,4007,32,0,32,0,0,32,0,0,0
fire_24332746,2020-08-25,1,4088,4082,0,32,0,0,32,0,0,9,23
fire_24332746,2020-08-26,1,3302,3286,1,0,1,0,0,1,0,0,0
fire_24332746,2020-08-27,1,3546,3480,0,1,0,0,1,0,0,0,1
fire_24332746,2020-08-28,1,1293,1227,14,0,14,0,0,14,0,0,0
fire_24332746,2020-08-29,1,462,396,0,14,0,0,14,0,0,14,0
fire_24332746,2020-08-30,1,442,376,0,0,0,0,0,0,0,0,0
fire_24332746,2020-08-31,1,858,792,8,0,8,0,0,8,0,0,0
fire_24332746,2020-09-01,1,1254,1188,0,8,0,0,8,0,0,8,0
fire_24332746,2020-09-02,1,858,792,0,0,0,0,0,0,0,0,0
fire_24332760,2020-08-18,0,922,866,4,0,4,0,0,4,0,0,0
fire_24332760,2020-08-19,1,1679,1632,2,4,2,0,4,2,1,0,3
fire_24332760,2020-08-20,1,4145,4084,94,2,94,0,2,94,0,1,1
fire_24332760,2020-08-21,1,4935,4884,132,94,129,3,91,132,0,74,17
fire_24332760,2020-08-22,1,4649,4642,67,132,63,4,128,67,3,44,81
fire_24332760,2020-08-23,1,3673,3633,16,67,16,0,67,16,2,22,43
fire_24332760,2020-08-24,1,3539,3473,73,16,69,4,12,73,0,1,11
fire_24332760,2020-08-25,1,2982,2980,7,73,7,0,73,7,0,27,46
fire_24332760,2020-08-26,1,1515,1449,12,7,10,2,5,12,0,2,3
fire_24332760,2020-08-27,1,1464,1450,0,12,0,0,12,0,0,1,11
fire_24332760,2020-08-28,1,1626,1614,75,0,75,0,0,75,0,0,0
fire_24332760,2020-08-29,1,1724,1699,62,75,50,12,63,62,10,35,18
fire_24332760,2020-08-30,1,1725,1666,69,62,54,15,47,69,0,16,31
fire_24332760,2020-08-31,1,2153,2104,63,69,50,13,56,63,8,18,30
fire_24332761,2020-08-20,0,4183,4123,93,0,93,0,0,93,0,0,0
fire_24332761,2020-08-21,1,5163,5115,123,93,120,3,90,123,0,74,16
fire_24332761,2020-08-22,1,4988,4936,70,123,67,3,120,70,3,43,74
fire_24332761,2020-08-23,1,4103,4070,22,70,21,1,69,22,0,27,42
fire_24332761,2020-08-24,1,3945,3939,74,22,68,6,16,74,0,2,14
fire_24332761,2020-08-25,1,3517,3451,6,74,6,0,74,6,0,28,46
fire_24332761,2020-08-26,1,1920,1854,13,6,12,1,5,13,0,0,5
fire_24332761,2020-08-27,1,1546,1523,4,13,4,0,13,4,0,1,12
fire_24332761,2020-08-28,1,1820,1804,77,4,76,1,3,77,2,1,0
fire_24332761,2020-08-29,1,2009,1985,63,77,52,11,66,63,8,38,20
fire_24332761,2020-08-30,1,2098,2047,80,63,64,16,47,80,3,17,27
fire_24332761,2020-08-31,1,2565,2522,83,80,63,20,60,83,12,18,30
fire_24332763,2020-08-21,0,462,396,7,0,7,0,0,7,0,0,0
fire_24332763,2020-08-22,1,1405,1339,30,7,30,0,7,30,0,7,0
fire_24332763,2020-08-23,1,1495,1429,23,30,14,9,21,23,0,12,9
fire_24332763,2020-08-24,1,1574,1512,66,23,64,2,21,66,0,19,2
fire_24332763,2020-08-25,1,2114,2048,101,66,92,9,57,101,0,28,29
fire_24332763,2020-08-26,1,2247,2187,119,101,96,23,78,119,2,32,44
fire_24332763,2020-08-27,1,2532,2512,221,119,173,48,71,221,0,30,41
fire_24332763,2020-08-28,1,2735,2718,237,221,174,63,158,237,3,61,94
fire_24332763,2020-08-29,1,2888,2849,250,237,177,73,164,250,8,82,74
fire_24332763,2020-08-30,1,3332,3268,310,250,253,57,193,310,0,128,65
fire_24332763,2020-08-31,1,3219,3162,290,310,226,64,246,290,1,63,182
fire_24332763,2020-09-01,1,4032,3982,255,290,190,65,225,255,3,43,179
fire_24332763,2020-09-02,1,4350,4311,28,255,22,6,249,28,8,62,179
fire_24332763,2020-09-03,1,4462,4426,104,28,101,3,25,104,0,9,16
fire_24332763,2020-09-04,1,4843,4781,12,104,12,0,104,12,6,36,62
fire_24332763,2020-09-05,1,4813,4747,162,12,161,1,11,162,0,2,9
fire_24332763,2020-09-06,1,5464,5399,249,162,205,44,118,249,15,33,70
fire_24332763,2020-09-07,1,5433,5380,59,249,39,20,229,59,7,46,176
fire_24332763,2020-09-08,1,5117,5076,262,59,243,19,40,262,0,13,27
fire_24332763,2020-09-09,1,4845,4791,214,262,147,67,195,214,14,45,136
fire_24332763,2020-09-10,1,4242,4184,136,214,82,54,160,136,13,30,117
fire_24332763,2020-09-11,1,4013,3985,80,136,53,27,109,80,2,18,89
fire_24332763,2020-09-12,1,4455,4422,99,80,65,34,46,99,3,22,21
fire_24332763,2020-09-13,1,4638,4578,77,99,54,23,76,77,15,31,30
fire_24332763,2020-09-14,1,5842,5776,248,77,235,13,64,248,10,36,18
fire_24332763,2020-09-15,1,6200,6134,304,248,284,20,228,304,2,181,45
fire_24332763,2020-09-16,1,6501,6437,397,304,340,57,247,397,14,79,154
fire_24332763,2020-09-17,1,6866,6809,206,397,147,59,338,206,11,100,227
fire_24332763,2020-09-18,1,6815,6758,167,206,123,44,162,167,7,55,100
fire_24332763,2020-09-19,1,5219,5209,118,167,107,11,156,118,2,74,80
fire_24332763,2020-09-20,1,7314,7266,152,118,126,26,92,152,9,48,35
fire_24332763,2020-09-21,1,7300,7246,345,152,327,18,134,345,10,40,84
fire_24332763,2020-09-22,1,6649,6611,439,345,325,114,231,439,0,117,114
fire_24332763,2020-09-23,1,7599,7565,628,439,415,213,226,628,0,95,131
fire_24332763,2020-09-24,1,6249,6217,441,628,278,163,465,441,10,131,324
fire_24332763,2020-09-25,1,6307,6307,298,441,190,108,333,298,0,115,218
fire_24332763,2020-09-26,1,5556,5551,338,298,242,96,202,338,0,102,100
fire_24332763,2020-09-27,1,4873,4849,222,338,119,103,235,222,0,65,170
fire_24332763,2020-09-28,1,5358,5330,109,222,60,49,173,109,0,55,118
fire_24332763,2020-09-29,1,4462,4425,73,109,43,30,79,73,0,50,29
fire_24332763,2020-09-30,1,4379,4313,179,73,159,20,53,179,0,22,31
fire_24332763,2020-10-01,1,3599,3558,186,179,132,54,125,186,1,61,63
fire_24332763,2020-10-02,1,3946,3898,60,186,33,27,159,60,8,37,114
fire_24332763,2020-10-03,1,5120,5065,90,60,69,21,39,90,0,23,16
fire_24332763,2020-10-04,1,4776,4758,23,90,19,4,86,23,0,33,53
fire_24332763,2020-10-05,1,5814,5779,176,23,170,6,17,176,0,2,15
fire_24332763,2020-10-06,1,5262,5206,131,176,100,31,145,131,5,57,83
fire_24332763,2020-10-07,1,4338,4284,66,131,60,6,125,66,3,33,89
fire_24332763,2020-10-08,1,4600,4538,182,66,168,14,52,182,0,11,41
fire_24332763,2020-10-09,1,3865,3825,174,182,131,43,139,174,0,24,115
fire_24332763,2020-10-10,1,3517,3451,43,174,28,15,159,43,0,40,119
fire_24332763,2020-10-11,1,1700,1634,67,43,57,10,33,67,0,11,22
fire_24332763,2020-10-12,1,2085,2019,102,67,71,31,36,102,0,6,30
fire_24332763,2020-10-13,1,2915,2864,133,102,99,34,68,133,0,24,44
fire_24332763,2020-10-14,1,3676,3610,163,133,120,43,90,163,0,56,34
fire_24332763,2020-10-15,1,2964,2922,18,163,8,10,153,18,4,32,117
fire_24332764,2020-08-17,0,66,0,0,0,0,0,0,0,0,0,0
fire_24332764,2020-08-18,1,66,0,0,0,0,0,0,0,0,0,0
fire_24332764,2020-08-19,1,577,511,0,0,0,0,0,0,0,0,0
fire_24332764,2020-08-20,1,2930,2870,84,0,84,0,0,84,0,0,0
fire_24332764,2020-08-21,1,3654,3608,117,84,112,5,79,117,16,55,8
fire_24332764,2020-08-22,1,4389,4346,48,117,45,3,114,48,3,38,73
fire_24332764,2020-08-23,1,4102,4070,19,48,19,0,48,19,0,14,34
fire_24332764,2020-08-24,1,3959,3939,77,19,71,6,13,77,0,2,11
fire_24332764,2020-08-25,1,3103,3055,5,77,5,0,77,5,3,22,52
fire_24332764,2020-08-26,1,1920,1854,12,5,11,1,4,12,0,0,4
fire_24332764,2020-08-27,1,1579,1523,2,12,2,0,12,2,0,1,11
fire_24332764,2020-08-28,1,1819,1804,85,2,85,0,2,85,2,0,0
fire_24332764,2020-08-29,1,2018,1985,74,85,58,16,69,74,13,35,21
fire_24332764,2020-08-30,1,2077,2047,117,74,94,23,51,117,4,19,28
fire_24332764,2020-08-31,1,2561,2522,99,117,66,33,84,99,15,26,43
fire_24332764,2020-09-01,1,2033,2000,144,99,106,38,61,144,6,30,25
fire_24332764,2020-09-02,1,1578,1554,64,144,32,32,112,64,5,27,80
fire_24332764,2020-09-03,1,1432,1412,56,64,38,18,46,56,0,12,34
fire_24332764,2020-09-04,1,1437,1421,50,56,27,23,33,50,4,10,19
fire_24332764,2020-09-05,1,1661,1635,50,50,34,16,34,50,5,8,21
fire_24332764,2020-09-06,1,1832,1802,93,50,72,21,29,93,11,15,3
fire_24332764,2020-09-07,1,2296,2272,0,93,0,0,93,0,8,13,72
fire_24332764,2020-09-08,1,1941,1896,144,0,144,0,0,144,0,0,0
fire_24332764,2020-09-09,1,3364,3315,262,144,249,13,131,262,1,81,49
fire_24332764,2020-09-10,1,4298,4242,183,262,153,30,232,183,13,65,154
fire_24332764,2020-09-11,1,4531,4489,93,183,76,17,166,93,6,13,147
fire_24332764,2020-09-12,1,3510,3497,87,93,70,17,76,87,0,30,46
fire_24332764,2020-09-13,1,3677,3651,84,87,58,26,61,84,3,14,44
fire_24332764,2020-09-14,1,3845,3809,107,84,89,18,66,107,8,20,38
fire_24332764,2020-09-15,1,2595,2563,148,107,129,19,88,148,12,26,50
fire_24332764,2020-09-16,1,2904,2849,156,148,131,25,123,156,24,27,72
fire_24332764,2020-09-17,1,2259,2246,108,156,80,28,128,108,0,33,95
fire_24332764,2020-09-18,1,1287,1221,45,108,33,12,96,45,0,56,40
fire_24332764,2020-09-19,1,1170,1152,31,45,25,6,39,31,6,1,32
fire_24332764,2020-09-20,1,783,717,24,31,15,9,22,24,0,7,15
fire_24332764,2020-09-21,1,926,890,22,24,16,6,18,22,4,1,13
fire_24332764,2020-09-22,1,622,556,20,22,16,4,18,20,0,5,13
fire_24332764,2020-09-23,1,830,764,7,20,5,2,18,7,0,2,16
fire_24332768,2020-08-21,0,1369,1317,0,0,0,0,0,0,0,0,0
fire_24332768,2020-08-22,1,1516,1468,0,0,0,0,0,0,0,0,0
fire_24332768,2020-08-23,1,1396,1389,0,0,0,0,0,0,0,0,0
fire_24332768,2020-08-24,1,1015,992,0,0,0,0,0,0,0,0,0
fire_24332776,2020-08-20,0,1541,1499,0,0,0,0,0,0,0,0,0
fire_24332776,2020-08-21,1,390,324,0,0,0,0,0,0,0,0,0
fire_24332776,2020-08-22,1,370,304,0,0,0,0,0,0,0,0,0
fire_24332776,2020-08-23,1,394,328,0,0,0,0,0,0,0,0,0
fire_24332776,2020-08-24,1,379,313,0,0,0,0,0,0,0,0,0
fire_24332776,2020-08-25,1,378,312,0,0,0,0,0,0,0,0,0
fire_24332776,2020-08-26,1,399,333,0,0,0,0,0,0,0,0,0
fire_24332776,2020-08-27,1,370,304,0,0,0,0,0,0,0,0,0
fire_24332776,2020-08-28,1,370,304,0,0,0,0,0,0,0,0,0
fire_24332779,2020-08-05,0,918,872,47,0,47,0,0,47,0,0,0
fire_24332779,2020-08-06,1,1169,1111,42,47,31,11,36,42,9,1,26
fire_24332779,2020-08-07,1,1024,963,72,42,60,12,30,72,0,14,16
fire_24332779,2020-08-08,1,681,679,19,72,9,10,62,19,0,2,60
fire_24332779,2020-08-09,1,400,396,4,19,4,0,19,4,0,10,9
fire_24332779,2020-08-10,1,796,792,1,4,1,0,4,1,0,0,4
fire_24332779,2020-08-14,4,462,396,0,0,0,0,0,0,0,0,0
fire_24332783,2020-08-17,0,1430,1373,0,0,0,0,0,0,0,0,0
fire_24332783,2020-08-18,1,2114,2083,0,0,0,0,0,0,0,0,0
fire_24332783,2020-08-19,1,516,451,0,0,0,0,0,0,0,0,0
fire_24332783,2020-08-20,1,893,827,0,0,0,0,0,0,0,0,0
fire_24332784,2020-08-19,0,528,480,0,0,0,0,0,0,0,0,0
fire_24332784,2020-08-20,1,784,736,0,0,0,0,0,0,0,0,0
fire_24332784,2020-08-21,1,1196,1156,0,0,0,0,0,0,0,0,0
fire_24332784,2020-08-22,1,464,462,0,0,0,0,0,0,0,0,0
fire_24332785,2020-08-25,0,1078,1047,0,0,0,0,0,0,0,0,0
fire_24332785,2020-08-26,1,1515,1449,0,0,0,0,0,0,0,0,0
fire_24332785,2020-08-27,1,1029,963,0,0,0,0,0,0,0,0,0
fire_24332785,2020-08-28,1,1437,1371,1,0,1,0,0,1,0,0,0
fire_24332785,2020-08-29,1,975,909,0,1,0,0,1,0,0,1,0
fire_24332785,2020-08-30,1,482,416,0,0,0,0,0,0,0,0,0
fire_24332787,2020-08-12,0,2000,1934,0,0,0,0,0,0,0,0,0
fire_24332787,2020-08-13,1,1492,1426,0,0,0,0,0,0,0,0,0
fire_24332787,2020-08-14,1,1296,1276,0,0,0,0,0,0,0,0,0
fire_24332787,2020-08-15,1,1195,1195,0,0,0,0,0,0,0,0,0
fire_24332787,2020-08-16,1,2506,2463,0,0,0,0,0,0,0,0,0
fire_24332787,2020-08-17,1,1450,1430,0,0,0,0,0,0,0,0,0
fire_24332787,2020-08-18,1,1626,1610,0,0,0,0,0,0,0,0,0
fire_24332787,2020-08-19,1,2694,2628,0,0,0,0,0,0,0,0,0
fire_24332787,2020-08-20,1,1571,1530,0,0,0,0,0,0,0,0,0
fire_24332787,2020-08-21,1,2345,2318,0,0,0,0,0,0,0,0,0
fire_24332787,2020-08-22,1,3101,3079,41,0,41,0,0,41,0,0,0
fire_24332787,2020-08-23,1,1824,1808,4,41,3,1,40,4,0,2,38
fire_24332787,2020-08-24,1,893,827,0,4,0,0,4,0,0,4,0
fire_24332787,2020-08-25,1,878,812,0,0,0,0,0,0,0,0,0
fire_24332787,2020-08-26,1,1254,1188,0,0,0,0,0,0,0,0,0
fire_24332787,2020-08-27,1,2392,2326,0,0,0,0,0,0,0,0,0
fire_24332787,2020-08-28,1,1600,1534,0,0,0,0,0,0,0,0,0
fire_24332791,2020-08-14,0,477,411,0,0,0,0,0,0,0,0,0
fire_24332791,2020-08-15,1,1124,1097,0,0,0,0,0,0,0,0,0
fire_24332791,2020-08-16,1,1614,1614,0,0,0,0,0,0,0,0,0
fire_24332791,2020-08-17,1,1879,1838,0,0,0,0,0,0,0,0,0
fire_24332791,2020-08-18,1,1905,1871,0,0,0,0,0,0,0,0,0
fire_24332791,2020-08-19,1,1360,1347,0,0,0,0,0,0,0,0,0
fire_24332791,2020-08-20,1,1735,1710,0,0,0,0,0,0,0,0,0
fire_24332791,2020-08-21,1,2214,2210,0,0,0,0,0,0,0,0,0
fire_24332791,2020-08-22,1,1254,1188,0,0,0,0,0,0,0,0,0
fire_24332791,2020-08-23,1,858,792,0,0,0,0,0,0,0,0,0
fire_24332791,2020-08-24,1,462,396,0,0,0,0,0,0,0,0,0
fire_24332793,2020-08-21,0,800,748,0,0,0,0,0,0,0,0,0
fire_24332793,2020-08-22,1,1165,1150,0,0,0,0,0,0,0,0,0
fire_24332793,2020-08-23,1,875,844,0,0,0,0,0,0,0,0,0
fire_24332793,2020-08-24,1,845,845,0,0,0,0,0,0,0,0,0
fire_24332793,2020-08-29,5,462,396,0,0,0,0,0,0,0,0,0
fire_24332796,2020-08-26,0,1436,1370,0,0,0,0,0,0,0,0,0
fire_24332796,2020-08-27,1,1560,1494,0,0,0,0,0,0,0,0,0
fire_24332796,2020-08-28,1,874,852,0,0,0,0,0,0,0,0,0
fire_24332796,2020-08-29,1,763,737,0,0,0,0,0,0,0,0,0
fire_24332796,2020-08-30,1,1262,1244,0,0,0,0,0,0,0,0,0
fire_24332796,2020-09-01,2,729,720,0,0,0,0,0,0,0,0,0
fire_24332796,2020-09-02,1,778,721,0,0,0,0,0,0,0,0,0
fire_24332796,2020-09-03,1,765,759,0,0,0,0,0,0,0,0,0
fire_24332796,2020-09-04,1,583,578,0,0,0,0,0,0,0,0,0
fire_24332796,2020-09-05,1,427,426,10,0,10,0,0,10,0,0,0
fire_24332796,2020-09-06,1,707,699,15,10,12,3,7,15,0,3,4
fire_24332798,2020-08-23,0,2960,2936,0,0,0,0,0,0,0,0,0
fire_24332798,2020-08-24,1,2577,2527,0,0,0,0,0,0,0,0,0
fire_24332798,2020-08-25,1,3510,3493,0,0,0,0,0,0,0,0,0
fire_24332798,2020-08-26,1,4661,4595,0,0,0,0,0,0,0,0,0
fire_24332798,2020-08-27,1,3872,3854,0,0,0,0,0,0,0,0,0
fire_24332798,2020-08-28,1,738,672,0,0,0,0,0,0,0,0,0
fire_24332798,2020-08-29,1,1125,1059,0,0,0,0,0,0,0,0,0
fire_24332798,2020-08-30,1,1821,1755,0,0,0,0,0,0,0,0,0
fire_24332798,2020-08-31,1,328,262,0,0,0,0,0,0,0,0,0
fire_24332798,2020-09-01,1,878,812,0,0,0,0,0,0,0,0,0
fire_24332798,2020-09-02,1,680,614,0,0,0,0,0,0,0,0,0
fire_24332800,2020-08-25,0,3683,3666,0,0,0,0,0,0,0,0,0
fire_24332800,2020-08-26,1,4826,4760,0,0,0,0,0,0,0,0,0
fire_24332800,2020-08-27,1,4230,4193,0,0,0,0,0,0,0,0,0
fire_24332800,2020-08-28,1,986,920,0,0,0,0,0,0,0,0,0
fire_24332800,2020-08-29,1,1644,1597,0,0,0,0,0,0,0,0,0
fire_24332800,2020-08-30,1,2222,2157,0,0,0,0,0,0,0,0,0
fire_24332800,2020-08-31,1,462,396,0,0,0,0,0,0,0,0,0
fire_24332800,2020-09-01,1,1154,1136,0,0,0,0,0,0,0,0,0
fire_24332800,2020-09-02,1,787,721,0,0,0,0,0,0,0,0,0
fire_24332801,2020-08-18,0,564,498,0,0,0,0,0,0,0,0,0
fire_24332801,2020-08-19,1,1856,1852,0,0,0,0,0,0,0,0,0
fire_24332801,2020-08-20,1,3378,3312,0,0,0,0,0,0,0,0,0
fire_24332801,2020-08-21,1,3552,3515,0,0,0,0,0,0,0,0,0
fire_24332801,2020-08-22,1,2964,2900,0,0,0,0,0,0,0,0,0
fire_24332801,2020-08-23,1,2964,2936,0,0,0,0,0,0,0,0,0
fire_24332801,2020-08-24,1,2717,2669,0,0,0,0,0,0,0,0,0
fire_24332801,2020-08-25,1,3683,3666,0,0,0,0,0,0,0,0,0
fire_24332801,2020-08-26,1,4804,4760,0,0,0,0,0,0,0,0,0
fire_24332801,2020-08-27,1,3780,3747,0,0,0,0,0,0,0,0,0
fire_24332801,2020-08-28,1,472,406,0,0,0,0,0,0,0,0,0
fire_24332801,2020-08-29,1,926,860,0,0,0,0,0,0,0,0,0
fire_24332801,2020-08-30,1,1476,1410,0,0,0,0,0,0,0,0,0
fire_24332801,2020-08-31,1,462,396,0,0,0,0,0,0,0,0,0
fire_24332801,2020-09-01,1,482,416,0,0,0,0,0,0,0,0,0
fire_24332803,2020-08-19,0,1857,1852,0,0,0,0,0,0,0,0,0
fire_24332803,2020-08-20,1,2949,2896,0,0,0,0,0,0,0,0,0
fire_24332803,2020-08-21,1,3476,3439,0,0,0,0,0,0,0,0,0
fire_24332803,2020-08-22,1,2965,2900,0,0,0,0,0,0,0,0,0
fire_24332803,2020-08-23,1,2969,2936,0,0,0,0,0,0,0,0,0
fire_24332803,2020-08-24,1,3154,3105,0,0,0,0,0,0,0,0,0
fire_24332803,2020-08-25,1,4173,4117,0,0,0,0,0,0,0,0,0
fire_24332803,2020-08-26,1,5190,5124,0,0,0,0,0,0,0,0,0
fire_24332803,2020-08-27,1,4541,4483,0,0,0,0,0,0,0,0,0
fire_24332803,2020-08-28,1,1325,1259,0,0,0,0,0,0,0,0,0
fire_24332803,2020-08-29,1,1772,1706,0,0,0,0,0,0,0,0,0
fire_24332803,2020-08-30,1,1814,1748,0,0,0,0,0,0,0,0,0
fire_24332803,2020-08-31,1,462,396,0,0,0,0,0,0,0,0,0
fire_24332808,2020-08-22,0,859,846,0,0,0,0,0,0,0,0,0
fire_24332808,2020-08-23,1,376,310,0,0,0,0,0,0,0,0,0
fire_24332808,2020-08-24,1,510,444,0,0,0,0,0,0,0,0,0
fire_24332808,2020-08-25,1,600,579,0,0,0,0,0,0,0,0,0
fire_24332808,2020-08-26,1,599,577,0,0,0,0,0,0,0,0,0
fire_24332808,2020-08-27,1,1002,993,0,0,0,0,0,0,0,0,0
fire_24332808,2020-08-28,1,725,659,0,0,0,0,0,0,0,0,0
fire_24332808,2020-08-29,1,572,506,0,0,0,0,0,0,0,0,0
fire_24332815,2020-08-27,0,1740,1674,0,0,0,0,0,0,0,0,0
fire_24332815,2020-08-29,2,510,444,0,0,0,0,0,0,0,0,0
fire_24332815,2020-08-30,1,482,416,0,0,0,0,0,0,0,0,0
fire_24332815,2020-08-31,1,462,396,0,0,0,0,0,0,0,0,0
fire_24332815,2020-09-01,1,482,416,0,0,0,0,0,0,0,0,0
fire_24332815,2020-09-04,3,462,396,0,0,0,0,0,0,0,0,0
fire_24332815,2020-09-05,1,462,396,0,0,0,0,0,0,0,0,0
fire_24332815,2020-09-06,1,542,476,0,0,0,0,0,0,0,0,0
fire_24332872,2020-09-02,0,66,0,0,0,0,0,0,0,0,0,0
fire_24332872,2020-09-06,4,66,0,0,0,0,0,0,0,0,0,0
fire_24332872,2020-09-08,2,1279,1231,0,0,0,0,0,0,0,0,0
fire_24332872,2020-09-09,1,5894,5857,0,0,0,0,0,0,0,0,0
fire_24332872,2020-09-10,1,3490,3451,0,0,0,0,0,0,0,0,0
fire_24332872,2020-09-11,1,567,512,0,0,0,0,0,0,0,0,0
fire_24332880,2020-08-27,0,789,723,8,0,8,0,0,8,0,0,0
fire_24332880,2020-08-28,1,502,436,0,8,0,0,8,0,0,8,0
fire_24332880,2020-08-31,3,462,396,0,0,0,0,0,0,0,0,0
fire_24332880,2020-09-02,2,1207,1163,3,0,3,0,0,3,0,0,0
fire_24332880,2020-09-03,1,3083,3029,39,3,39,0,3,39,0,3,0
fire_24332880,2020-09-04,1,3505,3439,72,39,72,0,39,72,11,16,12
fire_24332880,2020-09-05,1,3665,3609,54,72,49,5,67,54,7,12,48
fire_24332880,2020-09-06,1,1697,1667,34,54,24,10,44,34,0,11,33
fire_24332880,2020-09-07,1,846,838,8,34,6,2,32,8,0,6,26
fire_24332880,2020-09-08,1,888,822,0,8,0,0,8,0,0,8,0
fire_24332880,2020-09-11,3,462,396,0,0,0,0,0,0,0,0,0
fire_24332885,2020-08-18,0,3468,3433,0,0,0,0,0,0,0,0,0
fire_24332894,2020-08-18,0,3409,3343,0,0,0,0,0,0,0,0,0
fire_24332922,2020-08-29,0,482,416,10,0,10,0,0,10,0,0,0
fire_24332922,2020-08-30,1,547,481,15,10,12,3,7,15,0,7,0
fire_24332922,2020-08-31,1,665,599,27,15,24,3,12,27,0,10,2
fire_24332922,2020-09-02,2,66,0,0,0,0,0,0,0,0,0,0
fire_24332922,2020-09-03,1,66,0,0,0,0,0,0,0,0,0,0
fire_24332922,2020-09-04,1,609,543,24,0,24,0,0,24,0,0,0
fire_24332922,2020-09-05,1,800,734,42,24,38,4,20,42,0,15,5
fire_24332922,2020-09-06,1,844,790,53,42,41,12,30,53,9,11,10
fire_24332922,2020-09-07,1,1760,1695,45,53,41,4,49,45,8,15,26
fire_24332922,2020-09-08,1,1443,1398,0,45,0,0,45,0,0,15,30
fire_24332922,2020-09-09,1,474,436,0,0,0,0,0,0,0,0,0
fire_24332922,2020-09-10,1,954,935,35,0,35,0,0,35,0,0,0
fire_24332922,2020-09-11,1,1030,1030,45,35,30,15,20,45,0,5,15
fire_24332922,2020-09-12,1,1261,1250,96,45,80,16,29,96,2,15,12
fire_24332922,2020-09-13,1,1222,1213,105,96,64,41,55,105,3,14,38
fire_24332922,2020-09-14,1,1307,1294,125,105,82,43,62,125,3,18,41
fire_24332922,2020-09-15,1,1931,1906,211,125,173,38,87,211,12,22,53
fire_24332922,2020-09-16,1,2684,2625,261,211,193,68,143,261,33,78,32
fire_24332922,2020-09-17,1,2471,2409,238,261,127,111,150,238,6,40,104
fire_24332922,2020-09-18,1,2559,2502,246,238,160,86,152,246,3,49,100
fire_24332922,2020-09-19,1,2612,2546,0,246,0,0,246,0,0,36,210
fire_24332923,2020-08-19,0,1245,1179,1,0,1,0,0,1,0,0,0
fire_24332923,2020-08-20,1,2348,2282,42,1,42,0,1,42,0,1,0
fire_24332923,2020-08-21,1,1200,1134,5,42,4,1,41,5,0,20,21
fire_24332923,2020-08-22,1,1844,1791,2,5,2,0,5,2,0,1,4
fire_24332923,2020-08-23,1,1846,1819,0,2,0,0,2,0,0,0,2
fire_24332923,2020-08-24,1,1569,1503,0,0,0,0,0,0,0,0,0
fire_24332923,2020-08-25,1,1875,1809,94,0,94,0,0,94,0,0,0
fire_24332923,2020-08-26,1,1687,1621,83,94,68,15,79,83,0,21,58
fire_24332923,2020-08-27,1,2634,2582,118,83,91,27,56,118,7,22,27
fire_24332923,2020-08-28,1,1921,1871,114,118,79,35,83,114,10,25,48
fire_24332923,2020-08-29,1,2093,2037,2,114,2,0,114,2,14,23,77
fire_24332923,2020-08-30,1,1936,1924,155,2,154,1,1,155,0,0,1
fire_24332923,2020-08-31,1,2221,2218,114,155,67,47,108,114,0,31,77
fire_24332923,2020-09-01,1,569,532,13,114,10,3,111,13,0,46,65
fire_24332923,2020-09-02,1,677,676,5,13,5,0,13,5,0,6,7
fire_24332923,2020-09-03,1,746,730,45,5,41,4,1,45,0,1,0
fire_24332923,2020-09-04,1,627,623,8,45,5,3,42,8,1,4,37
fire_24332923,2020-09-05,1,596,579,0,8,0,0,8,0,0,3,5
fire_24332923,2020-09-06,1,1565,1524,42,0,42,0,0,42,0,0,0
fire_24332923,2020-09-07,1,925,884,34,42,34,0,42,34,6,27,9
fire_24332923,2020-09-08,1,688,646,0,34,0,0,34,0,11,14,9
fire_24332923,2020-09-09,1,1110,1055,32,0,32,0,0,32,0,0,0
fire_24332923,2020-09-10,1,1723,1658,140,32,133,7,25,140,0,10,15
fire_24332923,2020-09-11,1,2141,2107,64,140,43,21,119,64,0,25,94
fire_24332925,2020-08-12,0,869,842,71,0,71,0,0,71,0,0,0
fire_24332925,2020-08-13,1,917,869,96,71,78,18,53,96,10,14,29
fire_24332925,2020-08-14,1,963,954,82,96,63,19,77,82,0,41,36
fire_24332925,2020-08-15,1,1032,1030,40,82,32,8,74,40,1,9,64
fire_24332925,2020-08-16,1,1230,1218,111,40,90,21,19,111,1,10,8
fire_24332925,2020-08-17,1,1185,1174,96,111,60,36,75,96,0,24,51
fire_24332925,2020-08-18,1,1329,1293,120,96,96,24,72,120,11,10,51
fire_24332925,2020-08-19,1,950,938,75,120,53,22,98,75,3,15,80
fire_24332925,2020-08-21,2,877,873,51,0,51,0,0,51,0,0,0
fire_24332925,2020-08-22,1,832,812,94,51,75,19,32,94,9,9,14
fire_24332925,2020-08-23,1,1195,1155,142,94,91,51,43,142,14,21,8
fire_24332925,2020-08-24,1,1108,1078,117,142,58,59,83,117,2,11,70
fire_24332925,2020-08-25,1,911,845,60,117,39,21,96,60,0,21,75
fire_24332925,2020-08-26,1,399,396,0,60,0,0,60,0,0,5,55
fire_24332925,2020-08-27,1,788,781,0,0,0,0,0,0,0,0,0
fire_24332925,2020-08-29,2,462,396,8,0,8,0,0,8,0,0,0
fire_24332925,2020-08-30,1,525,514,24,8,21,3,5,24,3,2,0
fire_24332925,2020-08-31,1,549,510,18,24,10,8,16,18,0,5,11
fire_24332925,2020-09-05,5,462,396,9,0,9,0,0,9,0,0,0
fire_24332925,2020-09-06,1,1198,1150,83,9,81,2,7,83,5,2,0
fire_24332933,2020-08-18,0,1283,1274,0,0,0,0,0,0,0,0,0
fire_24332933,2020-08-19,1,2082,2030,6,0,6,0,0,6,0,0,0
fire_24332933,2020-08-20,1,4518,4477,99,6,98,1,5,99,0,5,0
fire_24332933,2020-08-21,1,2590,2570,20,99,17,3,96,20,5,43,48
fire_24332933,2020-08-22,1,3447,3409,11,20,8,3,17,11,3,8,6
fire_24332933,2020-08-23,1,3255,3213,0,11,0,0,11,0,0,0,11
fire_24332933,2020-08-24,1,2963,2916,0,0,0,0,0,0,0,0,0
fire_24332933,2020-08-25,1,3142,3137,190,0,190,0,0,190,0,0,0
fire_24332933,2020-08-26,1,2631,2593,167,190,126,41,149,167,9,35,105
fire_24332933,2020-08-27,1,4224,4164,180,167,121,59,108,180,8,52,48
fire_24332933,2020-08-28,1,3324,3268,168,180,115,53,127,168,12,51,64
fire_24332933,2020-08-29,1,3463,3403,1,168,1,0,168,1,15,29,124
fire_24332933,2020-08-30,1,2681,2650,195,1,194,1,0,195,0,0,0
fire_24332933,2020-08-31,1,3235,3185,187,195,125,62,133,187,10,37,86
fire_24332933,2020-09-01,1,1814,1770,69,187,51,18,169,69,10,46,113
fire_24332933,2020-09-02,1,1587,1521,42,69,26,16,53,42,0,19,34
fire_24332933,2020-09-03,1,1627,1584,111,42,84,27,15,111,2,7,6
fire_24332933,2020-09-04,1,1588,1534,0,111,0,0,111,0,8,17,86
fire_24332934,2020-08-29,0,66,0,0,0,0,0,0,0,0,0,0
fire_24332934,2020-08-30,1,550,527,38,0,38,0,0,38,0,0,0
fire_24332934,2020-08-31,1,737,686,39,38,29,10,28,39,19,7,2
fire_24332934,2020-09-02,2,539,519,27,0,27,0,0,27,0,0,0
fire_24332934,2020-09-03,1,741,695,53,27,41,12,15,53,15,0,0
fire_24332934,2020-09-04,1,981,943,69,53,41,28,25,69,4,9,12
fire_24332934,2020-09-05,1,1034,990,55,69,28,27,42,55,12,7,23
fire_24332934,2020-09-06,1,1188,1130,87,55,77,10,45,87,14,24,7
fire_24332934,2020-09-07,1,1391,1333,84,87,39,45,42,84,1,25,16
fire_24332934,2020-09-08,1,1466,1444,17,84,9,8,76,17,1,12,63
fire_24332934,2020-09-09,1,913,904,0,17,0,0,17,0,0,0,17
fire_24332934,2020-09-10,1,787,783,14,0,14,0,0,14,0,0,0
fire_24332934,2020-09-11,1,1128,1108,119,14,113,6,8,119,0,3,5
fire_24332934,2020-09-12,1,1251,1216,128,119,79,49,70,128,8,25,37
fire_24332934,2020-09-13,1,1163,1124,130,128,61,69,59,130,11,35,13
fire_24332934,2020-09-14,1,1227,1171,148,130,90,58,72,148,16,25,31
fire_24332934,2020-09-15,1,1708,1642,190,148,151,39,109,190,5,69,35
fire_24332934,2020-09-16,1,2175,2114,218,190,141,77,113,218,4,68,41
fire_24332934,2020-09-17,1,2165,2138,207,218,117,90,128,207,0,30,98
fire_24332934,2020-09-18,1,2335,2304,222,207,150,72,135,222,3,37,95
fire_24332934,2020-09-19,1,2447,2427,0,222,0,0,222,0,0,56,166
fire_24332934,2020-09-21,2,415,396,0,0,0,0,0,0,0,0,0
fire_24332934,2020-09-23,2,864,798,11,0,11,0,0,11,0,0,0
fire_24332934,2020-09-24,1,892,848,18,11,10,8,3,18,0,1,2
fire_24332934,2020-09-25,1,723,704,3,18,3,0,18,3,0,7,11
fire_24332939,2020-08-20,0,595,529,19,0,19,0,0,19,0,0,0
fire_24332939,2020-08-21,1,522,505,11,19,10,1,18,11,6,0,12
fire_24332939,2020-08-22,1,733,707,8,11,6,2,9,8,1,6,2
fire_24332939,2020-08-23,1,723,690,0,8,0,0,8,0,1,0,7
fire_24332939,2020-08-24,1,805,765,0,0,0,0,0,0,0,0,0
fire_24332939,2020-08-25,1,826,760,48,0,48,0,0,48,0,0,0
fire_24332939,2020-08-26,1,840,818,58,48,39,19,29,58,7,5,17
fire_24332939,2020-08-27,1,819,754,50,58,22,28,30,50,1,10,19
fire_24332939,2020-08-28,1,868,808,57,50,34,23,27,57,5,10,12
fire_24332939,2020-08-29,1,942,905,0,57,0,0,57,0,6,5,46
fire_24332939,2020-08-30,1,815,780,54,0,54,0,0,54,0,0,0
fire_24332939,2020-08-31,1,1371,1336,69,54,54,15,39,69,6,11,22
fire_24332939,2020-09-01,1,1297,1238,52,69,41,11,58,52,15,5,38
fire_24332939,2020-09-02,1,1360,1294,41,52,25,16,36,41,0,9,27
fire_24332939,2020-09-03,1,1369,1318,60,41,35,25,16,60,5,4,7
fire_24332939,2020-09-04,1,1489,1431,0,60,0,0,60,0,11,10,39
fire_24332939,2020-09-05,1,1686,1624,0,0,0,0,0,0,0,0,0
fire_24332939,2020-09-06,1,1998,1938,163,0,163,0,0,163,0,0,0
fire_24332939,2020-09-07,1,2212,2147,132,163,107,25,138,132,11,56,71
fire_24332939,2020-09-08,1,2474,2416,0,132,0,0,132,0,6,34,92
fire_24332939,2020-09-09,1,10594,10533,506,0,506,0,0,506,0,0,0
fire_24332939,2020-09-10,1,16002,15946,793,506,768,25,481,793,0,370,111
fire_24332939,2020-09-11,1,18795,18750,215,793,166,49,744,215,7,179,558
fire_24332939,2020-09-12,1,21165,21129,495,215,468,27,188,495,0,28,160
fire_24332939,2020-09-13,1,15466,15404,729,495,602,127,368,729,11,136,221
fire_24332939,2020-09-14,1,14393,14327,835,729,601,234,495,835,6,171,318
fire_24332939,2020-09-15,1,8910,8884,527,835,406,121,714,527,8,292,414
fire_24332939,2020-09-16,1,10480,10477,6,527,6,0,527,6,0,152,375
fire_24332939,2020-09-17,1,12630,12608,151,6,151,0,6,151,0,2,4
fire_24332939,2020-09-18,1,9704,9680,42,151,28,14,137,42,9,13,115
fire_24332939,2020-09-19,1,3997,3931,0,42,0,0,42,0,0,5,37
fire_24332939,2020-09-20,1,510,444,0,0,0,0,0,0,0,0,0
fire_24332939,2020-09-21,1,1218,1152,0,0,0,0,0,0,0,0,0
fire_24332939,2020-09-22,1,2167,2101,0,0,0,0,0,0,0,0,0
fire_24332939,2020-09-23,1,1418,1352,0,0,0,0,0,0,0,0,0
fire_24332939,2020-10-01,8,497,431,0,0,0,0,0,0,0,0,0
fire_24332939,2020-10-02,1,512,446,0,0,0,0,0,0,0,0,0
fire_24332939,2020-10-03,1,976,910,0,0,0,0,0,0,0,0,0
fire_24332939,2020-10-04,1,1748,1682,0,0,0,0,0,0,0,0,0
fire_24332939,2020-10-05,1,1342,1276,0,0,0,0,0,0,0,0,0
fire_24332949,2020-08-17,0,502,436,0,0,0,0,0,0,0,0,0
fire_24332949,2020-08-18,1,1301,1274,0,0,0,0,0,0,0,0,0
fire_24332949,2020-08-19,1,1551,1526,7,0,7,0,0,7,0,0,0
fire_24332949,2020-08-20,1,3895,3832,60,7,59,1,6,60,0,6,0
fire_24332949,2020-08-21,1,2121,2101,24,60,21,3,57,24,6,30,21
fire_24332949,2020-08-22,1,2882,2844,14,24,11,3,21,14,3,10,8
fire_24332949,2020-08-23,1,2607,2562,0,14,0,0,14,0,0,0,14
fire_24332949,2020-08-24,1,2449,2400,0,0,0,0,0,0,0,0,0
fire_24332949,2020-08-25,1,2504,2438,157,0,157,0,0,157,0,0,0
fire_24332949,2020-08-26,1,1790,1758,101,157,75,26,131,101,8,17,106
fire_24332949,2020-08-27,1,3142,3092,104,101,67,37,64,104,7,26,31
fire_24332949,2020-08-28,1,2161,2117,84,104,56,28,76,84,8,29,39
fire_24332949,2020-08-29,1,1857,1813,0,84,0,0,84,0,9,5,70
fire_24332949,2020-08-30,1,835,780,58,0,58,0,0,58,0,0,0
fire_24332949,2020-08-31,1,1070,1021,86,58,67,19,39,86,9,11,19
fire_24332949,2020-09-01,1,1287,1238,57,86,43,14,72,57,12,8,52
fire_24332954,2020-08-20,0,568,502,15,0,15,0,0,15,0,0,0
fire_24332954,2020-08-21,1,898,849,45,15,42,3,12,45,3,9,0
fire_24332954,2020-08-22,1,908,850,51,45,38,13,32,51,8,5,19
fire_24332954,2020-08-23,1,497,431,0,51,0,0,51,0,0,0,51
fire_24332954,2020-08-24,1,573,564,20,0,20,0,0,20,0,0,0
fire_24332956,2020-08-17,0,756,704,0,0,0,0,0,0,0,0,0
fire_24332956,2020-08-18,1,1065,1065,0,0,0,0,0,0,0,0,0
fire_24332956,2020-08-19,1,764,699,0,0,0,0,0,0,0,0,0
fire_24332956,2020-08-20,1,2685,2646,48,0,48,0,0,48,0,0,0
fire_24332956,2020-08-21,1,2776,2720,94,48,88,6,42,94,0,13,29
fire_24332956,2020-08-22,1,2280,2238,108,94,97,11,83,108,2,21,60
fire_24332956,2020-08-23,1,1620,1614,26,108,18,8,100,26,1,10,89
fire_24332956,2020-08-24,1,931,865,0,26,0,0,26,0,0,11,15
fire_24332956,2020-08-25,1,619,553,9,0,9,0,0,9,0,0,0
fire_24332969,2020-08-07,0,928,906,20,0,20,0,0,20,0,0,0
fire_24332969,2020-08-08,1,608,586,29,20,26,3,17,29,7,0,10
fire_24332969,2020-08-09,1,713,691,52,29,43,9,20,52,7,1,12
fire_24332969,2020-08-10,1,397,396,11,52,3,8,44,11,0,1,43
fire_24332969,2020-08-12,2,400,396,11,0,11,0,0,11,0,0,0
fire_24332989,2020-08-15,0,732,666,0,0,0,0,0,0,0,0,0
fire_24332991,2020-08-20,0,1053,987,0,0,0,0,0,0,0,0,0
fire_24332991,2020-08-21,1,830,790,0,0,0,0,0,0,0,0,0
fire_24332991,2020-08-22,1,492,426,0,0,0,0,0,0,0,0,0
fire_24332995,2020-08-05,0,1040,974,40,0,40,0,0,40,0,0,0
fire_24332995,2020-08-06,1,1251,1207,75,40,65,10,30,75,2,12,16
fire_24332995,2020-08-08,2,462,396,8,0,8,0,0,8,0,0,0
fire_24333000,2020-08-23,0,859,805,50,0,50,0,0,50,0,0,0
fire_24333000,2020-08-24,1,838,772,54,50,42,12,38,54,0,18,20
fire_24333000,2020-08-25,1,835,769,0,54,0,0,54,0,0,5,49
fire_24333000,2020-08-26,1,858,792,0,0,0,0,0,0,0,0,0
fire_24333000,2020-08-27,1,477,411,0,0,0,0,0,0,0,0,0
fire_24333000,2020-08-28,1,462,396,4,0,4,0,0,4,0,0,0
fire_24333000,2020-08-29,1,487,421,0,4,0,0,4,0,0,0,4
fire_24333000,2020-08-30,1,1019,955,10,0,10,0,0,10,0,0,0
fire_24333000,2020-08-31,1,1800,1737,43,10,42,1,9,43,0,2,7
fire_24333000,2020-09-01,1,1802,1743,32,43,27,5,38,32,0,14,24
fire_24333000,2020-09-02,1,497,431,11,32,11,0,32,11,0,32,0
fire_24333000,2020-09-03,1,1566,1500,44,11,41,3,8,44,0,0,8
fire_24333000,2020-09-04,1,1987,1975,105,44,87,18,26,105,0,19,7
fire_24333000,2020-09-05,1,2073,2045,52,105,32,20,85,52,9,17,59
fire_24333000,2020-09-06,1,2364,2298,47,52,31,16,36,47,0,29,7
fire_24333000,2020-09-07,1,2457,2426,67,47,53,14,33,67,1,26,6
fire_24333000,2020-09-08,1,3296,3237,0,67,0,0,67,0,0,24,43
fire_24333000,2020-09-09,1,3995,3988,0,0,0,0,0,0,0,0,0
fire_24333000,2020-09-12,3,492,426,0,0,0,0,0,0,0,0,0
fire_24333000,2020-09-13,1,2093,2027,29,0,29,0,0,29,0,0,0
fire_24333000,2020-09-14,1,3221,3195,42,29,40,2,27,42,0,11,16
fire_24333000,2020-09-15,1,3263,3217,113,42,102,11,31,113,13,16,2
fire_24333000,2020-09-16,1,3611,3568,113,113,86,27,86,113,9,20,57
fire_24333000,2020-09-17,1,3343,3286,52,113,41,11,102,52,5,32,65
fire_24333000,2020-09-18,1,3875,3834,128,52,113,15,37,128,0,12,25
fire_24333000,2020-09-19,1,3865,3839,97,128,71,26,102,97,1,33,68
fire_24333000,2020-09-20,1,1909,1843,52,97,42,10,87,52,0,54,33
fire_24333000,2020-09-21,1,2278,2228,55,52,45,10,42,55,0,26,16
fire_24333000,2020-09-22,1,2910,2877,27,55,26,1,54,27,2,7,45
fire_24333000,2020-09-24,2,1650,1592,26,0,26,0,0,26,0,0,0
fire_24333000,2020-09-25,1,3649,3621,122,26,115,7,19,122,5,14,0
fire_24333000,2020-09-26,1,4024,3983,75,122,45,30,92,75,6,19,67
fire_24333000,2020-09-27,1,3732,3666,37,75,30,7,68,37,0,9,59
fire_24333000,2020-09-28,1,2878,2842,38,37,34,4,33,38,0,12,21
fire_24333000,2020-09-29,1,2122,2057,0,38,0,0,38,0,0,14,24
fire_24333000,2020-09-30,1,3762,3761,80,0,80,0,0,80,0,0,0
fire_24333000,2020-10-01,1,4873,4855,71,80,56,15,65,71,3,31,31
fire_24333006,2020-08-14,0,541,520,39,0,39,0,0,39,0,0,0
fire_24333006,2020-08-15,1,1027,963,63,39,57,6,33,63,16,8,9
fire_24333006,2020-08-16,1,1301,1258,108,63,96,12,51,108,6,34,11
fire_24333006,2020-08-17,1,1718,1655,155,108,148,7,101,155,17,45,39
fire_24333006,2020-08-18,1,1838,1789,171,155,131,40,115,171,11,31,73
fire_24333006,2020-08-19,1,1923,1857,197,171,117,80,91,197,0,51,40
fire_24333006,2020-08-20,1,2003,1937,177,197,114,63,134,177,0,49,85
fire_24333006,2020-08-21,1,1590,1586,51,177,33,18,159,51,0,33,126
fire_24333006,2020-08-22,1,1507,1482,103,51,93,10,41,103,9,16,16
fire_24333006,2020-08-23,1,2055,2019,160,103,116,44,59,160,10,31,18
fire_24333006,2020-08-24,1,2355,2343,209,160,154,55,105,209,0,40,65
fire_24333006,2020-08-25,1,2412,2365,174,209,137,37,172,174,8,38,126
fire_24333006,2020-08-26,1,2098,2032,110,174,82,28,146,110,1,38,107
fire_24333006,2020-08-27,1,601,577,22,110,19,3,107,22,0,72,35
fire_24333006,2020-08-28,1,803,737,0,22,0,0,22,0,0,3,19
fire_24333006,2020-08-29,1,465,457,0,0,0,0,0,0,0,0,0
fire_24333006,2020-09-03,5,526,475,17,0,17,0,0,17,0,0,0
fire_24333006,2020-09-04,1,1329,1298,86,17,80,6,11,86,0,6,5
fire_24333012,2020-09-03,0,541,475,17,0,17,0,0,17,0,0,0
fire_24333012,2020-09-04,1,1732,1702,78,17,72,6,11,78,0,6,5
fire_24333012,2020-09-05,1,1451,1385,30,78,15,15,63,30,0,33,30
fire_24333012,2020-09-06,1,1860,1794,2,30,1,1,29,2,0,17,12
fire_24333012,2020-09-07,1,4386,4324,310,2,310,0,2,310,0,0,2
fire_24333012,2020-09-08,1,5651,5591,2,310,2,0,310,2,0,192,118
fire_24333012,2020-09-15,7,508,442,12,0,12,0,0,12,0,0,0
fire_24333012,2020-09-16,1,517,451,13,12,7,6,6,13,0,4,2
fire_24333012,2020-09-17,1,530,464,5,13,1,4,9,5,0,2,7
fire_24333012,2020-09-18,1,570,506,18,5,15,3,2,18,0,1,1
fire_24333012,2020-09-19,1,525,498,0,18,0,0,18,0,0,5,13
fire_24333012,2020-09-21,2,1173,1134,25,0,25,0,0,25,0,0,0
fire_24333012,2020-09-22,1,1115,1058,12,25,12,0,25,12,9,6,10
fire_24333026,2020-08-15,0,456,446,12,0,12,0,0,12,0,0,0
fire_24333026,2020-08-16,1,926,869,14,12,14,0,12,14,3,5,4
fire_24333026,2020-08-17,1,1232,1186,115,14,109,6,8,115,0,7,1
fire_24333026,2020-08-18,1,1193,1148,27,115,13,14,101,27,4,15,82
fire_24333026,2020-08-19,1,1152,1148,117,27,109,8,19,117,0,11,8
fire_24333026,2020-08-20,1,1604,1560,99,117,80,19,98,99,3,24,71
fire_24333026,2020-08-21,1,1597,1537,4,99,2,2,97,4,15,12,70
fire_24333026,2020-08-22,1,951,932,20,4,18,2,2,20,0,0,2
fire_24333026,2020-08-23,1,1647,1639,131,20,129,2,18,131,0,14,4
fire_24333026,2020-08-24,1,1813,1747,155,131,103,52,79,155,0,26,53
fire_24333026,2020-08-25,1,1531,1468,83,155,51,32,123,83,0,12,111
fire_24333026,2020-08-26,1,1519,1453,68,83,50,18,65,68,0,15,50
fire_24333026,2020-08-27,1,827,797,9,68,6,3,65,9,0,10,55
fire_24333026,2020-08-28,1,843,777,27,9,27,0,9,27,0,0,9
fire_24333026,2020-08-29,1,1385,1359,0,27,0,0,27,0,0,6,21
fire_24333026,2020-09-05,7,436,411,6,0,6,0,0,6,0,0,0
fire_24333026,2020-09-06,1,477,411,0,6,0,0,6,0,0,2,4
fire_24333026,2020-09-07,1,955,935,10,0,10,0,0,10,0,0,0
fire_24333026,2020-09-08,1,543,477,0,10,0,0,10,0,0,10,0
fire_24333033,2020-08-11,0,764,733,56,0,56,0,0,56,0,0,0
fire_24333033,2020-08-12,1,923,876,63,56,52,11,45,63,21,17,7
fire_24333033,2020-08-13,1,1130,1069,113,63,93,20,43,113,11,22,10
fire_24333033,2020-08-14,1,1411,1357,172,113,135,37,76,172,14,37,25
fire_24333033,2020-08-15,1,1684,1629,247,172,201,46,126,247,6,67,53
fire_24333033,2020-08-16,1,1992,1949,173,247,146,27,220,173,14,107,99
fire_24333033,2020-08-17,1,2208,2163,0,173,0,0,173,0,2,65,106
fire_24333033,2020-08-18,1,2199,2153,36,0,36,0,0,36,0,0,0
fire_24333033,2020-08-19,1,2410,2344,0,36,0,0,36,0,0,14,22
fire_24333033,2020-08-20,1,1145,1079,0,0,0,0,0,0,0,0,0
fire_24333033,2020-08-21,1,1685,1619,44,0,44,0,0,44,0,0,0
fire_24333033,2020-08-23,2,843,835,0,0,0,0,0,0,0,0,0
fire_24333033,2020-08-24,1,1912,1899,0,0,0,0,0,0,0,0,0
fire_24333033,2020-08-25,1,1599,1536,5,0,5,0,0,5,0,0,0
fire_24333033,2020-08-26,1,1048,982,9,5,8,1,4,9,0,1,3
fire_24333033,2020-08-27,1,524,458,6,9,5,1,8,6,0,7,1
fire_24333033,2020-08-28,1,946,880,23,6,22,1,5,23,0,0,5
fire_24333039,2020-08-02,0,1042,976,13,0,13,0,0,13,0,0,0
fire_24333039,2020-08-03,1,606,540,22,13,18,4,9,22,0,8,1
fire_24333039,2020-08-04,1,828,762,29,22,29,0,22,29,0,0,22
fire_24333039,2020-08-05,1,1549,1548,54,29,50,4,25,54,0,0,25
fire_24333039,2020-08-06,1,1856,1823,57,54,50,7,47,57,1,20,26
fire_24333039,2020-08-07,1,1649,1607,73,57,69,4,53,73,8,8,37
fire_24333039,2020-08-08,1,1723,1680,198,73,179,19,54,198,0,18,36
fire_24333039,2020-08-09,1,2137,2102,179,198,137,42,156,179,7,80,69
fire_24333039,2020-08-10,1,2342,2276,78,179,53,25,154,78,0,36,118
fire_24333039,2020-08-11,1,2744,2682,31,78,31,0,78,31,0,31,47
fire_24333039,2020-08-12,1,2851,2790,74,31,71,3,28,74,0,16,12
fire_24333039,2020-08-13,1,3347,3291,165,74,156,9,65,165,6,16,43
fire_24333039,2020-08-14,1,2810,2780,223,165,191,32,133,223,14,59,60
fire_24333039,2020-08-15,1,2274,2258,198,223,147,51,172,198,8,39,125
fire_24333039,2020-08-16,1,2975,2913,221,198,172,49,149,221,8,54,87
fire_24333039,2020-08-17,1,2683,2622,15,221,13,2,219,15,7,82,130
fire_24333039,2020-08-18,1,2374,2313,0,15,0,0,15,0,0,0,15
fire_24333039,2020-08-19,1,2289,2287,125,0,125,0,0,125,0,0,0
fire_24333039,2020-08-20,1,4356,4319,0,125,0,0,125,0,5,61,59
fire_24333039,2020-08-21,1,3318,3295,109,0,109,0,0,109,0,0,0
fire_24333039,2020-08-22,1,3195,3145,0,109,0,0,109,0,0,16,93
fire_24333039,2020-08-23,1,4106,4048,79,0,79,0,0,79,0,0,0
fire_24333039,2020-08-24,1,3371,3357,100,79,94,6,73,100,0,34,39
fire_24333039,2020-08-25,1,2936,2898,29,100,23,6,94,29,5,14,75
fire_24333039,2020-08-26,1,1983,1980,0,29,0,0,29,0,0,6,23
fire_24333039,2020-08-28,2,477,411,0,0,0,0,0,0,0,0,0
fire_24333255,2020-08-19,0,557,491,0,0,0,0,0,0,0,0,0
fire_24333255,2020-08-20,1,1185,1120,40,0,40,0,0,40,0,0,0
fire_24333255,2020-08-21,1,1175,1154,14,40,13,1,39,14,2,16,21
fire_24333255,2020-08-22,1,950,920,7,14,7,0,14,7,0,3,11
fire_24333255,2020-08-23,1,1414,1372,64,7,64,0,7,64,1,6,0
fire_24333255,2020-08-24,1,977,972,34,64,27,7,57,34,0,7,50
fire_24333255,2020-08-25,1,1032,966,53,34,43,10,24,53,0,6,18
fire_24333255,2020-08-26,1,1012,952,46,53,30,16,37,46,0,5,32
fire_24333255,2020-08-28,2,679,635,23,0,23,0,0,23,0,0,0
fire_24333259,2020-08-29,0,438,431,11,0,11,0,0,11,0,0,0
fire_24333259,2020-08-30,1,493,479,19,11,16,3,8,19,6,2,0
fire_24333259,2020-08-31,1,521,502,22,19,12,10,9,22,5,0,4
fire_24333259,2020-09-03,3,462,396,8,0,8,0,0,8,0,0,0
fire_24333259,2020-09-04,1,572,560,29,8,26,3,5,29,2,3,0
fire_24333259,2020-09-05,1,657,638,37,29,27,10,19,37,6,9,4
fire_24333259,2020-09-06,1,879,814,49,37,43,6,31,49,20,11,0
fire_24333259,2020-09-07,1,910,866,38,49,28,10,39,38,7,12,20
fire_24333259,2020-09-11,4,399,396,11,0,11,0,0,11,0,0,0
fire_24333259,2020-09-12,1,427,396,10,11,10,0,11,10,0,11,0
fire_24333259,2020-09-13,1,477,477,20,10,20,0,10,20,0,10,0
fire_24333259,2020-09-14,1,462,396,8,20,6,2,18,8,0,3,15
fire_24333259,2020-09-16,2,865,799,28,0,28,0,0,28,0,0,0
fire_24333259,2020-09-17,1,66,0,0,28,0,0,28,0,0,28,0
fire_24333259,2020-09-18,1,569,569,24,0,24,0,0,24,0,0,0
fire_24333267,2020-08-08,0,472,406,0,0,0,0,0,0,0,0,0
fire_24333270,2020-09-02,0,66,0,0,0,0,0,0,0,0,0,0
fire_24333270,2020-09-04,2,1484,1425,13,0,13,0,0,13,0,0,0
fire_24333270,2020-09-05,1,1509,1501,9,13,9,0,13,9,0,7,6
fire_24333270,2020-09-06,1,1425,1417,4,9,3,1,8,4,0,4,4
fire_24333270,2020-09-07,1,2127,2116,0,4,0,0,4,0,0,0,4
fire_24333277,2020-09-01,0,462,396,0,0,0,0,0,0,0,0,0
fire_24333277,2020-09-03,2,1629,1580,5,0,5,0,0,5,0,0,0
fire_24333277,2020-09-04,1,5203,5200,65,5,65,0,5,65,0,3,2
fire_24333277,2020-09-05,1,2665,2599,43,65,34,9,56,43,0,21,35
fire_24333277,2020-09-06,1,677,611,11,43,9,2,41,11,0,19,22
fire_24333277,2020-09-07,1,462,396,0,11,0,0,11,0,0,0,11
fire_24333279,2020-09-03,0,1159,1100,18,0,18,0,0,18,0,0,0
fire_24333279,2020-09-04,1,2922,2892,99,18,98,1,17,99,0,5,12
fire_24333279,2020-09-05,1,2272,2259,82,99,72,10,89,82,4,25,60
fire_24333285,2020-09-01,0,462,396,0,0,0,0,0,0,0,0,0
fire_24333285,2020-09-03,2,1640,1580,5,0,5,0,0,5,0,0,0
fire_24333285,2020-09-04,1,5251,5200,71,5,71,0,5,71,0,3,2
fire_24333285,2020-09-05,1,2633,2599,45,71,35,10,61,45,1,24,36
fire_24333285,2020-09-06,1,639,611,11,45,9,2,43,11,0,21,22
fire_24333285,2020-09-07,1,433,396,0,11,0,0,11,0,0,0,11
fire_24333287,2020-08-19,0,1989,1923,0,0,0,0,0,0,0,0,0
fire_24333287,2020-08-22,3,66,0,0,0,0,0,0,0,0,0,0
fire_24333293,2020-08-28,0,610,580,0,0,0,0,0,0,0,0,0
fire_24333293,2020-08-29,1,607,604,0,0,0,0,0,0,0,0,0
fire_24333293,2020-08-31,2,535,496,6,0,6,0,0,6,0,0,0
fire_24333293,2020-09-02,2,505,439,4,0,4,0,0,4,0,0,0
fire_24461320,2020-09-05,0,898,832,12,0,12,0,0,12,0,0,0
fire_24461320,2020-09-06,1,973,907,17,12,11,6,6,17,0,4,2
fire_24461320,2020-09-09,3,1874,1808,5,0,5,0,0,5,0,0,0
fire_24461320,2020-09-10,1,3006,2942,28,5,28,0,5,28,0,0,5
fire_24461320,2020-09-11,1,2446,2384,40,28,38,2,26,40,8,12,6
fire_24461320,2020-09-12,1,1827,1773,77,40,71,6,34,77,5,7,22
fire_24461320,2020-09-13,1,1428,1387,79,77,71,8,69,79,5,36,28
fire_24461320,2020-09-14,1,1037,995,68,79,59,9,70,68,7,21,42
fire_24461320,2020-09-15,1,997,941,100,68,82,18,50,100,8,8,34
fire_24461320,2020-09-16,1,1371,1350,70,100,30,40,60,70,1,8,51
fire_24461320,2020-09-17,1,658,648,40,70,26,14,56,40,3,1,52
fire_24461320,2020-09-18,1,406,396,4,40,4,0,40,4,0,0,40
fire_24461320,2020-09-21,3,462,396,0,0,0,0,0,0,0,0,0
fire_24461328,2020-09-09,0,2332,2275,169,0,169,0,0,169,0,0,0
fire_24461328,2020-09-10,1,5419,5361,43,169,43,0,169,43,0,115,54
fire_24461328,2020-09-11,1,7604,7552,330,43,324,6,37,330,1,27,9
fire_24461328,2020-09-12,1,8312,8300,453,330,414,39,291,453,0,68,223
fire_24461328,2020-09-13,1,7347,7333,499,453,355,144,309,499,0,130,179
fire_24461328,2020-09-14,1,6853,6787,398,499,246,152,347,398,0,156,191
fire_24461328,2020-09-15,1,6127,6092,513,398,407,106,292,513,1,133,158
fire_24461328,2020-09-16,1,7631,7582,615,513,413,202,311,615,5,210,96
fire_24461328,2020-09-17,1,6955,6932,426,615,265,161,454,426,2,137,315
fire_24461328,2020-09-18,1,4677,4611,12,426,10,2,424,12,0,62,362
fire_24461328,2020-09-19,1,5672,5654,0,12,0,0,12,0,0,1,11
fire_24461328,2020-09-20,1,2428,2362,59,0,59,0,0,59,0,0,0
fire_24461328,2020-09-21,1,6425,6398,0,59,0,0,59,0,2,26,31
fire_24461328,2020-09-22,1,6098,6032,395,0,395,0,0,395,0,0,0
fire_24461328,2020-09-23,1,4194,4128,208,395,118,90,305,208,0,117,188
fire_24461328,2020-09-24,1,4557,4492,0,208,0,0,208,0,0,28,180
fire_24461328,2020-09-27,3,826,782,0,0,0,0,0,0,0,0,0
fire_24461328,2020-09-28,1,673,635,0,0,0,0,0,0,0,0,0
fire_24461328,2020-09-29,1,1328,1312,11,0,11,0,0,11,0,0,0
fire_24461328,2020-09-30,1,1854,1854,14,11,14,0,11,14,0,11,0
fire_24461328,2020-10-01,1,1732,1680,0,14,0,0,14,0,0,1,13
fire_24461328,2020-10-02,1,3680,3680,0,0,0,0,0,0,0,0,0
fire_24461347,2020-09-09,0,3254,3195,177,0,177,0,0,177,0,0,0
fire_24461347,2020-09-10,1,6379,6318,44,177,44,0,177,44,0,119,58
fire_24461347,2020-09-11,1,7585,7543,206,44,201,5,39,206,0,27,12
fire_24461347,2020-09-12,1,7880,7846,455,206,425,30,176,455,0,58,118
fire_24461347,2020-09-13,1,7078,7065,488,455,341,147,308,488,1,126,181
fire_24461347,2020-09-14,1,6682,6621,413,488,253,160,328,413,0,155,173
fire_24461347,2020-09-15,1,5526,5498,449,413,340,109,304,449,3,130,171
fire_24461347,2020-09-16,1,7025,6986,560,449,368,192,257,560,16,163,78
fire_24461347,2020-09-17,1,6309,6306,402,560,239,163,397,402,0,119,278
fire_24461347,2020-09-18,1,4677,4611,13,402,12,1,401,13,0,57,344
fire_24461347,2020-09-19,1,5285,5219,0,13,0,0,13,0,0,3,10
fire_24461347,2020-09-20,1,2428,2362,58,0,58,0,0,58,0,0,0
fire_24461347,2020-09-21,1,5780,5749,0,58,0,0,58,0,1,27,30
fire_24461347,2020-09-22,1,5768,5731,375,0,375,0,0,375,0,0,0
fire_24461347,2020-09-23,1,4152,4128,216,375,117,99,276,216,1,104,171
fire_24461347,2020-09-24,1,4054,3988,0,216,0,0,216,0,0,28,188
fire_24461347,2020-09-27,3,848,782,0,0,0,0,0,0,0,0,0
fire_24461421,2020-09-28,0,3049,3023,0,0,0,0,0,0,0,0,0
fire_24461421,2020-09-29,1,5090,5024,279,0,279,0,0,279,0,0,0
fire_24461421,2020-09-30,1,5656,5596,223,279,169,54,225,223,2,39,184
fire_24461421,2020-10-01,1,4691,4691,232,223,168,64,159,232,0,32,127
fire_24461421,2020-10-02,1,4364,4363,138,232,90,48,184,138,0,53,131
fire_24461421,2020-10-03,1,3773,3743,134,138,111,23,115,134,0,44,71
fire_24461421,2020-10-04,1,2445,2406,73,134,49,24,110,73,7,35,68
fire_24461421,2020-10-05,1,2511,2445,171,73,156,15,58,171,0,38,20
fire_24461421,2020-10-06,1,2814,2748,93,171,73,20,151,93,0,36,115
fire_24461421,2020-10-07,1,1924,1882,135,93,94,41,52,135,8,26,18
fire_24461607,2020-09-27,0,462,396,0,0,0,0,0,0,0,0,0
fire_24461607,2020-09-28,1,1192,1150,0,0,0,0,0,0,0,0,0
fire_24461607,2020-09-29,1,2622,2561,0,0,0,0,0,0,0,0,0
fire_24461607,2020-09-30,1,3423,3367,57,0,57,0,0,57,0,0,0
fire_24461607,2020-10-01,1,2950,2895,94,57,88,6,51,94,12,13,26
fire_24461607,2020-10-02,1,3321,3278,117,94,106,11,83,117,9,23,51
fire_24461607,2020-10-03,1,2665,2636,64,117,54,10,107,64,10,26,71
fire_24461607,2020-10-04,1,1800,1757,57,64,46,11,53,57,9,8,36
fire_24461607,2020-10-05,1,1134,1097,21,57,15,6,51,21,0,15,36
fire_24461607,2020-10-06,1,1051,985,10,21,7,3,18,10,0,6,12
fire_24461607,2020-10-07,1,858,792,2,10,2,0,10,2,0,2,8
fire_24461607,2020-10-08,1,429,396,0,2,0,0,2,0,0,2,0
fire_24461607,2020-10-11,3,66,0,0,0,0,0,0,0,0,0,0
fire_24461618,2020-09-03,0,962,947,42,0,42,0,0,42,0,0,0
fire_24461618,2020-09-04,1,1435,1401,8,42,8,0,42,8,0,11,31
fire_24461618,2020-09-05,1,1441,1429,25,8,23,2,6,25,0,3,3
fire_24461618,2020-09-06,1,1888,1822,55,25,44,11,14,55,0,6,8
fire_24461618,2020-09-07,1,2395,2329,0,55,0,0,55,0,0,27,28
fire_24461618,2020-09-08,1,2398,2332,84,0,84,0,0,84,0,0,0
fire_24461618,2020-09-09,1,2484,2439,0,84,0,0,84,0,0,51,33
fire_24461618,2020-09-10,1,2312,2263,47,0,47,0,0,47,0,0,0
fire_24461618,2020-09-11,1,2706,2674,128,47,104,24,23,128,3,6,14
fire_24461618,2020-09-12,1,3460,3398,223,128,172,51,77,223,0,50,27
fire_24461618,2020-09-13,1,3180,3118,268,223,197,71,152,268,13,82,57
fire_24461618,2020-09-14,1,3289,3238,233,268,176,57,211,233,13,107,91
fire_24461618,2020-09-15,1,3366,3302,167,233,129,38,195,167,11,108,76
fire_24461618,2020-09-16,1,3490,3465,220,167,168,52,115,220,4,30,81
fire_24461618,2020-09-17,1,4050,3989,218,220,163,55,165,218,3,78,84
fire_24461618,2020-09-18,1,4496,4430,167,218,154,13,205,167,11,82,112
fire_24461618,2020-09-20,2,4250,4184,164,0,164,0,0,164,0,0,0
fire_24461618,2020-09-21,1,4498,4432,23,164,22,1,163,23,0,64,99
fire_24461618,2020-09-22,1,4778,4756,246,23,235,11,12,246,0,11,1
fire_24461618,2020-09-23,1,4982,4916,220,246,179,41,205,220,0,54,151
fire_24461618,2020-09-24,1,5067,5001,201,220,119,82,138,201,0,29,109
fire_24461618,2020-09-25,1,4716,4660,371,201,293,78,123,371,0,12,111
fire_24461618,2020-09-26,1,5038,5028,313,371,190,123,248,313,0,44,204
fire_24461618,2020-09-27,1,4874,4820,328,313,199,129,184,328,0,86,98
fire_24461623,2020-09-06,0,1979,1918,163,0,163,0,0,163,0,0,0
fire_24461623,2020-09-07,1,3639,3576,0,163,0,0,163,0,2,136,25
fire_24461623,2020-09-08,1,5394,5331,470,0,470,0,0,470,0,0,0
fire_24461623,2020-09-09,1,8245,8179,19,470,15,4,466,19,6,211,249
fire_24461623,2020-09-10,1,8864,8815,337,19,337,0,19,337,0,3,16
fire_24461623,2020-09-11,1,9231,9173,562,337,477,85,252,562,0,60,192
fire_24461623,2020-09-12,1,10063,10000,717,562,509,208,354,717,8,144,202
fire_24461623,2020-09-13,1,9273,9215,719,717,514,205,512,719,11,188,313
fire_24461623,2020-09-14,1,9436,9382,700,719,487,213,506,700,15,245,246
fire_24461623,2020-09-15,1,9727,9663,623,700,451,172,528,623,12,302,214
fire_24461623,2020-09-16,1,10042,9989,737,623,541,196,427,737,4,130,293
fire_24461623,2020-09-17,1,10014,9953,375,737,272,103,634,375,4,205,425
fire_24461623,2020-09-18,1,9991,9925,534,375,450,84,291,534,11,154,126
fire_24461623,2020-09-19,1,918,852,11,534,7,4,530,11,0,471,59
fire_24461623,2020-09-20,1,8361,8317,350,11,349,1,10,350,0,9,1
fire_24461623,2020-09-21,1,8293,8242,167,350,132,35,315,167,0,114,201
fire_24461623,2020-09-22,1,9924,9888,600,167,542,58,109,600,5,71,33
fire_24461623,2020-09-23,1,10713,10682,440,600,344,96,504,440,8,161,335
fire_24461623,2020-09-24,1,10464,10398,456,440,325,131,309,456,0,89,220
fire_24461623,2020-09-25,1,9624,9598,594,456,476,118,338,594,0,76,262
fire_24461623,2020-09-26,1,9174,9123,516,594,365,151,443,516,9,82,352
fire_24461623,2020-09-27,1,8570,8505,322,516,187,135,381,322,0,136,245
fire_24461623,2020-09-28,1,9390,9357,175,322,175,0,322,175,0,98,224
fire_24461623,2020-09-29,1,9281,9228,0,175,0,0,175,0,0,24,151
fire_24461623,2020-09-30,1,8183,8129,346,0,346,0,0,346,0,0,0
fire_24461623,2020-10-01,1,7091,7043,0,346,0,0,346,0,2,71,273
fire_24461623,2020-10-02,1,7551,7514,216,0,216,0,0,216,0,0,0
fire_24461623,2020-10-03,1,8336,8296,52,216,42,10,206,52,0,64,142
fire_24461623,2020-10-04,1,8848,8802,53,52,51,2,50,53,0,8,42
fire_24461623,2020-10-05,1,7040,6994,62,53,52,10,43,62,8,8,27
fire_24461623,2020-10-06,1,7754,7689,58,62,58,0,62,58,1,22,39
fire_24461623,2020-10-07,1,7491,7451,21,58,18,3,55,21,0,20,35
fire_24461623,2020-10-08,1,7838,7785,35,21,35,0,21,35,0,7,14
fire_24461623,2020-10-09,1,7299,7260,3,35,3,0,35,3,0,12,23
fire_24461623,2020-10-10,1,6192,6168,34,3,34,0,3,34,0,0,3
fire_24461623,2020-10-11,1,4222,4166,25,34,6,19,15,25,0,0,15
fire_24461623,2020-10-12,1,3596,3561,28,25,28,0,25,28,0,7,18
fire_24461623,2020-10-13,1,5606,5553,147,28,143,4,24,147,2,5,17
fire_24461623,2020-10-14,1,6789,6730,141,147,109,32,115,141,10,46,59
fire_24461623,2020-10-15,1,5881,5833,0,141,0,0,141,0,6,40,95
fire_24461771,2020-09-05,0,888,822,0,0,0,0,0,0,0,0,0
fire_24461771,2020-09-06,1,462,396,0,0,0,0,0,0,0,0,0
fire_24461771,2020-09-07,1,1820,1779,0,0,0,0,0,0,0,0,0
fire_24461771,2020-09-08,1,2059,2004,26,0,26,0,0,26,0,0,0
fire_24461771,2020-09-09,1,1650,1617,0,26,0,0,26,0,6,17,3
fire_24461771,2020-09-10,1,2459,2394,1,0,1,0,0,1,0,0,0
fire_24461771,2020-09-11,1,4009,3949,115,1,115,0,1,115,0,0,1
fire_24461771,2020-09-12,1,4581,4523,64,115,53,11,104,64,14,22,68
fire_24461771,2020-09-13,1,5026,4977,39,64,35,4,60,39,0,14,46
fire_24461771,2020-09-14,1,3574,3517,131,39,127,4,35,131,4,7,24
fire_24461771,2020-09-15,1,3775,3711,145,131,123,22,109,145,15,34,60
fire_24461771,2020-09-16,1,4108,4049,128,145,111,17,128,128,2,40,86
fire_24461771,2020-09-17,1,4402,4374,75,128,58,17,111,75,1,41,69
fire_24461771,2020-09-18,1,4819,4753,90,75,82,8,67,90,4,29,34
fire_24461771,2020-09-19,1,4128,4071,163,90,161,2,88,163,2,58,28
fire_24461771,2020-09-20,1,5531,5491,198,163,183,15,148,198,0,68,80
fire_24461771,2020-09-21,1,5148,5083,214,198,199,15,183,214,6,53,124
fire_24461771,2020-09-22,1,4095,4033,136,214,119,17,197,136,15,30,152
fire_24461771,2020-09-23,1,4651,4603,119,136,94,25,111,119,3,45,63
fire_24461771,2020-09-24,1,6312,6296,106,119,78,28,91,106,2,29,60
fire_24461771,2020-09-25,1,2948,2923,61,106,41,20,86,61,8,15,63
fire_24461771,2020-09-26,1,2886,2863,35,61,28,7,54,35,0,13,41
fire_24461771,2020-09-27,1,2198,2144,18,35,15,3,32,18,0,2,30
fire_24461771,2020-09-28,1,2467,2456,2,18,2,0,18,2,0,9,9
fire_24461771,2020-09-29,1,2085,2019,0,2,0,0,2,0,0,1,1
fire_24461771,2020-09-30,1,1098,1066,4,0,4,0,0,4,0,0,0
fire_24461771,2020-10-01,1,1219,1156,33,4,30,3,1,33,0,1,0
fire_24461771,2020-10-02,1,633,567,3,33,3,0,33,3,0,6,27
fire_24461780,2020-09-05,0,462,396,0,0,0,0,0,0,0,0,0
fire_24461780,2020-09-06,1,1601,1588,0,0,0,0,0,0,0,0,0
fire_24461780,2020-09-07,1,1335,1276,0,0,0,0,0,0,0,0,0
fire_24461780,2020-09-08,1,1857,1815,118,0,118,0,0,118,0,0,0
fire_24461780,2020-09-09,1,1386,1378,61,118,47,14,104,61,0,14,90
fire_24461780,2020-09-10,1,1491,1444,0,61,0,0,61,0,8,19,34
fire_24461780,2020-09-11,1,1999,1962,92,0,92,0,0,92,0,0,0
fire_24461780,2020-09-12,1,2728,2709,65,92,40,25,67,65,4,3,60
fire_24461780,2020-09-13,1,2380,2359,54,65,27,27,38,54,3,15,20
fire_24461780,2020-09-14,1,2070,2062,62,54,37,25,29,62,0,6,23
fire_24461780,2020-09-15,1,1620,1556,97,62,90,7,55,97,6,25,24
fire_24461780,2020-09-16,1,1301,1239,125,97,79,46,51,125,9,23,19
fire_24461780,2020-09-17,1,1666,1613,108,125,68,40,85,108,5,28,52
fire_24461780,2020-09-18,1,2150,2100,101,108,61,40,68,101,10,29,29
fire_24461780,2020-09-19,1,2136,2100,84,101,74,10,91,84,6,19,66
fire_24461780,2020-09-20,1,1817,1799,73,84,48,25,59,73,4,20,35
fire_24461780,2020-09-21,1,1660,1657,58,73,43,15,58,58,0,5,53
fire_24461780,2020-09-22,1,1982,1972,34,58,24,10,48,34,4,2,42
fire_24461780,2020-09-23,1,1261,1261,13,34,9,4,30,13,0,5,25
fire_24461780,2020-09-24,1,1423,1418,16,13,15,1,12,16,0,2,10
fire_24461780,2020-09-25,1,918,852,0,16,0,0,16,0,0,16,0
fire_24461780,2020-09-26,1,927,913,18,0,18,0,0,18,0,0,0
fire_24461780,2020-09-27,1,863,822,10,18,9,1,17,10,0,0,17
fire_24461780,2020-09-28,1,1243,1236,0,10,0,0,10,0,2,1,7
fire_24461780,2020-09-29,1,1690,1680,0,0,0,0,0,0,0,0,0
fire_24461785,2020-09-26,0,550,524,0,0,0,0,0,0,0,0,0
fire_24461785,2020-09-27,1,1303,1240,49,0,49,0,0,49,0,0,0
fire_24461785,2020-09-28,1,1113,1110,21,49,20,1,48,21,0,18,30
fire_24461785,2020-09-29,1,681,615,27,21,24,3,18,27,0,11,7
fire_24461789,2020-09-28,0,610,593,27,0,27,0,0,27,0,0,0
fire_24461789,2020-09-29,1,670,649,36,27,25,11,16,36,0,13,3
fire_24461789,2020-09-30,1,780,747,51,36,35,16,20,51,3,12,5
fire_24461789,2020-10-01,1,873,846,81,51,57,24,27,81,7,11,9
fire_24461789,2020-10-02,1,1016,977,93,81,67,26,55,93,14,34,7
fire_24461789,2020-10-03,1,1235,1181,115,93,89,26,67,115,11,41,15
fire_24461789,2020-10-04,1,1301,1252,129,115,93,36,79,129,4,37,38
fire_24461789,2020-10-05,1,1526,1485,166,129,137,29,100,166,8,60,32
fire_24461789,2020-10-06,1,1658,1619,173,166,116,57,109,173,8,63,38
fire_24461789,2020-10-07,1,1776,1759,187,173,138,49,124,187,2,67,55
fire_24461789,2020-10-08,1,2029,1988,210,187,155,55,132,210,9,62,61
fire_24461789,2020-10-09,1,2169,2135,253,210,192,61,149,253,7,78,64
fire_24461789,2020-10-10,1,2304,2259,242,253,166,76,177,242,7,40,130
fire_24461789,2020-10-11,1,2341,2323,198,242,126,72,170,198,4,49,117
fire_24461789,2020-10-12,1,2460,2437,154,198,95,59,139,154,4,33,102
fire_24461789,2020-10-13,1,1843,1815,0,154,0,0,154,0,5,34,115
fire_24461789,2020-10-14,1,2284,2243,116,0,116,0,0,116,0,0,0
fire_24461789,2020-10-15,1,2313,2305,145,116,104,41,75,145,3,34,38
fire_24461789,2020-10-16,1,2301,2294,127,145,82,45,100,127,0,30,70
fire_24461789,2020-10-17,1,2140,2119,98,127,63,35,92,98,0,26,66
fire_24461789,2020-10-18,1,1530,1486,48,98,35,13,85,48,0,20,65
fire_24461789,2020-10-19,1,741,690,34,48,29,5,43,34,4,27,12
fire_24461899,2020-09-08,0,11101,11057,0,0,0,0,0,0,0,0,0
fire_24461899,2020-09-09,1,15137,15108,19,0,19,0,0,19,0,0,0
fire_24461899,2020-09-10,1,8423,8414,0,19,0,0,19,0,0,12,7
fire_24461899,2020-09-11,1,3223,3157,0,0,0,0,0,0,0,0,0
fire_24461899,2020-09-12,1,2001,1935,20,0,20,0,0,20,0,0,0
fire_24461899,2020-09-13,1,1263,1197,8,20,5,3,17,8,0,5,12
fire_24461930,2020-09-08,0,8612,8563,0,0,0,0,0,0,0,0,0
fire_24461930,2020-09-09,1,11570,11540,12,0,12,0,0,12,0,0,0
fire_24461930,2020-09-10,1,5669,5603,0,12,0,0,12,0,0,10,2
fire_24461930,2020-09-11,1,1575,1509,0,0,0,0,0,0,0,0,0
fire_24461930,2020-09-12,1,1357,1291,5,0,5,0,0,5,0,0,0
fire_24461930,2020-09-13,1,782,716,2,5,2,0,5,2,0,5,0
fire_24461965,2020-09-08,0,8398,8367,0,0,0,0,0,0,0,0,0
fire_24461965,2020-09-09,1,11229,11201,0,0,0,0,0,0,0,0,0
fire_24461965,2020-09-10,1,5870,5804,0,0,0,0,0,0,0,0,0
fire_24461965,2020-09-11,1,1216,1150,0,0,0,0,0,0,0,0,0
fire_24461965,2020-09-12,1,961,895,4,0,4,0,0,4,0,0,0
fire_24461996,2020-09-08,0,1426,1374,0,0,0,0,0,0,0,0,0
fire_24461996,2020-09-09,1,5977,5934,0,0,0,0,0,0,0,0,0
fire_24461996,2020-09-10,1,3517,3451,0,0,0,0,0,0,0,0,0
fire_24461996,2020-09-11,1,578,512,0,0,0,0,0,0,0,0,0
fire_24462033,2020-09-02,0,66,0,0,0,0,0,0,0,0,0,0
fire_24462033,2020-09-05,3,462,396,0,0,0,0,0,0,0,0,0
fire_24462033,2020-09-07,2,66,0,0,0,0,0,0,0,0,0,0
fire_24462033,2020-09-08,1,1878,1821,0,0,0,0,0,0,0,0,0
fire_24462033,2020-09-09,1,1863,1851,0,0,0,0,0,0,0,0,0
fire_24462033,2020-09-10,1,499,433,0,0,0,0,0,0,0,0,0
fire_24462033,2020-09-11,1,482,416,0,0,0,0,0,0,0,0,0
fire_24462033,2020-09-12,1,462,396,0,0,0,0,0,0,0,0,0
fire_24462033,2020-09-13,1,550,484,0,0,0,0,0,0,0,0,0
fire_24462088,2020-09-06,0,954,888,0,0,0,0,0,0,0,0,0
fire_24462088,2020-09-08,2,1072,1006,0,0,0,0,0,0,0,0,0
fire_24462088,2020-09-09,1,1464,1398,0,0,0,0,0,0,0,0,0
fire_24462127,2020-09-29,0,2229,2163,0,0,0,0,0,0,0,0,0
fire_24462127,2020-09-30,1,2762,2696,0,0,0,0,0,0,0,0,0
fire_24462127,2020-10-01,1,2307,2241,0,0,0,0,0,0,0,0,0
fire_24462127,2020-10-02,1,3033,2967,0,0,0,0,0,0,0,0,0
fire_24462127,2020-10-03,1,1196,1130,0,0,0,0,0,0,0,0,0
fire_24462127,2020-10-06,3,4420,4354,0,0,0,0,0,0,0,0,0
fire_24462127,2020-10-08,2,5962,5896,0,0,0,0,0,0,0,0,0
fire_24462212,2020-09-09,0,2351,2287,124,0,124,0,0,124,0,0,0
fire_24462212,2020-09-10,1,1785,1719,26,124,20,6,118,26,1,77,40
fire_24462212,2020-09-11,1,1990,1929,15,26,15,0,26,15,0,15,11
fire_24462212,2020-09-12,1,2360,2294,74,15,74,0,15,74,0,1,14
fire_24462212,2020-09-13,1,1946,1920,52,74,42,10,64,52,5,9,50
fire_24462212,2020-09-14,1,1502,1495,56,52,48,8,44,56,0,21,23
fire_24462233,2020-09-03,0,643,639,16,0,16,0,0,16,0,0,0
fire_24462233,2020-09-04,1,792,765,28,16,18,10,6,28,2,3,1
fire_24462233,2020-09-05,1,845,820,47,28,38,9,19,47,1,7,11
fire_24462233,2020-09-06,1,978,943,41,47,30,11,36,41,11,12,13
fire_24462233,2020-09-07,1,996,969,15,41,5,10,31,15,1,10,20
fire_24462233,2020-09-08,1,1040,974,0,15,0,0,15,0,0,1,14
fire_24462233,2020-09-09,1,454,411,1,0,1,0,0,1,0,0,0
fire_24462233,2020-09-10,1,1000,997,0,1,0,0,1,0,0,0,1
fire_24462233,2020-09-11,1,906,887,22,0,22,0,0,22,0,0,0
fire_24462233,2020-09-12,1,1071,1060,62,22,55,7,15,62,1,4,10
fire_24462233,2020-09-13,1,1135,1100,47,62,35,12,50,47,9,13,28
fire_24462233,2020-09-14,1,1166,1141,56,47,44,12,35,56,7,5,23
fire_24462233,2020-09-15,1,1260,1194,73,56,66,7,49,73,0,10,39
fire_24462233,2020-09-16,1,1417,1351,137,73,106,31,42,137,0,26,16
fire_24462233,2020-09-17,1,1753,1737,126,137,70,56,81,126,3,30,48
fire_24462233,2020-09-18,1,1820,1795,141,126,81,60,66,141,5,19,42
fire_24462233,2020-09-19,1,2017,1951,0,141,0,0,141,0,0,22,119
fire_24462243,2020-09-07,0,462,396,8,0,8,0,0,8,0,0,0
fire_24462243,2020-09-09,2,1280,1214,0,0,0,0,0,0,0,0,0
fire_24462263,2020-09-04,0,968,902,0,0,0,0,0,0,0,0,0
fire_24462263,2020-09-05,1,965,943,0,0,0,0,0,0,0,0,0
fire_24462263,2020-09-06,1,1107,1072,48,0,48,0,0,48,0,0,0
fire_24462263,2020-09-07,1,1322,1291,20,48,19,1,47,20,12,20,15
fire_24462263,2020-09-08,1,1374,1354,0,20,0,0,20,0,0,4,16
fire_24462263,2020-09-09,1,9883,9819,414,0,414,0,0,414,0,0,0
fire_24462263,2020-09-10,1,15460,15404,713,414,698,15,399,713,0,313,86
fire_24462263,2020-09-11,1,17910,17859,441,713,392,49,664,441,8,148,508
fire_24462263,2020-09-12,1,18885,18849,346,441,308,38,403,346,0,63,340
fire_24462263,2020-09-13,1,12801,12748,462,346,385,77,269,462,11,88,170
fire_24462263,2020-09-14,1,11227,11167,587,462,442,145,317,587,6,104,207
fire_24462263,2020-09-15,1,6829,6766,299,587,226,73,514,299,3,175,336
fire_24462263,2020-09-16,1,7010,6944,0,299,0,0,299,0,0,110,189
fire_24462263,2020-09-17,1,9600,9535,95,0,95,0,0,95,0,0,0
fire_24462263,2020-09-18,1,6774,6708,10,95,9,1,94,10,0,10,84
fire_24462263,2020-09-19,1,1666,1600,0,10,0,0,10,0,0,2,8
fire_24462263,2020-09-21,2,66,0,0,0,0,0,0,0,0,0,0
fire_24462263,2020-09-22,1,462,396,0,0,0,0,0,0,0,0,0
fire_24462263,2020-09-23,1,462,396,0,0,0,0,0,0,0,0,0
fire_24462263,2020-10-01,8,497,431,0,0,0,0,0,0,0,0,0
fire_24462263,2020-10-02,1,512,446,0,0,0,0,0,0,0,0,0
fire_24462263,2020-10-03,1,545,479,0,0,0,0,0,0,0,0,0
fire_24462306,2020-09-09,0,902,836,0,0,0,0,0,0,0,0,0
fire_24462306,2020-09-10,1,1166,1100,0,0,0,0,0,0,0,0,0
fire_24462306,2020-09-11,1,1121,1055,0,0,0,0,0,0,0,0,0
fire_24462335,2020-09-08,0,528,462,8,0,8,0,0,8,0,0,0
fire_24462335,2020-09-09,1,2062,2023,0,8,0,0,8,0,0,2,6
fire_24462335,2020-09-10,1,2574,2515,0,0,0,0,0,0,0,0,0
fire_24462335,2020-09-11,1,2294,2287,186,0,186,0,0,186,0,0,0
fire_24462335,2020-09-12,1,1636,1601,127,186,83,44,142,127,6,48,88
fire_24462335,2020-09-13,1,1744,1710,134,127,96,38,89,134,7,32,50
fire_24462335,2020-09-14,1,1267,1245,120,134,80,40,94,120,10,34,50
fire_24462335,2020-09-15,1,3786,3722,298,120,282,16,104,298,10,63,31
fire_24462335,2020-09-16,1,2601,2543,400,298,359,41,257,400,2,145,110
fire_24462335,2020-09-17,1,2961,2907,457,400,339,118,282,457,5,72,205
fire_24462335,2020-09-18,1,3555,3519,432,457,281,151,306,432,7,92,207
fire_24462335,2020-09-19,1,3435,3432,9,432,6,3,429,9,1,75,353
fire_24462335,2020-09-20,1,2418,2417,35,9,35,0,9,35,0,1,8
fire_24462335,2020-09-21,1,2332,2272,130,35,120,10,25,130,0,16,9
fire_24462335,2020-09-22,1,2582,2516,242,130,191,51,79,242,0,24,55
fire_24462335,2020-09-23,1,2731,2708,223,242,149,74,168,223,1,71,96
fire_24462335,2020-09-24,1,2027,1983,184,223,127,57,166,184,3,64,99
fire_24462335,2020-09-25,1,2482,2416,92,184,65,27,157,92,0,30,127
fire_24462335,2020-09-30,5,497,431,0,0,0,0,0,0,0,0,0
fire_24462335,2020-10-01,1,858,792,0,0,0,0,0,0,0,0,0
fire_24462335,2020-10-02,1,853,787,0,0,0,0,0,0,0,0,0
fire_24462488,2020-09-05,0,284,218,0,0,0,0,0,0,0,0,0
fire_24462488,2020-09-09,4,3624,3570,0,0,0,0,0,0,0,0,0
fire_24462488,2020-09-10,1,5528,5462,35,0,35,0,0,35,0,0,0
fire_24462488,2020-09-11,1,7431,7375,30,35,30,0,35,30,10,20,5
fire_24462488,2020-09-12,1,7882,7830,221,30,219,2,28,221,4,22,2
fire_24462488,2020-09-13,1,7056,7026,117,221,76,41,180,117,1,48,131
fire_24462488,2020-09-14,1,6157,6156,145,117,111,34,83,145,0,28,55
fire_24462488,2020-09-15,1,5709,5685,56,145,46,10,135,56,4,30,101
fire_24462488,2020-09-16,1,5503,5498,3,56,1,2,54,3,0,13,41
fire_24462488,2020-09-17,1,5505,5466,0,3,0,0,3,0,0,0,3
fire_24462488,2020-09-18,1,5665,5663,0,0,0,0,0,0,0,0,0
fire_24462488,2020-09-19,1,893,827,0,0,0,0,0,0,0,0,0
fire_24462488,2020-09-24,5,462,396,0,0,0,0,0,0,0,0,0
fire_24462488,2020-09-30,6,482,416,0,0,0,0,0,0,0,0,0
fire_24462488,2020-10-01,1,254,188,0,0,0,0,0,0,0,0,0
fire_24462604,2020-09-05,0,512,446,11,0,11,0,0,11,0,0,0
fire_24462604,2020-09-06,1,462,396,8,11,5,3,8,8,0,0,8
fire_24462604,2020-09-07,1,462,396,7,8,5,2,6,7,0,2,4
fire_24462604,2020-09-08,1,690,647,72,7,72,0,7,72,0,7,0
fire_24462604,2020-09-09,1,870,817,0,72,0,0,72,0,10,26,36
fire_24462604,2020-09-10,1,856,836,53,0,53,0,0,53,0,0,0
fire_24462604,2020-09-11,1,1342,1321,78,53,57,21,32,78,5,8,19
fire_24462604,2020-09-12,1,1008,984,65,78,40,25,53,65,7,18,28
fire_24462604,2020-09-13,1,1018,1009,60,65,34,26,39,60,1,5,33
fire_24462604,2020-09-14,1,596,578,30,60,17,13,47,30,4,3,40
fire_24462604,2020-09-15,1,1312,1287,77,30,64,13,17,77,7,6,4
fire_24462604,2020-09-16,1,1252,1242,57,77,35,22,55,57,0,6,49
fire_24462604,2020-09-17,1,1219,1219,36,57,32,4,53,36,0,4,49
fire_24462610,2020-09-09,0,3242,3188,250,0,250,0,0,250,0,0,0
fire_24462610,2020-09-10,1,3320,3266,83,250,80,3,247,83,0,198,49
fire_24462610,2020-09-11,1,5169,5105,48,83,46,2,81,48,20,46,15
fire_24462610,2020-09-12,1,5823,5778,241,48,237,4,44,241,0,27,17
fire_24462610,2020-09-13,1,4761,4721,210,241,163,47,194,210,6,30,158
fire_24462610,2020-09-14,1,4499,4497,162,210,111,51,159,162,0,43,116
fire_24462610,2020-09-15,1,4322,4288,139,162,109,30,132,139,6,32,94
fire_24462610,2020-09-16,1,5145,5118,169,139,123,46,93,169,4,52,37
fire_24462610,2020-09-17,1,4956,4927,51,169,31,20,149,51,5,41,103
fire_24462610,2020-09-18,1,4154,4131,0,51,0,0,51,0,0,5,46
fire_24462610,2020-09-22,4,462,396,0,0,0,0,0,0,0,0,0
fire_24462691,2020-09-10,0,1528,1473,60,0,60,0,0,60,0,0,0
fire_24462691,2020-09-11,1,1156,1094,70,60,43,27,33,70,2,12,19
fire_24462691,2020-09-12,1,1195,1172,125,70,93,32,38,125,3,15,20
fire_24462691,2020-09-13,1,1213,1194,126,125,82,44,81,126,4,20,57
fire_24462691,2020-09-14,1,1315,1264,142,126,101,41,85,142,25,7,53
fire_24462691,2020-09-15,1,1405,1340,117,142,68,49,93,117,20,27,46
fire_24462691,2020-09-16,1,1460,1398,160,117,108,52,65,160,3,40,22
fire_24462691,2020-09-17,1,1465,1408,158,160,78,80,80,158,4,27,49
fire_24462691,2020-09-18,1,1352,1327,121,158,74,47,111,121,7,12,92
fire_24462691,2020-09-19,1,717,651,0,121,0,0,121,0,0,18,103
fire_24462753,2020-09-09,0,671,642,0,0,0,0,0,0,0,0,0
fire_24462753,2020-09-10,1,877,813,37,0,37,0,0,37,0,0,0
fire_24462753,2020-09-11,1,1069,1021,65,37,56,9,28,65,6,20,2
fire_24462753,2020-09-12,1,1149,1092,107,65,92,15,50,107,6,12,32
fire_24462753,2020-09-13,1,1369,1318,142,107,136,6,101,142,17,59,25
fire_24462753,2020-09-14,1,1848,1783,179,142,173,6,136,179,17,80,39
fire_24462753,2020-09-15,1,2240,2191,222,179,198,24,155,222,9,42,104
fire_24462753,2020-09-16,1,2421,2355,197,222,175,22,200,197,9,68,123
fire_24462753,2020-09-17,1,2315,2271,121,197,87,34,163,121,5,43,115
fire_24462753,2020-09-18,1,1848,1805,126,121,84,42,79,126,10,32,37
fire_24462753,2020-09-19,1,1589,1546,93,126,80,13,113,93,5,13,95
fire_24462753,2020-09-20,1,803,759,33,93,29,4,89,33,3,30,56
fire_24462753,2020-09-21,1,725,659,32,33,24,8,25,32,0,3,22
fire_24462753,2020-09-22,1,734,668,33,32,15,18,14,33,0,10,4
fire_24462753,2020-09-23,1,675,624,33,33,23,10,23,33,0,2,21
fire_24462753,2020-09-24,1,521,455,13,33,10,3,30,13,0,1,29
fire_24462753,2020-09-25,1,575,509,16,13,13,3,10,16,0,7,3
fire_24462753,2020-09-27,2,462,396,0,0,0,0,0,0,0,0,0
fire_24462753,2020-10-01,4,482,416,0,0,0,0,0,0,0,0,0
fire_24462764,2020-09-09,0,1444,1379,17,0,17,0,0,17,0,0,0
fire_24462764,2020-09-10,1,1819,1766,136,17,131,5,12,136,2,8,2
fire_24462764,2020-09-11,1,1349,1324,102,136,64,38,98,102,0,18,80
fire_24462764,2020-09-12,1,862,861,34,102,24,10,92,34,0,8,84
fire_24462764,2020-09-13,1,770,768,14,34,9,5,29,14,0,2,27
fire_24462788,2020-09-14,0,1027,977,122,0,122,0,0,122,0,0,0
fire_24462788,2020-09-15,1,1738,1674,241,122,224,17,105,241,0,67,38
fire_24462788,2020-09-16,1,2309,2271,334,241,289,45,196,334,4,87,105
fire_24462788,2020-09-17,1,2050,1984,189,334,157,32,302,189,25,74,203
fire_24462788,2020-09-18,1,2584,2520,160,189,139,21,168,160,22,55,91
fire_24462788,2020-09-19,1,1851,1795,17,160,16,1,159,17,0,47,112
fire_24462788,2020-09-20,1,998,932,3,17,3,0,17,3,0,17,0
fire_24462788,2020-09-21,1,462,396,6,3,6,0,3,6,0,0,3
fire_24462788,2020-09-22,1,807,792,8,6,8,0,6,8,0,6,0
fire_24462788,2020-09-23,1,1305,1288,55,8,53,2,6,55,0,2,4
fire_24462788,2020-09-24,1,895,891,28,55,19,9,46,28,3,7,36
fire_24462788,2020-09-25,1,1217,1166,77,28,69,8,20,77,0,5,15
fire_24462788,2020-09-26,1,532,493,18,77,11,7,70,18,0,37,33
fire_24462788,2020-09-30,4,777,756,31,0,31,0,0,31,0,0,0
fire_24462788,2020-10-01,1,654,588,27,31,14,13,18,27,0,10,8
fire_24462788,2020-10-02,1,902,836,0,27,0,0,27,0,0,4,23
fire_24462819,2020-09-18,0,505,439,11,0,11,0,0,11,0,0,0
fire_24462819,2020-09-19,1,636,570,23,11,21,2,9,23,0,9,0
fire_24462819,2020-09-20,1,1280,1222,57,23,57,0,23,57,0,10,13
fire_24462819,2020-09-21,1,1464,1441,53,57,51,2,55,53,5,15,35
fire_24462819,2020-09-22,1,1462,1423,142,53,116,26,27,142,2,14,11
fire_24462819,2020-09-23,1,1589,1523,7,142,7,0,142,7,0,48,94
fire_24462819,2020-09-24,1,1553,1530,78,7,77,1,6,78,0,4,2
fire_24462819,2020-09-25,1,1887,1859,76,78,66,10,68,76,8,29,31
fire_24462819,2020-09-26,1,2470,2410,45,76,43,2,74,45,9,34,31
fire_24462819,2020-09-27,1,4342,4287,18,45,18,0,45,18,0,17,28
fire_24462819,2020-09-28,1,4390,4384,0,18,0,0,18,0,0,12,6
fire_24462819,2020-09-29,1,3383,3382,33,0,33,0,0,33,0,0,0
fire_24462819,2020-09-30,1,4936,4881,15,33,12,3,30,15,2,10,18
fire_24462819,2020-10-01,1,5539,5488,102,15,100,2,13,102,0,9,4
fire_24462819,2020-10-02,1,6052,6001,87,102,80,7,95,87,0,34,61
fire_24462819,2020-10-03,1,6364,6330,76,87,70,6,81,76,2,23,56
fire_24462819,2020-10-04,1,5728,5673,0,76,0,0,76,0,0,32,44
fire_24462819,2020-10-05,1,7246,7189,52,0,52,0,0,52,0,0,0
fire_24462819,2020-10-06,1,7185,7136,9,52,9,0,52,9,0,12,40
fire_24462819,2020-10-07,1,7201,7137,1,9,1,0,9,1,0,0,9
fire_24462819,2020-10-08,1,7196,7171,9,1,9,0,1,9,0,0,1
fire_24462819,2020-10-09,1,7434,7422,0,9,0,0,9,0,0,2,7
fire_24462819,2020-10-10,1,6637,6571,0,0,0,0,0,0,0,0,0
fire_24462819,2020-10-11,1,5936,5884,0,0,0,0,0,0,0,0,0
fire_24462819,2020-10-12,1,5094,5034,0,0,0,0,0,0,0,0,0
fire_24462819,2020-10-13,1,66,0,0,0,0,0,0,0,0,0,0
fire_24462819,2020-10-14,1,1368,1354,0,0,0,0,0,0,0,0,0
fire_24462819,2020-10-15,1,2880,2814,0,0,0,0,0,0,0,0,0
fire_24462847,2020-09-04,0,1328,1298,76,0,76,0,0,76,0,0,0
fire_24462847,2020-09-05,1,1451,1385,53,76,27,26,50,53,0,26,24
fire_24462847,2020-09-06,1,1859,1794,10,53,7,3,50,10,6,18,26
fire_24462847,2020-09-07,1,4384,4324,301,10,301,0,10,301,0,2,8
fire_24462847,2020-09-08,1,5236,5180,4,301,3,1,300,4,0,191,109
fire_24462847,2020-09-15,7,508,442,12,0,12,0,0,12,0,0,0
fire_24462847,2020-09-16,1,517,451,13,12,7,6,6,13,0,4,2
fire_24462847,2020-09-17,1,527,464,12,13,5,7,6,12,0,2,4
fire_24462847,2020-09-18,1,507,506,18,12,10,8,4,18,1,2,1
fire_24462847,2020-09-19,1,500,498,5,18,4,1,17,5,1,4,12
fire_24462847,2020-09-21,2,1177,1134,26,0,26,0,0,26,0,0,0
fire_24462847,2020-09-22,1,1113,1058,21,26,20,1,25,21,7,6,12
fire_24462847,2020-09-23,1,763,762,24,21,23,1,20,24,0,0,20
fire_24462847,2020-09-24,1,1106,1099,3,24,0,3,21,3,0,0,21
fire_24462847,2020-09-25,1,2205,2196,18,3,15,3,0,18,0,0,0
fire_24462847,2020-09-26,1,2845,2813,27,18,20,7,11,27,5,3,3
fire_24462847,2020-09-27,1,6385,6322,3,27,3,0,27,3,0,12,15
fire_24462847,2020-09-28,1,3305,3240,5,3,5,0,3,5,0,1,2
fire_24462847,2020-09-29,1,1221,1178,3,5,3,0,5,3,0,5,0
fire_24462847,2020-09-30,1,3185,3119,39,3,39,0,3,39,0,3,0
fire_24462847,2020-10-01,1,4663,4597,135,39,120,15,24,135,0,18,6
fire_24462847,2020-10-02,1,2832,2766,82,135,63,19,116,82,0,26,90
fire_24462847,2020-10-03,1,2811,2800,20,82,14,6,76,20,0,19,57
fire_24462847,2020-10-04,1,1262,1196,0,20,0,0,20,0,0,20,0
fire_24462847,2020-10-05,1,2567,2545,0,0,0,0,0,0,0,0,0
fire_24462847,2020-10-06,1,3880,3842,46,0,46,0,0,46,0,0,0
fire_24462847,2020-10-07,1,4701,4682,0,46,0,0,46,0,0,2,44
fire_24462847,2020-10-08,1,5507,5495,0,0,0,0,0,0,0,0,0
fire_24462847,2020-10-09,1,4923,4900,0,0,0,0,0,0,0,0,0
fire_24462847,2020-10-10,1,4000,3936,0,0,0,0,0,0,0,0,0
fire_24462847,2020-10-11,1,3235,3183,0,0,0,0,0,0,0,0,0
fire_24462847,2020-10-12,1,4742,4676,0,0,0,0,0,0,0,0,0
fire_24462867,2020-09-08,0,733,676,5,0,5,0,0,5,0,0,0
fire_24462867,2020-09-10,2,462,396,0,0,0,0,0,0,0,0,0
fire_24462867,2020-09-13,3,430,416,8,0,8,0,0,8,0,0,0
fire_24462867,2020-09-14,1,700,678,40,8,39,1,7,40,4,1,2
fire_24462867,2020-09-15,1,845,824,54,40,35,19,21,54,5,12,4
fire_24462867,2020-09-16,1,934,903,78,54,42,36,18,78,5,9,4
fire_24462867,2020-09-17,1,1011,960,65,78,38,27,51,65,16,16,19
fire_24462867,2020-09-18,1,967,914,58,65,28,30,35,58,7,11,17
fire_24462867,2020-09-19,1,1054,1013,82,58,47,35,23,82,1,11,11
fire_24462867,2020-09-20,1,1018,952,21,82,10,11,71,21,0,5,66
fire_24462867,2020-09-21,1,753,687,4,21,4,0,21,4,0,11,10
fire_24462867,2020-09-22,1,979,968,56,4,52,4,0,56,0,0,0
fire_24462867,2020-09-23,1,995,978,57,56,36,21,35,57,1,13,21
fire_24462867,2020-09-24,1,793,781,37,57,26,11,46,37,0,3,43
fire_24462867,2020-09-25,1,1103,1086,77,37,68,9,28,77,5,23,0
fire_24462867,2020-09-26,1,1188,1161,47,77,17,30,47,47,4,26,17
fire_24462867,2020-09-27,1,1187,1161,16,47,15,1,46,16,0,14,32
fire_24462867,2020-09-28,1,653,587,0,16,0,0,16,0,0,0,16
fire_24462867,2020-09-29,1,1089,1087,6,0,6,0,0,6,0,0,0
fire_24462867,2020-09-30,1,1114,1048,24,6,24,0,6,24,0,3,3
fire_24462867,2020-10-01,1,1206,1140,4,24,3,1,23,4,0,7,16
fire_24462867,2020-10-02,1,1781,1715,52,4,51,1,3,52,0,3,0
fire_24462867,2020-10-03,1,2128,2110,62,52,53,9,43,62,0,4,39
fire_24462867,2020-10-04,1,2041,1975,0,62,0,0,62,0,0,27,35
fire_24462867,2020-10-05,1,2238,2172,0,0,0,0,0,0,0,0,0
fire_24462867,2020-10-06,1,2070,2048,23,0,23,0,0,23,0,0,0
fire_24462867,2020-10-07,1,2277,2257,0,23,0,0,23,0,0,8,15
fire_24462867,2020-10-08,1,2068,2042,0,0,0,0,0,0,0,0,0
fire_24462867,2020-10-09,1,2209,2156,9,0,9,0,0,9,0,0,0
fire_24462867,2020-10-10,1,2739,2676,0,9,0,0,9,0,0,3,6
fire_24462867,2020-10-11,1,2618,2578,10,0,10,0,0,10,0,0,0
fire_24462867,2020-10-12,1,648,582,0,10,0,0,10,0,0,10,0
fire_24462867,2020-10-13,1,1014,948,0,0,0,0,0,0,0,0,0
fire_24462882,2020-09-07,0,4384,4324,303,0,303,0,0,303,0,0,0
fire_24462882,2020-09-08,1,5437,5378,2,303,2,0,303,2,0,190,113
fire_24462882,2020-09-15,7,508,442,12,0,12,0,0,12,0,0,0
fire_24462882,2020-09-16,1,517,451,13,12,7,6,6,13,0,4,2
fire_24462882,2020-09-17,1,530,464,4,13,1,3,10,4,0,2,8
fire_24462882,2020-09-18,1,572,506,18,4,15,3,1,18,0,1,0
fire_24462882,2020-09-19,1,502,498,1,18,1,0,18,1,0,5,13
fire_24462882,2020-09-21,2,1180,1134,28,0,28,0,0,28,0,0,0
fire_24462882,2020-09-22,1,1114,1058,3,28,3,0,28,3,5,9,14
fire_24462912,2020-09-07,0,928,867,20,0,20,0,0,20,0,0,0
fire_24462912,2020-09-08,1,1203,1158,59,20,58,1,19,59,0,0,19
fire_24462912,2020-09-09,1,487,431,0,59,0,0,59,0,0,28,31
fire_24462912,2020-09-13,4,462,396,0,0,0,0,0,0,0,0,0
fire_24462912,2020-09-14,1,481,479,16,0,16,0,0,16,0,0,0
fire_24462912,2020-09-15,1,486,484,19,16,8,11,5,19,0,2,3
fire_24462912,2020-09-16,1,873,873,19,19,16,3,16,19,0,6,10
fire_24462912,2020-09-17,1,396,396,0,19,0,0,19,0,0,1,18
fire_24463162,2020-09-08,0,1948,1889,0,0,0,0,0,0,0,0,0
fire_24463162,2020-09-09,1,2689,2647,11,0,11,0,0,11,0,0,0
fire_24463162,2020-09-10,1,2501,2483,0,11,0,0,11,0,0,0,11
fire_24463162,2020-09-11,1,2604,2596,0,0,0,0,0,0,0,0,0
fire_24463162,2020-09-12,1,2302,2287,178,0,178,0,0,178,0,0,0
fire_24463162,2020-09-13,1,2138,2079,129,178,77,52,126,129,3,23,100
fire_24463162,2020-09-14,1,1380,1380,72,129,44,28,101,72,0,34,67
fire_24463162,2020-09-15,1,405,396,13,72,10,3,69,13,0,33,36
fire_24463162,2020-09-16,1,898,898,45,13,42,3,10,45,0,3,7
fire_24463162,2020-09-17,1,959,959,0,45,0,0,45,0,0,11,34
fire_24463162,2020-09-18,1,963,897,0,0,0,0,0,0,0,0,0
fire_24463172,2020-09-08,0,1948,1889,0,0,0,0,0,0,0,0,0
fire_24463172,2020-09-09,1,2682,2647,12,0,12,0,0,12,0,0,0
fire_24463172,2020-09-10,1,2493,2483,0,12,0,0,12,0,0,0,12
fire_24463172,2020-09-11,1,2608,2596,0,0,0,0,0,0,0,0,0
fire_24463172,2020-09-12,1,2302,2287,178,0,178,0,0,178,0,0,0
fire_24463172,2020-09-13,1,2130,2079,134,178,78,56,122,134,3,23,96
fire_24463172,2020-09-14,1,1380,1380,76,134,45,31,103,76,0,34,69
fire_24463172,2020-09-15,1,409,396,14,76,11,3,73,14,0,33,40
fire_24463172,2020-09-16,1,898,898,47,14,45,2,12,47,0,3,9
fire_24463172,2020-09-17,1,959,959,0,47,0,0,47,0,0,11,36
fire_24463172,2020-09-18,1,898,897,0,0,0,0,0,0,0,0,0
fire_24463172,2020-09-19,1,793,775,21,0,21,0,0,21,0,0,0
fire_24463172,2020-09-22,3,540,474,16,0,16,0,0,16,0,0,0
fire_24463187,2020-09-03,0,1455,1408,0,0,0,0,0,0,0,0,0
fire_24463187,2020-09-04,1,482,416,0,0,0,0,0,0,0,0,0
fire_24463188,2020-09-08,0,1880,1821,0,0,0,0,0,0,0,0,0
fire_24463188,2020-09-09,1,2110,2102,0,0,0,0,0,0,0,0,0
fire_24463188,2020-09-10,1,1384,1318,0,0,0,0,0,0,0,0,0
fire_24463188,2020-09-12,2,462,396,0,0,0,0,0,0,0,0,0
fire_24463190,2020-09-03,0,1012,948,10,0,10,0,0,10,0,0,0
fire_24463206,2020-09-25,0,810,781,20,0,20,0,0,20,0,0,0
fire_24463206,2020-09-26,1,1332,1314,0,20,0,0,20,0,0,2,18
fire_24463211,2020-09-06,0,1222,1193,106,0,106,0,0,106,0,0,0
fire_24463211,2020-09-07,1,1239,1222,113,106,94,19,87,113,2,15,70
fire_24463211,2020-09-08,1,470,444,0,113,0,0,113,0,0,51,62
fire_24463227,2020-09-06,0,767,733,25,0,25,0,0,25,0,0,0
fire_24463227,2020-09-07,1,1412,1347,12,25,12,0,25,12,0,3,22
fire_24463227,2020-09-08,1,526,518,0,12,0,0,12,0,0,9,3
fire_24604426,2020-10-06,0,1231,1170,28,0,28,0,0,28,0,0,0
fire_24604426,2020-10-07,1,736,694,1,28,1,0,28,1,0,11,17
fire_24604435,2020-10-05,0,7813,7768,50,0,50,0,0,50,0,0,0
fire_24604435,2020-10-06,1,8543,8479,50,50,49,1,49,50,0,14,35
fire_24604435,2020-10-07,1,8226,8191,1,50,1,0,50,1,0,16,34
fire_24604435,2020-10-08,1,8760,8722,11,1,11,0,1,11,0,0,1
fire_24604435,2020-10-09,1,7878,7845,4,11,4,0,11,4,0,3,8
fire_24604435,2020-10-10,1,6727,6685,44,4,44,0,4,44,0,0,4
fire_24604435,2020-10-11,1,4702,4655,18,44,1,17,27,18,0,0,27
fire_24604435,2020-10-12,1,3886,3852,19,18,19,0,18,19,0,3,15
fire_24604435,2020-10-13,1,6051,5999,156,19,152,4,15,156,1,7,7
fire_24604435,2020-10-14,1,7753,7700,123,156,89,34,122,123,9,50,63
fire_24604435,2020-10-15,1,6401,6352,0,123,0,0,123,0,7,36,80
fire_24604435,2020-10-16,1,5872,5850,0,0,0,0,0,0,0,0,0
fire_24604435,2020-10-17,1,5617,5603,16,0,16,0,0,16,0,0,0
fire_24604435,2020-10-18,1,5746,5706,49,16,46,3,13,49,0,12,1
fire_24604435,2020-10-19,1,6520,6472,26,49,24,2,47,26,8,17,22
fire_24604435,2020-10-20,1,6534,6480,40,26,37,3,23,40,1,10,12
fire_24604435,2020-10-21,1,4989,4927,2,40,2,0,40,2,0,21,19
fire_24604435,2020-10-22,1,4388,4325,18,2,18,0,2,18,1,1,0
fire_24604435,2020-10-23,1,3490,3449,4,18,4,0,18,4,0,12,6
fire_24604435,2020-10-24,1,4365,4337,3,4,3,0,4,3,1,0,3
fire_24604435,2020-10-25,1,5210,5171,82,3,82,0,3,82,0,1,2
fire_24604456,2020-10-16,0,545,541,31,0,31,0,0,31,0,0,0
fire_24604456,2020-10-17,1,1066,1014,0,31,0,0,31,0,12,6,13
fire_24604456,2020-10-18,1,1180,1149,83,0,83,0,0,83,0,0,0
fire_24604456,2020-10-19,1,637,626,32,83,21,11,72,32,0,13,59
fire_24604456,2020-10-20,1,661,645,46,32,43,3,29,46,6,6,17
fire_24604456,2020-10-21,1,581,568,42,46,22,20,26,42,5,2,19
fire_24604456,2020-10-22,1,515,509,18,42,6,12,30,18,0,3,27
fire_24604456,2020-10-26,4,719,653,0,0,0,0,0,0,0,0,0
fire_24604462,2020-10-27,0,3235,3194,0,0,0,0,0,0,0,0,0
fire_24604462,2020-10-28,1,4467,4424,0,0,0,0,0,0,0,0,0
fire_24604462,2020-10-29,1,1558,1492,0,0,0,0,0,0,0,0,0
fire_24604462,2020-10-30,1,3122,3056,0,0,0,0,0,0,0,0,0
fire_24604462,2020-10-31,1,3073,3007,0,0,0,0,0,0,0,0,0
fire_24604462,2020-11-01,1,1927,1861,0,0,0,0,0,0,0,0,0
fire_24604462,2020-11-02,1,1538,1472,0,0,0,0,0,0,0,0,0
fire_24604463,2020-10-27,0,2223,2183,0,0,0,0,0,0,0,0,0
fire_24604463,2020-10-28,1,4354,4306,0,0,0,0,0,0,0,0,0
fire_24604463,2020-10-29,1,1047,983,0,0,0,0,0,0,0,0,0
fire_24604463,2020-10-30,1,2811,2745,0,0,0,0,0,0,0,0,0
fire_24604463,2020-10-31,1,2755,2689,0,0,0,0,0,0,0,0,0
fire_24604463,2020-11-01,1,1452,1386,0,0,0,0,0,0,0,0,0
fire_24604463,2020-11-02,1,1218,1152,0,0,0,0,0,0,0,0,0
fire_24604676,2020-10-31,0,566,527,0,0,0,0,0,0,0,0,0
fire_24604676,2020-11-01,1,835,818,0,0,0,0,0,0,0,0,0
fire_24604676,2020-11-02,1,444,442,0,0,0,0,0,0,0,0,0
fire_24604676,2020-11-03,1,398,396,0,0,0,0,0,0,0,0,0
fire_24604676,2020-11-04,1,462,396,0,0,0,0,0,0,0,0,0
fire_24604731,2020-11-07,0,462,396,0,0,0,0,0,0,0,0,0
fire_24604754,2020-10-09,0,4424,4380,5,0,5,0,0,5,0,0,0
fire_24604754,2020-10-10,1,2810,2744,0,5,0,0,5,0,0,5,0
fire_24604754,2020-10-11,1,2390,2324,0,0,0,0,0,0,0,0,0
fire_24604754,2020-10-12,1,3649,3583,0,0,0,0,0,0,0,0,0
fire_24604754,2020-10-13,1,497,431,0,0,0,0,0,0,0,0,0
fire_24604754,2020-10-14,1,662,596,0,0,0,0,0,0,0,0,0
fire_24604754,2020-10-15,1,5482,5416,108,0,108,0,0,108,0,0,0
fire_24604754,2020-10-16,1,2846,2795,11,108,9,2,106,11,10,24,72
fire_24604754,2020-10-17,1,3209,3148,6,11,6,0,11,6,0,1,10
fire_24604754,2020-10-18,1,5884,5826,27,6,27,0,6,27,0,0,6
fire_24604754,2020-10-19,1,2520,2454,12,27,12,0,27,12,0,0,27
fire_24604777,2020-10-17,0,462,396,0,0,0,0,0,0,0,0,0
fire_24604777,2020-10-18,1,518,499,19,0,19,0,0,19,0,0,0
fire_24604777,2020-10-19,1,887,834,48,19,46,2,17,48,0,4,13
fire_24604777,2020-10-20,1,434,416,0,48,0,0,48,0,0,13,35
fire_24604777,2020-10-21,1,510,444,3,0,3,0,0,3,0,0,0
fire_24604783,2020-10-22,0,4729,4675,8,0,8,0,0,8,0,0,0
fire_24604783,2020-10-23,1,7636,7577,11,8,11,0,8,11,0,0,8
fire_24604783,2020-10-24,1,6939,6874,0,11,0,0,11,0,0,0,11
fire_24604783,2020-10-25,1,8122,8056,0,0,0,0,0,0,0,0,0
fire_24604783,2020-11-07,13,442,376,0,0,0,0,0,0,0,0,0
fire_24604832,2020-10-29,0,477,411,0,0,0,0,0,0,0,0,0
fire_24604832,2020-10-30,1,462,396,0,0,0,0,0,0,0,0,0
fire_24604832,2020-10-31,1,462,396,0,0,0,0,0,0,0,0,0
fire_24604832,2020-11-02,2,462,396,0,0,0,0,0,0,0,0,0
fire_24604832,2020-11-03,1,462,396,0,0,0,0,0,0,0,0,0
fire_24604848,2020-10-19,0,1318,1252,5,0,5,0,0,5,0,0,0
fire_24604848,2020-10-20,1,1239,1174,0,5,0,0,5,0,0,5,0
fire_24604848,2020-10-21,1,1126,1117,12,0,12,0,0,12,0,0,0
fire_24604848,2020-10-22,1,1353,1323,39,12,37,2,10,39,7,0,3
fire_24604848,2020-10-23,1,1472,1418,30,39,30,0,39,30,0,12,27
fire_24604848,2020-10-24,1,1281,1247,26,30,22,4,26,26,7,0,19
fire_24604848,2020-10-25,1,1339,1309,16,26,16,0,26,16,0,7,19
fire_24695413,2020-11-12,0,462,396,0,0,0,0,0,0,0,0,0
fire_24695413,2020-11-13,1,3175,3164,0,0,0,0,0,0,0,0,0
fire_24695413,2020-11-15,2,1319,1253,0,0,0,0,0,0,0,0,0
fire_24695413,2020-11-16,1,1658,1592,0,0,0,0,0,0,0,0,0
fire_24695413,2020-11-17,1,1329,1263,0,0,0,0,0,0,0,0,0
fire_24695413,2020-11-20,3,2881,2832,0,0,0,0,0,0,0,0,0
fire_24695413,2020-11-21,1,858,792,0,0,0,0,0,0,0,0,0
fire_24695413,2020-11-22,1,898,832,0,0,0,0,0,0,0,0,0
fire_24695413,2020-11-24,2,3095,3029,0,0,0,0,0,0,0,0,0
fire_24695413,2020-11-25,1,1895,1829,0,0,0,0,0,0,0,0,0
fire_24695413,2020-11-26,1,2746,2680,0,0,0,0,0,0,0,0,0
fire_24695413,2020-11-27,1,532,466,0,0,0,0,0,0,0,0,0
fire_24695413,2020-11-28,1,2893,2827,0,0,0,0,0,0,0,0,0
fire_24695413,2020-11-29,1,2589,2523,0,0,0,0,0,0,0,0,0
fire_24695413,2020-11-30,1,1112,1046,0,0,0,0,0,0,0,0,0
fire_24695430,2020-11-21,0,2971,2905,0,0,0,0,0,0,0,0,0
fire_24695430,2020-11-22,1,3127,3061,0,0,0,0,0,0,0,0,0
fire_24695430,2020-11-23,1,502,436,0,0,0,0,0,0,0,0,0
fire_24695430,2020-11-24,1,4206,4140,0,0,0,0,0,0,0,0,0
fire_24695430,2020-11-25,1,5529,5469,0,0,0,0,0,0,0,0,0
fire_24695430,2020-11-26,1,3261,3238,0,0,0,0,0,0,0,0,0
fire_24695430,2020-11-27,1,878,812,0,0,0,0,0,0,0,0,0
fire_24695430,2020-11-28,1,4602,4551,0,0,0,0,0,0,0,0,0
fire_24695430,2020-11-29,1,2995,2929,0,0,0,0,0,0,0,0,0
fire_24695430,2020-11-30,1,482,416,0,0,0,0,0,0,0,0,0
fire_24695442,2020-11-21,0,2813,2759,0,0,0,0,0,0,0,0,0
fire_24695442,2020-11-22,1,2366,2303,0,0,0,0,0,0,0,0,0
fire_24695442,2020-11-23,1,502,436,0,0,0,0,0,0,0,0,0
fire_24695442,2020-11-24,1,2974,2908,0,0,0,0,0,0,0,0,0
fire_24695442,2020-11-25,1,4884,4819,0,0,0,0,0,0,0,0,0
fire_24695442,2020-11-26,1,1972,1918,0,0,0,0,0,0,0,0,0
fire_24695442,2020-11-27,1,878,812,0,0,0,0,0,0,0,0,0
fire_24695442,2020-11-28,1,4495,4429,0,0,0,0,0,0,0,0,0
fire_24695442,2020-11-29,1,2610,2565,0,0,0,0,0,0,0,0,0
fire_24695442,2020-11-30,1,482,416,0,0,0,0,0,0,0,0,0
fire_24695447,2020-11-20,0,3618,3552,0,0,0,0,0,0,0,0,0
fire_24695447,2020-11-21,1,3238,3189,0,0,0,0,0,0,0,0,0
fire_24695447,2020-11-22,1,2683,2637,0,0,0,0,0,0,0,0,0
fire_24695447,2020-11-23,1,502,436,0,0,0,0,0,0,0,0,0
fire_24695447,2020-11-24,1,3812,3746,0,0,0,0,0,0,0,0,0
fire_24695447,2020-11-25,1,4801,4750,0,0,0,0,0,0,0,0,0
fire_24695447,2020-11-26,1,2306,2264,0,0,0,0,0,0,0,0,0
fire_24695447,2020-11-27,1,878,812,0,0,0,0,0,0,0,0,0
fire_24695447,2020-11-28,1,4484,4418,0,0,0,0,0,0,0,0,0
fire_24695447,2020-11-29,1,2497,2441,0,0,0,0,0,0,0,0,0
fire_24695447,2020-11-30,1,482,416,0,0,0,0,0,0,0,0,0
fire_24695497,2020-11-18,0,786,720,0,0,0,0,0,0,0,0,0
fire_24695497,2020-11-24,6,473,407,0,0,0,0,0,0,0,0,0
fire_24695497,2020-11-25,1,497,431,0,0,0,0,0,0,0,0,0
fire_24695497,2020-12-05,10,497,431,0,0,0,0,0,0,0,0,0
fire_24695532,2020-11-25,0,66,0,0,0,0,0,0,0,0,0,0
fire_24695557,2020-11-26,0,462,396,0,0,0,0,0,0,0,0,0
fire_24695557,2020-11-28,2,508,442,0,0,0,0,0,0,0,0,0
fire_24695566,2020-11-26,0,442,376,0,0,0,0,0,0,0,0,0
fire_24695566,2020-11-28,2,508,442,0,0,0,0,0,0,0,0,0
fire_24695584,2020-11-20,0,66,0,0,0,0,0,0,0,0,0,0
fire_24695584,2020-11-26,6,462,396,0,0,0,0,0,0,0,0,0
fire_24695584,2020-11-28,2,508,442,0,0,0,0,0,0,0,0,0
fire_24695627,2020-12-01,0,786,720,0,0,0,0,0,0,0,0,0
fire_24695627,2020-12-02,1,3946,3904,0,0,0,0,0,0,0,0,0
fire_24695627,2020-12-03,1,2827,2761,0,0,0,0,0,0,0,0,0
fire_24695627,2020-12-04,1,2813,2765,0,0,0,0,0,0,0,0,0
fire_24695627,2020-12-05,1,858,792,0,0,0,0,0,0,0,0,0
fire_24695627,2020-12-06,1,1237,1171,0,0,0,0,0,0,0,0,0
fire_24695627,2020-12-07,1,1274,1223,0,0,0,0,0,0,0,0,0
fire_24695627,2020-12-08,1,1254,1188,0,0,0,0,0,0,0,0,0
fire_24695627,2020-12-09,1,462,396,0,0,0,0,0,0,0,0,0
fire_24695627,2020-12-11,2,1182,1116,0,0,0,0,0,0,0,0,0
fire_24695627,2020-12-12,1,858,792,0,0,0,0,0,0,0,0,0
fire_24695756,2020-11-28,0,454,388,0,0,0,0,0,0,0,0,0
fire_24695756,2020-11-30,2,66,0,0,0,0,0,0,0,0,0,0
fire_24695756,2020-12-01,1,462,396,0,0,0,0,0,0,0,0,0
fire_24695756,2020-12-02,1,2135,2097,0,0,0,0,0,0,0,0,0
fire_24695756,2020-12-03,1,1827,1761,0,0,0,0,0,0,0,0,0
fire_24695756,2020-12-04,1,992,926,0,0,0,0,0,0,0,0,0
fire_24695756,2020-12-05,1,1043,977,0,0,0,0,0,0,0,0,0
fire_24695756,2020-12-06,1,508,442,0,0,0,0,0,0,0,0,0
fire_24695758,2020-11-28,0,566,500,0,0,0,0,0,0,0,0,0
fire_24695758,2020-11-30,2,786,720,0,0,0,0,0,0,0,0,0
fire_24695758,2020-12-01,1,462,396,0,0,0,0,0,0,0,0,0
fire_24695758,2020-12-02,1,2879,2869,0,0,0,0,0,0,0,0,0
fire_24695758,2020-12-03,1,2649,2583,0,0,0,0,0,0,0,0,0
fire_24695758,2020-12-04,1,1784,1718,0,0,0,0,0,0,0,0,0
fire_24695758,2020-12-05,1,1043,977,0,0,0,0,0,0,0,0,0
fire_24695758,2020-12-06,1,508,442,0,0,0,0,0,0,0,0,0
fire_24695963,2020-11-19,0,916,915,0,0,0,0,0,0,0,0,0
fire_24695963,2020-11-20,1,1401,1383,0,0,0,0,0,0,0,0,0
fire_24695963,2020-11-21,1,399,396,0,0,0,0,0,0,0,0,0
fire_24695963,2020-11-25,4,1412,1346,0,0,0,0,0,0,0,0,0
fire_24695970,2020-11-19,0,917,915,0,0,0,0,0,0,0,0,0
fire_24695970,2020-11-20,1,1405,1383,0,0,0,0,0,0,0,0,0
fire_24695970,2020-11-21,1,423,396,0,0,0,0,0,0,0,0,0
fire_24695970,2020-11-25,4,1412,1346,0,0,0,0,0,0,0,0,0
fire_24695970,2020-11-30,5,462,396,0,0,0,0,0,0,0,0,0
fire_24695970,2020-12-03,3,462,396,0,0,0,0,0,0,0,0,0
